# nccl-tests version 2.18.3 nccl-headers=23004 nccl-library=23004
# Collective test starting: all_reduce_perf
# nThread 1 nGpus 8 minBytes 1024 maxBytes 1048576 step: 32(factor) warmup iters: 2 iters: 5 agg iters: 1 validation: 1 graph: 0 unalign: 0
#
# Using devices
#  Rank  0 Group  0 Pid 1341737 on h200-bar-200-075 device  0 [0000:19:00] NVIDIA H200
#  Rank  1 Group  0 Pid 1341737 on h200-bar-200-075 device  1 [0000:2d:00] NVIDIA H200
#  Rank  2 Group  0 Pid 1341737 on h200-bar-200-075 device  2 [0000:3f:00] NVIDIA H200
#  Rank  3 Group  0 Pid 1341737 on h200-bar-200-075 device  3 [0000:66:00] NVIDIA H200
#  Rank  4 Group  0 Pid 1341737 on h200-bar-200-075 device  4 [0000:9b:00] NVIDIA H200
#  Rank  5 Group  0 Pid 1341737 on h200-bar-200-075 device  5 [0000:ae:00] NVIDIA H200
#  Rank  6 Group  0 Pid 1341737 on h200-bar-200-075 device  6 [0000:bf:00] NVIDIA H200
#  Rank  7 Group  0 Pid 1341737 on h200-bar-200-075 device  7 [0000:e4:00] NVIDIA H200
h200-bar-200-075:1341737:1341737 [0] NCCL INFO NCCL version 2.30.4+cuda13.2
h200-bar-200-075:1341737:1341737 [0] NCCL INFO NCCL git version HEAD 747384637
h200-bar-200-075:1341737:1342002 [5] NCCL INFO TUNER/Plugin: Could not find: libnccl-tuner.so
h200-bar-200-075:1341737:1341997 [0] NCCL INFO   Algorithm   |                            Tree                  |                            Ring                  |                   CollNetDirect                  |
h200-bar-200-075:1341737:1341997 [0] NCCL INFO   Protocol    |             LL |          LL128 |         Simple |             LL |          LL128 |         Simple |             LL |          LL128 |         Simple |
h200-bar-200-075:1341737:1341997 [0] NCCL INFO  Max NThreads |            512 |            640 |            512 |            512 |            640 |            512 |              0 |              0 |            640 |
h200-bar-200-075:1341737:1341997 [0] NCCL INFO     Broadcast |     0.0/   0.0 |     0.0/   0.0 |     0.0/   0.0 |     7.2/ 141.0 |    15.9/ 331.2 |    11.8/ 360.0 |     0.0/   0.0 |     0.0/   0.0 |     0.0/   0.0 |
h200-bar-200-075:1341737:1341997 [0] NCCL INFO        Reduce |     0.0/   0.0 |     0.0/   0.0 |     0.0/   0.0 |     7.2/ 141.0 |    15.9/ 331.2 |    11.8/ 360.0 |     0.0/   0.0 |     0.0/   0.0 |     0.0/   0.0 |
h200-bar-200-075:1341737:1341997 [0] NCCL INFO     AllGather |     0.0/   0.0 |     0.0/   0.0 |     0.0/   0.0 |    10.8/ 161.1 |    27.3/ 378.5 |    32.2/ 411.4 |     5.6/   0.0 |     5.6/   0.0 |    44.0/   0.0 |
h200-bar-200-075:1341737:1341997 [0] NCCL INFO ReduceScatter |     0.0/   0.0 |     0.0/   0.0 |     0.0/   0.0 |    10.8/ 161.1 |    27.3/ 378.5 |    32.2/ 411.4 |     5.6/   0.0 |     5.6/   0.0 |    44.0/   0.0 |
h200-bar-200-075:1341737:1341997 [0] NCCL INFO     AllReduce |    15.2/  43.6 |    31.5/ 128.8 |    64.4/ 165.6 |    15.0/  80.6 |    40.6/ 189.3 |    56.0/ 205.7 |     5.6/   0.0 |     5.6/   0.0 |    44.0/   0.0 |
h200-bar-200-075:1341737:1341997 [0] NCCL INFO   Algorithm   |                    CollNetChain                  |                            NVLS                  |                        NVLSTree                  |
h200-bar-200-075:1341737:1341997 [0] NCCL INFO   Protocol    |             LL |          LL128 |         Simple |             LL |          LL128 |         Simple |             LL |          LL128 |         Simple |
h200-bar-200-075:1341737:1341997 [0] NCCL INFO  Max NThreads |              0 |              0 |            640 |              0 |              0 |            640 |              0 |              0 |            640 |
h200-bar-200-075:1341737:1341997 [0] NCCL INFO     Broadcast |     0.0/   0.0 |     0.0/   0.0 |     0.0/   0.0 |     0.0/   0.0 |     0.0/   0.0 |     0.0/   0.0 |     0.0/   0.0 |     0.0/   0.0 |     0.0/   0.0 |
h200-bar-200-075:1341737:1341997 [0] NCCL INFO        Reduce |     0.0/   0.0 |     0.0/   0.0 |     0.0/   0.0 |     0.0/   0.0 |     0.0/   0.0 |     0.0/   0.0 |     0.0/   0.0 |     0.0/   0.0 |     0.0/   0.0 |
h200-bar-200-075:1341737:1341997 [0] NCCL INFO     AllGather |     0.0/   0.0 |     0.0/   0.0 |     0.0/   0.0 |     0.0/   0.0 |     0.0/   0.0 |    25.0/ 208.2 |     0.0/   0.0 |     0.0/   0.0 |     0.0/   0.0 |
h200-bar-200-075:1341737:1341997 [0] NCCL INFO ReduceScatter |     0.0/   0.0 |     0.0/   0.0 |     0.0/   0.0 |     0.0/   0.0 |     0.0/   0.0 |    25.0/ 208.2 |     0.0/   0.0 |     0.0/   0.0 |     0.0/   0.0 |
h200-bar-200-075:1341737:1341997 [0] NCCL INFO     AllReduce |     0.0/   0.0 |     0.0/   0.0 |    69.2/   0.0 |     0.0/   0.0 |     0.0/   0.0 |    25.0/ 272.0 |     0.0/   0.0 |     0.0/   0.0 |    25.0/   0.0 |
h200-bar-200-075:1341737:1341997 [0] NCCL INFO   Algorithm   |                             PAT                  |
h200-bar-200-075:1341737:1341997 [0] NCCL INFO   Protocol    |             LL |          LL128 |         Simple |             LL |          LL128 |         Simple |             LL |          LL128 |         Simple |
h200-bar-200-075:1341737:1341997 [0] NCCL INFO  Max NThreads |              0 |              0 |              0 |
h200-bar-200-075:1341737:1341997 [0] NCCL INFO     Broadcast |     0.0/   0.0 |     0.0/   0.0 |     0.0/   0.0 |
h200-bar-200-075:1341737:1341997 [0] NCCL INFO        Reduce |     0.0/   0.0 |     0.0/   0.0 |     0.0/   0.0 |
h200-bar-200-075:1341737:1341997 [0] NCCL INFO     AllGather |     0.0/   0.0 |     0.0/   0.0 |     0.0/   0.0 |
h200-bar-200-075:1341737:1341997 [0] NCCL INFO ReduceScatter |     0.0/   0.0 |     0.0/   0.0 |     0.0/   0.0 |
h200-bar-200-075:1341737:1341997 [0] NCCL INFO     AllReduce |     0.0/   0.0 |     0.0/   0.0 |     0.0/   0.0 |
#
#                                                              out-of-place                       in-place          
#       size         count      type   redop    root     time   algbw   busbw  #wrong     time   algbw   busbw  #wrong 
#        (B)    (elements)                               (us)  (GB/s)  (GB/s)             (us)  (GB/s)  (GB/s)         
h200-bar-200-075:1341737:1341737 [0] NCCL INFO AllReduce: opCount 0 sendbuff 0x79485c400000 recvbuff 0x79485c600000 count 256 datatype 7 op 0 root 0 comm 0x5b14dd57cbe0 [nranks=8] stream 0x5b14d837a3d0
h200-bar-200-075:1341737:1341737 [0] NCCL INFO AllReduce: opCount 0 sendbuff 0x79485ca00000 recvbuff 0x79485cc00000 count 256 datatype 7 op 0 root 0 comm 0x5b14dd6a1a60 [nranks=8] stream 0x5b14d8c2a140
h200-bar-200-075:1341737:1341737 [0] NCCL INFO AllReduce: opCount 0 sendbuff 0x79485d000000 recvbuff 0x79485d200000 count 256 datatype 7 op 0 root 0 comm 0x5b14dd7c73f0 [nranks=8] stream 0x5b14d981c330
h200-bar-200-075:1341737:1341737 [0] NCCL INFO AllReduce: opCount 0 sendbuff 0x79485d600000 recvbuff 0x79485d800000 count 256 datatype 7 op 0 root 0 comm 0x5b14dd8f2d40 [nranks=8] stream 0x5b14da3ade20
h200-bar-200-075:1341737:1341737 [0] NCCL INFO AllReduce: opCount 0 sendbuff 0x79485dc00000 recvbuff 0x79485de00000 count 256 datatype 7 op 0 root 0 comm 0x5b14dda1e810 [nranks=8] stream 0x5b14daf91820
h200-bar-200-075:1341737:1341737 [0] NCCL INFO AllReduce: opCount 0 sendbuff 0x79485e200000 recvbuff 0x79485e400000 count 256 datatype 7 op 0 root 0 comm 0x5b14ddb4a300 [nranks=8] stream 0x5b14dbb42640
h200-bar-200-075:1341737:1341737 [0] NCCL INFO AllReduce: opCount 0 sendbuff 0x79485e800000 recvbuff 0x79485ea00000 count 256 datatype 7 op 0 root 0 comm 0x5b14ddc75e10 [nranks=8] stream 0x5b14dc6db8c0
h200-bar-200-075:1341737:1341737 [0] NCCL INFO AllReduce: opCount 0 sendbuff 0x79485ee00000 recvbuff 0x79485f000000 count 256 datatype 7 op 0 root 0 comm 0x5b14ddda1920 [nranks=8] stream 0x5b14dd210b40
h200-bar-200-075:1341737:1341737 [0] NCCL INFO AllReduce: 1024 Bytes -> Algo RING proto LL channel{Lo..Hi}={0..0}
h200-bar-200-075:1341737:1341737 [0] NCCL INFO AllReduce: opCount 0 sendbuff 0x79485c400400 recvbuff 0x79485c600400 count 256 datatype 7 op 0 root 0 comm 0x5b14dd57cbe0 [nranks=8] stream 0x5b14d837a3d0
h200-bar-200-075:1341737:1341737 [0] NCCL INFO AllReduce: opCount 0 sendbuff 0x79485ca00400 recvbuff 0x79485cc00400 count 256 datatype 7 op 0 root 0 comm 0x5b14dd6a1a60 [nranks=8] stream 0x5b14d8c2a140
h200-bar-200-075:1341737:1341737 [0] NCCL INFO AllReduce: opCount 0 sendbuff 0x79485d000400 recvbuff 0x79485d200400 count 256 datatype 7 op 0 root 0 comm 0x5b14dd7c73f0 [nranks=8] stream 0x5b14d981c330
h200-bar-200-075:1341737:1341737 [0] NCCL INFO AllReduce: opCount 0 sendbuff 0x79485d600400 recvbuff 0x79485d800400 count 256 datatype 7 op 0 root 0 comm 0x5b14dd8f2d40 [nranks=8] stream 0x5b14da3ade20
h200-bar-200-075:1341737:1341737 [0] NCCL INFO AllReduce: opCount 0 sendbuff 0x79485dc00400 recvbuff 0x79485de00400 count 256 datatype 7 op 0 root 0 comm 0x5b14dda1e810 [nranks=8] stream 0x5b14daf91820
h200-bar-200-075:1341737:1341737 [0] NCCL INFO AllReduce: opCount 0 sendbuff 0x79485e200400 recvbuff 0x79485e400400 count 256 datatype 7 op 0 root 0 comm 0x5b14ddb4a300 [nranks=8] stream 0x5b14dbb42640
h200-bar-200-075:1341737:1341737 [0] NCCL INFO AllReduce: opCount 0 sendbuff 0x79485e800400 recvbuff 0x79485ea00400 count 256 datatype 7 op 0 root 0 comm 0x5b14ddc75e10 [nranks=8] stream 0x5b14dc6db8c0
h200-bar-200-075:1341737:1341737 [0] NCCL INFO AllReduce: opCount 0 sendbuff 0x79485ee00400 recvbuff 0x79485f000400 count 256 datatype 7 op 0 root 0 comm 0x5b14ddda1920 [nranks=8] stream 0x5b14dd210b40
h200-bar-200-075:1341737:1341737 [0] NCCL INFO AllReduce: 1024 Bytes -> Algo RING proto LL channel{Lo..Hi}={0..0}
h200-bar-200-075:1341737:1341737 [0] NCCL INFO AllReduce: opCount 0 sendbuff 0x79485c400000 recvbuff 0x79485c600000 count 512 datatype 7 op 0 root 0 comm 0x5b14dd57cbe0 [nranks=8] stream 0x5b14d837a3d0
h200-bar-200-075:1341737:1341737 [0] NCCL INFO AllReduce: opCount 0 sendbuff 0x79485ca00000 recvbuff 0x79485cc00000 count 512 datatype 7 op 0 root 0 comm 0x5b14dd6a1a60 [nranks=8] stream 0x5b14d8c2a140
h200-bar-200-075:1341737:1341737 [0] NCCL INFO AllReduce: opCount 0 sendbuff 0x79485d000000 recvbuff 0x79485d200000 count 512 datatype 7 op 0 root 0 comm 0x5b14dd7c73f0 [nranks=8] stream 0x5b14d981c330
h200-bar-200-075:1341737:1341737 [0] NCCL INFO AllReduce: opCount 0 sendbuff 0x79485d600000 recvbuff 0x79485d800000 count 512 datatype 7 op 0 root 0 comm 0x5b14dd8f2d40 [nranks=8] stream 0x5b14da3ade20
h200-bar-200-075:1341737:1341737 [0] NCCL INFO AllReduce: opCount 0 sendbuff 0x79485dc00000 recvbuff 0x79485de00000 count 512 datatype 7 op 0 root 0 comm 0x5b14dda1e810 [nranks=8] stream 0x5b14daf91820
h200-bar-200-075:1341737:1341737 [0] NCCL INFO AllReduce: opCount 0 sendbuff 0x79485e200000 recvbuff 0x79485e400000 count 512 datatype 7 op 0 root 0 comm 0x5b14ddb4a300 [nranks=8] stream 0x5b14dbb42640
h200-bar-200-075:1341737:1341737 [0] NCCL INFO AllReduce: opCount 0 sendbuff 0x79485e800000 recvbuff 0x79485ea00000 count 512 datatype 7 op 0 root 0 comm 0x5b14ddc75e10 [nranks=8] stream 0x5b14dc6db8c0
h200-bar-200-075:1341737:1341737 [0] NCCL INFO AllReduce: opCount 0 sendbuff 0x79485ee00000 recvbuff 0x79485f000000 count 512 datatype 7 op 0 root 0 comm 0x5b14ddda1920 [nranks=8] stream 0x5b14dd210b40
h200-bar-200-075:1341737:1341737 [0] NCCL INFO AllReduce: 2048 Bytes -> Algo RING proto LL channel{Lo..Hi}={0..0}
h200-bar-200-075:1341737:1341737 [0] NCCL INFO AllReduce: opCount 0 sendbuff 0x79485c400800 recvbuff 0x79485c600800 count 512 datatype 7 op 0 root 0 comm 0x5b14dd57cbe0 [nranks=8] stream 0x5b14d837a3d0
h200-bar-200-075:1341737:1341737 [0] NCCL INFO AllReduce: opCount 0 sendbuff 0x79485ca00800 recvbuff 0x79485cc00800 count 512 datatype 7 op 0 root 0 comm 0x5b14dd6a1a60 [nranks=8] stream 0x5b14d8c2a140
h200-bar-200-075:1341737:1341737 [0] NCCL INFO AllReduce: opCount 0 sendbuff 0x79485d000800 recvbuff 0x79485d200800 count 512 datatype 7 op 0 root 0 comm 0x5b14dd7c73f0 [nranks=8] stream 0x5b14d981c330
h200-bar-200-075:1341737:1341737 [0] NCCL INFO AllReduce: opCount 0 sendbuff 0x79485d600800 recvbuff 0x79485d800800 count 512 datatype 7 op 0 root 0 comm 0x5b14dd8f2d40 [nranks=8] stream 0x5b14da3ade20
h200-bar-200-075:1341737:1341737 [0] NCCL INFO AllReduce: opCount 0 sendbuff 0x79485dc00800 recvbuff 0x79485de00800 count 512 datatype 7 op 0 root 0 comm 0x5b14dda1e810 [nranks=8] stream 0x5b14daf91820
h200-bar-200-075:1341737:1341737 [0] NCCL INFO AllReduce: opCount 0 sendbuff 0x79485e200800 recvbuff 0x79485e400800 count 512 datatype 7 op 0 root 0 comm 0x5b14ddb4a300 [nranks=8] stream 0x5b14dbb42640
h200-bar-200-075:1341737:1341737 [0] NCCL INFO AllReduce: opCount 0 sendbuff 0x79485e800800 recvbuff 0x79485ea00800 count 512 datatype 7 op 0 root 0 comm 0x5b14ddc75e10 [nranks=8] stream 0x5b14dc6db8c0
h200-bar-200-075:1341737:1341737 [0] NCCL INFO AllReduce: opCount 0 sendbuff 0x79485ee00800 recvbuff 0x79485f000800 count 512 datatype 7 op 0 root 0 comm 0x5b14ddda1920 [nranks=8] stream 0x5b14dd210b40
h200-bar-200-075:1341737:1341737 [0] NCCL INFO AllReduce: 2048 Bytes -> Algo RING proto LL channel{Lo..Hi}={0..0}
h200-bar-200-075:1341737:1341737 [0] NCCL INFO AllReduce: opCount 0 sendbuff 0x79485c400000 recvbuff 0x79485c600000 count 1024 datatype 7 op 0 root 0 comm 0x5b14dd57cbe0 [nranks=8] stream 0x5b14d837a3d0
h200-bar-200-075:1341737:1341737 [0] NCCL INFO AllReduce: opCount 0 sendbuff 0x79485ca00000 recvbuff 0x79485cc00000 count 1024 datatype 7 op 0 root 0 comm 0x5b14dd6a1a60 [nranks=8] stream 0x5b14d8c2a140
h200-bar-200-075:1341737:1341737 [0] NCCL INFO AllReduce: opCount 0 sendbuff 0x79485d000000 recvbuff 0x79485d200000 count 1024 datatype 7 op 0 root 0 comm 0x5b14dd7c73f0 [nranks=8] stream 0x5b14d981c330
h200-bar-200-075:1341737:1341737 [0] NCCL INFO AllReduce: opCount 0 sendbuff 0x79485d600000 recvbuff 0x79485d800000 count 1024 datatype 7 op 0 root 0 comm 0x5b14dd8f2d40 [nranks=8] stream 0x5b14da3ade20
h200-bar-200-075:1341737:1341737 [0] NCCL INFO AllReduce: opCount 0 sendbuff 0x79485dc00000 recvbuff 0x79485de00000 count 1024 datatype 7 op 0 root 0 comm 0x5b14dda1e810 [nranks=8] stream 0x5b14daf91820
h200-bar-200-075:1341737:1341737 [0] NCCL INFO AllReduce: opCount 0 sendbuff 0x79485e200000 recvbuff 0x79485e400000 count 1024 datatype 7 op 0 root 0 comm 0x5b14ddb4a300 [nranks=8] stream 0x5b14dbb42640
h200-bar-200-075:1341737:1341737 [0] NCCL INFO AllReduce: opCount 0 sendbuff 0x79485e800000 recvbuff 0x79485ea00000 count 1024 datatype 7 op 0 root 0 comm 0x5b14ddc75e10 [nranks=8] stream 0x5b14dc6db8c0
h200-bar-200-075:1341737:1341737 [0] NCCL INFO AllReduce: opCount 0 sendbuff 0x79485ee00000 recvbuff 0x79485f000000 count 1024 datatype 7 op 0 root 0 comm 0x5b14ddda1920 [nranks=8] stream 0x5b14dd210b40
h200-bar-200-075:1341737:1341737 [0] NCCL INFO AllReduce: 4096 Bytes -> Algo RING proto LL channel{Lo..Hi}={0..0}
h200-bar-200-075:1341737:1341737 [0] NCCL INFO AllReduce: opCount 0 sendbuff 0x79485c401000 recvbuff 0x79485c601000 count 1024 datatype 7 op 0 root 0 comm 0x5b14dd57cbe0 [nranks=8] stream 0x5b14d837a3d0
h200-bar-200-075:1341737:1341737 [0] NCCL INFO AllReduce: opCount 0 sendbuff 0x79485ca01000 recvbuff 0x79485cc01000 count 1024 datatype 7 op 0 root 0 comm 0x5b14dd6a1a60 [nranks=8] stream 0x5b14d8c2a140
h200-bar-200-075:1341737:1341737 [0] NCCL INFO AllReduce: opCount 0 sendbuff 0x79485d001000 recvbuff 0x79485d201000 count 1024 datatype 7 op 0 root 0 comm 0x5b14dd7c73f0 [nranks=8] stream 0x5b14d981c330
h200-bar-200-075:1341737:1341737 [0] NCCL INFO AllReduce: opCount 0 sendbuff 0x79485d601000 recvbuff 0x79485d801000 count 1024 datatype 7 op 0 root 0 comm 0x5b14dd8f2d40 [nranks=8] stream 0x5b14da3ade20
h200-bar-200-075:1341737:1341737 [0] NCCL INFO AllReduce: opCount 0 sendbuff 0x79485dc01000 recvbuff 0x79485de01000 count 1024 datatype 7 op 0 root 0 comm 0x5b14dda1e810 [nranks=8] stream 0x5b14daf91820
h200-bar-200-075:1341737:1341737 [0] NCCL INFO AllReduce: opCount 0 sendbuff 0x79485e201000 recvbuff 0x79485e401000 count 1024 datatype 7 op 0 root 0 comm 0x5b14ddb4a300 [nranks=8] stream 0x5b14dbb42640
h200-bar-200-075:1341737:1341737 [0] NCCL INFO AllReduce: opCount 0 sendbuff 0x79485e801000 recvbuff 0x79485ea01000 count 1024 datatype 7 op 0 root 0 comm 0x5b14ddc75e10 [nranks=8] stream 0x5b14dc6db8c0
h200-bar-200-075:1341737:1341737 [0] NCCL INFO AllReduce: opCount 0 sendbuff 0x79485ee01000 recvbuff 0x79485f001000 count 1024 datatype 7 op 0 root 0 comm 0x5b14ddda1920 [nranks=8] stream 0x5b14dd210b40
h200-bar-200-075:1341737:1341737 [0] NCCL INFO AllReduce: 4096 Bytes -> Algo RING proto LL channel{Lo..Hi}={0..0}
h200-bar-200-075:1341737:1341737 [0] NCCL INFO AllReduce: opCount 0 sendbuff 0x79485c400000 recvbuff 0x79485c600000 count 2048 datatype 7 op 0 root 0 comm 0x5b14dd57cbe0 [nranks=8] stream 0x5b14d837a3d0
h200-bar-200-075:1341737:1341737 [0] NCCL INFO AllReduce: opCount 0 sendbuff 0x79485ca00000 recvbuff 0x79485cc00000 count 2048 datatype 7 op 0 root 0 comm 0x5b14dd6a1a60 [nranks=8] stream 0x5b14d8c2a140
h200-bar-200-075:1341737:1341737 [0] NCCL INFO AllReduce: opCount 0 sendbuff 0x79485d000000 recvbuff 0x79485d200000 count 2048 datatype 7 op 0 root 0 comm 0x5b14dd7c73f0 [nranks=8] stream 0x5b14d981c330
h200-bar-200-075:1341737:1341737 [0] NCCL INFO AllReduce: opCount 0 sendbuff 0x79485d600000 recvbuff 0x79485d800000 count 2048 datatype 7 op 0 root 0 comm 0x5b14dd8f2d40 [nranks=8] stream 0x5b14da3ade20
h200-bar-200-075:1341737:1341737 [0] NCCL INFO AllReduce: opCount 0 sendbuff 0x79485dc00000 recvbuff 0x79485de00000 count 2048 datatype 7 op 0 root 0 comm 0x5b14dda1e810 [nranks=8] stream 0x5b14daf91820
h200-bar-200-075:1341737:1341737 [0] NCCL INFO AllReduce: opCount 0 sendbuff 0x79485e200000 recvbuff 0x79485e400000 count 2048 datatype 7 op 0 root 0 comm 0x5b14ddb4a300 [nranks=8] stream 0x5b14dbb42640
h200-bar-200-075:1341737:1341737 [0] NCCL INFO AllReduce: opCount 0 sendbuff 0x79485e800000 recvbuff 0x79485ea00000 count 2048 datatype 7 op 0 root 0 comm 0x5b14ddc75e10 [nranks=8] stream 0x5b14dc6db8c0
h200-bar-200-075:1341737:1341737 [0] NCCL INFO AllReduce: opCount 0 sendbuff 0x79485ee00000 recvbuff 0x79485f000000 count 2048 datatype 7 op 0 root 0 comm 0x5b14ddda1920 [nranks=8] stream 0x5b14dd210b40
h200-bar-200-075:1341737:1341737 [0] NCCL INFO AllReduce: 8192 Bytes -> Algo RING proto LL channel{Lo..Hi}={0..0}
h200-bar-200-075:1341737:1341737 [0] NCCL INFO AllReduce: opCount 0 sendbuff 0x79485c402000 recvbuff 0x79485c602000 count 2048 datatype 7 op 0 root 0 comm 0x5b14dd57cbe0 [nranks=8] stream 0x5b14d837a3d0
h200-bar-200-075:1341737:1341737 [0] NCCL INFO AllReduce: opCount 0 sendbuff 0x79485ca02000 recvbuff 0x79485cc02000 count 2048 datatype 7 op 0 root 0 comm 0x5b14dd6a1a60 [nranks=8] stream 0x5b14d8c2a140
h200-bar-200-075:1341737:1341737 [0] NCCL INFO AllReduce: opCount 0 sendbuff 0x79485d002000 recvbuff 0x79485d202000 count 2048 datatype 7 op 0 root 0 comm 0x5b14dd7c73f0 [nranks=8] stream 0x5b14d981c330
h200-bar-200-075:1341737:1341737 [0] NCCL INFO AllReduce: opCount 0 sendbuff 0x79485d602000 recvbuff 0x79485d802000 count 2048 datatype 7 op 0 root 0 comm 0x5b14dd8f2d40 [nranks=8] stream 0x5b14da3ade20
h200-bar-200-075:1341737:1341737 [0] NCCL INFO AllReduce: opCount 0 sendbuff 0x79485dc02000 recvbuff 0x79485de02000 count 2048 datatype 7 op 0 root 0 comm 0x5b14dda1e810 [nranks=8] stream 0x5b14daf91820
h200-bar-200-075:1341737:1341737 [0] NCCL INFO AllReduce: opCount 0 sendbuff 0x79485e202000 recvbuff 0x79485e402000 count 2048 datatype 7 op 0 root 0 comm 0x5b14ddb4a300 [nranks=8] stream 0x5b14dbb42640
h200-bar-200-075:1341737:1341737 [0] NCCL INFO AllReduce: opCount 0 sendbuff 0x79485e802000 recvbuff 0x79485ea02000 count 2048 datatype 7 op 0 root 0 comm 0x5b14ddc75e10 [nranks=8] stream 0x5b14dc6db8c0
h200-bar-200-075:1341737:1341737 [0] NCCL INFO AllReduce: opCount 0 sendbuff 0x79485ee02000 recvbuff 0x79485f002000 count 2048 datatype 7 op 0 root 0 comm 0x5b14ddda1920 [nranks=8] stream 0x5b14dd210b40
h200-bar-200-075:1341737:1341737 [0] NCCL INFO AllReduce: 8192 Bytes -> Algo RING proto LL channel{Lo..Hi}={0..0}
h200-bar-200-075:1341737:1341737 [0] NCCL INFO AllReduce: opCount 0 sendbuff 0x79485c400000 recvbuff 0x79485c600000 count 4096 datatype 7 op 0 root 0 comm 0x5b14dd57cbe0 [nranks=8] stream 0x5b14d837a3d0
h200-bar-200-075:1341737:1341737 [0] NCCL INFO AllReduce: opCount 0 sendbuff 0x79485ca00000 recvbuff 0x79485cc00000 count 4096 datatype 7 op 0 root 0 comm 0x5b14dd6a1a60 [nranks=8] stream 0x5b14d8c2a140
h200-bar-200-075:1341737:1341737 [0] NCCL INFO AllReduce: opCount 0 sendbuff 0x79485d000000 recvbuff 0x79485d200000 count 4096 datatype 7 op 0 root 0 comm 0x5b14dd7c73f0 [nranks=8] stream 0x5b14d981c330
h200-bar-200-075:1341737:1341737 [0] NCCL INFO AllReduce: opCount 0 sendbuff 0x79485d600000 recvbuff 0x79485d800000 count 4096 datatype 7 op 0 root 0 comm 0x5b14dd8f2d40 [nranks=8] stream 0x5b14da3ade20
h200-bar-200-075:1341737:1341737 [0] NCCL INFO AllReduce: opCount 0 sendbuff 0x79485dc00000 recvbuff 0x79485de00000 count 4096 datatype 7 op 0 root 0 comm 0x5b14dda1e810 [nranks=8] stream 0x5b14daf91820
h200-bar-200-075:1341737:1341737 [0] NCCL INFO AllReduce: opCount 0 sendbuff 0x79485e200000 recvbuff 0x79485e400000 count 4096 datatype 7 op 0 root 0 comm 0x5b14ddb4a300 [nranks=8] stream 0x5b14dbb42640
h200-bar-200-075:1341737:1341737 [0] NCCL INFO AllReduce: opCount 0 sendbuff 0x79485e800000 recvbuff 0x79485ea00000 count 4096 datatype 7 op 0 root 0 comm 0x5b14ddc75e10 [nranks=8] stream 0x5b14dc6db8c0
h200-bar-200-075:1341737:1341737 [0] NCCL INFO AllReduce: opCount 0 sendbuff 0x79485ee00000 recvbuff 0x79485f000000 count 4096 datatype 7 op 0 root 0 comm 0x5b14ddda1920 [nranks=8] stream 0x5b14dd210b40
h200-bar-200-075:1341737:1341737 [0] NCCL INFO AllReduce: 16384 Bytes -> Algo RING proto LL channel{Lo..Hi}={0..0}
h200-bar-200-075:1341737:1341737 [0] NCCL INFO AllReduce: opCount 0 sendbuff 0x79485c404000 recvbuff 0x79485c604000 count 4096 datatype 7 op 0 root 0 comm 0x5b14dd57cbe0 [nranks=8] stream 0x5b14d837a3d0
h200-bar-200-075:1341737:1341737 [0] NCCL INFO AllReduce: opCount 0 sendbuff 0x79485ca04000 recvbuff 0x79485cc04000 count 4096 datatype 7 op 0 root 0 comm 0x5b14dd6a1a60 [nranks=8] stream 0x5b14d8c2a140
h200-bar-200-075:1341737:1341737 [0] NCCL INFO AllReduce: opCount 0 sendbuff 0x79485d004000 recvbuff 0x79485d204000 count 4096 datatype 7 op 0 root 0 comm 0x5b14dd7c73f0 [nranks=8] stream 0x5b14d981c330
h200-bar-200-075:1341737:1341737 [0] NCCL INFO AllReduce: opCount 0 sendbuff 0x79485d604000 recvbuff 0x79485d804000 count 4096 datatype 7 op 0 root 0 comm 0x5b14dd8f2d40 [nranks=8] stream 0x5b14da3ade20
h200-bar-200-075:1341737:1341737 [0] NCCL INFO AllReduce: opCount 0 sendbuff 0x79485dc04000 recvbuff 0x79485de04000 count 4096 datatype 7 op 0 root 0 comm 0x5b14dda1e810 [nranks=8] stream 0x5b14daf91820
h200-bar-200-075:1341737:1341737 [0] NCCL INFO AllReduce: opCount 0 sendbuff 0x79485e204000 recvbuff 0x79485e404000 count 4096 datatype 7 op 0 root 0 comm 0x5b14ddb4a300 [nranks=8] stream 0x5b14dbb42640
h200-bar-200-075:1341737:1341737 [0] NCCL INFO AllReduce: opCount 0 sendbuff 0x79485e804000 recvbuff 0x79485ea04000 count 4096 datatype 7 op 0 root 0 comm 0x5b14ddc75e10 [nranks=8] stream 0x5b14dc6db8c0
h200-bar-200-075:1341737:1341737 [0] NCCL INFO AllReduce: opCount 0 sendbuff 0x79485ee04000 recvbuff 0x79485f004000 count 4096 datatype 7 op 0 root 0 comm 0x5b14ddda1920 [nranks=8] stream 0x5b14dd210b40
h200-bar-200-075:1341737:1341737 [0] NCCL INFO AllReduce: 16384 Bytes -> Algo RING proto LL channel{Lo..Hi}={0..0}
h200-bar-200-075:1341737:1341737 [0] NCCL INFO AllReduce: opCount 0 sendbuff 0x79485c400000 recvbuff 0x79485c600000 count 8192 datatype 7 op 0 root 0 comm 0x5b14dd57cbe0 [nranks=8] stream 0x5b14d837a3d0
h200-bar-200-075:1341737:1341737 [0] NCCL INFO AllReduce: opCount 0 sendbuff 0x79485ca00000 recvbuff 0x79485cc00000 count 8192 datatype 7 op 0 root 0 comm 0x5b14dd6a1a60 [nranks=8] stream 0x5b14d8c2a140
h200-bar-200-075:1341737:1341737 [0] NCCL INFO AllReduce: opCount 0 sendbuff 0x79485d000000 recvbuff 0x79485d200000 count 8192 datatype 7 op 0 root 0 comm 0x5b14dd7c73f0 [nranks=8] stream 0x5b14d981c330
h200-bar-200-075:1341737:1341737 [0] NCCL INFO AllReduce: opCount 0 sendbuff 0x79485d600000 recvbuff 0x79485d800000 count 8192 datatype 7 op 0 root 0 comm 0x5b14dd8f2d40 [nranks=8] stream 0x5b14da3ade20
h200-bar-200-075:1341737:1341737 [0] NCCL INFO AllReduce: opCount 0 sendbuff 0x79485dc00000 recvbuff 0x79485de00000 count 8192 datatype 7 op 0 root 0 comm 0x5b14dda1e810 [nranks=8] stream 0x5b14daf91820
h200-bar-200-075:1341737:1341737 [0] NCCL INFO AllReduce: opCount 0 sendbuff 0x79485e200000 recvbuff 0x79485e400000 count 8192 datatype 7 op 0 root 0 comm 0x5b14ddb4a300 [nranks=8] stream 0x5b14dbb42640
h200-bar-200-075:1341737:1341737 [0] NCCL INFO AllReduce: opCount 0 sendbuff 0x79485e800000 recvbuff 0x79485ea00000 count 8192 datatype 7 op 0 root 0 comm 0x5b14ddc75e10 [nranks=8] stream 0x5b14dc6db8c0
h200-bar-200-075:1341737:1341737 [0] NCCL INFO AllReduce: opCount 0 sendbuff 0x79485ee00000 recvbuff 0x79485f000000 count 8192 datatype 7 op 0 root 0 comm 0x5b14ddda1920 [nranks=8] stream 0x5b14dd210b40
h200-bar-200-075:1341737:1341737 [0] NCCL INFO AllReduce: 32768 Bytes -> Algo RING proto LL channel{Lo..Hi}={0..0}
h200-bar-200-075:1341737:1341737 [0] NCCL INFO AllReduce: opCount 0 sendbuff 0x79485c408000 recvbuff 0x79485c608000 count 8192 datatype 7 op 0 root 0 comm 0x5b14dd57cbe0 [nranks=8] stream 0x5b14d837a3d0
h200-bar-200-075:1341737:1341737 [0] NCCL INFO AllReduce: opCount 0 sendbuff 0x79485ca08000 recvbuff 0x79485cc08000 count 8192 datatype 7 op 0 root 0 comm 0x5b14dd6a1a60 [nranks=8] stream 0x5b14d8c2a140
h200-bar-200-075:1341737:1341737 [0] NCCL INFO AllReduce: opCount 0 sendbuff 0x79485d008000 recvbuff 0x79485d208000 count 8192 datatype 7 op 0 root 0 comm 0x5b14dd7c73f0 [nranks=8] stream 0x5b14d981c330
h200-bar-200-075:1341737:1341737 [0] NCCL INFO AllReduce: opCount 0 sendbuff 0x79485d608000 recvbuff 0x79485d808000 count 8192 datatype 7 op 0 root 0 comm 0x5b14dd8f2d40 [nranks=8] stream 0x5b14da3ade20
h200-bar-200-075:1341737:1341737 [0] NCCL INFO AllReduce: opCount 0 sendbuff 0x79485dc08000 recvbuff 0x79485de08000 count 8192 datatype 7 op 0 root 0 comm 0x5b14dda1e810 [nranks=8] stream 0x5b14daf91820
h200-bar-200-075:1341737:1341737 [0] NCCL INFO AllReduce: opCount 0 sendbuff 0x79485e208000 recvbuff 0x79485e408000 count 8192 datatype 7 op 0 root 0 comm 0x5b14ddb4a300 [nranks=8] stream 0x5b14dbb42640
h200-bar-200-075:1341737:1341737 [0] NCCL INFO AllReduce: opCount 0 sendbuff 0x79485e808000 recvbuff 0x79485ea08000 count 8192 datatype 7 op 0 root 0 comm 0x5b14ddc75e10 [nranks=8] stream 0x5b14dc6db8c0
h200-bar-200-075:1341737:1341737 [0] NCCL INFO AllReduce: opCount 0 sendbuff 0x79485ee08000 recvbuff 0x79485f008000 count 8192 datatype 7 op 0 root 0 comm 0x5b14ddda1920 [nranks=8] stream 0x5b14dd210b40
h200-bar-200-075:1341737:1341737 [0] NCCL INFO AllReduce: 32768 Bytes -> Algo RING proto LL channel{Lo..Hi}={0..0}
h200-bar-200-075:1341737:1341737 [0] NCCL INFO AllReduce: opCount 0 sendbuff 0x79485c400000 recvbuff 0x79485c600000 count 16384 datatype 7 op 0 root 0 comm 0x5b14dd57cbe0 [nranks=8] stream 0x5b14d837a3d0
h200-bar-200-075:1341737:1341737 [0] NCCL INFO AllReduce: opCount 0 sendbuff 0x79485ca00000 recvbuff 0x79485cc00000 count 16384 datatype 7 op 0 root 0 comm 0x5b14dd6a1a60 [nranks=8] stream 0x5b14d8c2a140
h200-bar-200-075:1341737:1341737 [0] NCCL INFO AllReduce: opCount 0 sendbuff 0x79485d000000 recvbuff 0x79485d200000 count 16384 datatype 7 op 0 root 0 comm 0x5b14dd7c73f0 [nranks=8] stream 0x5b14d981c330
h200-bar-200-075:1341737:1341737 [0] NCCL INFO AllReduce: opCount 0 sendbuff 0x79485d600000 recvbuff 0x79485d800000 count 16384 datatype 7 op 0 root 0 comm 0x5b14dd8f2d40 [nranks=8] stream 0x5b14da3ade20
h200-bar-200-075:1341737:1341737 [0] NCCL INFO AllReduce: opCount 0 sendbuff 0x79485dc00000 recvbuff 0x79485de00000 count 16384 datatype 7 op 0 root 0 comm 0x5b14dda1e810 [nranks=8] stream 0x5b14daf91820
h200-bar-200-075:1341737:1341737 [0] NCCL INFO AllReduce: opCount 0 sendbuff 0x79485e200000 recvbuff 0x79485e400000 count 16384 datatype 7 op 0 root 0 comm 0x5b14ddb4a300 [nranks=8] stream 0x5b14dbb42640
h200-bar-200-075:1341737:1341737 [0] NCCL INFO AllReduce: opCount 0 sendbuff 0x79485e800000 recvbuff 0x79485ea00000 count 16384 datatype 7 op 0 root 0 comm 0x5b14ddc75e10 [nranks=8] stream 0x5b14dc6db8c0
h200-bar-200-075:1341737:1341737 [0] NCCL INFO AllReduce: opCount 0 sendbuff 0x79485ee00000 recvbuff 0x79485f000000 count 16384 datatype 7 op 0 root 0 comm 0x5b14ddda1920 [nranks=8] stream 0x5b14dd210b40
h200-bar-200-075:1341737:1341737 [0] NCCL INFO AllReduce: 65536 Bytes -> Algo RING proto LL channel{Lo..Hi}={0..1}
h200-bar-200-075:1341737:1341737 [0] NCCL INFO AllReduce: opCount 0 sendbuff 0x79485c410000 recvbuff 0x79485c610000 count 16384 datatype 7 op 0 root 0 comm 0x5b14dd57cbe0 [nranks=8] stream 0x5b14d837a3d0
h200-bar-200-075:1341737:1341737 [0] NCCL INFO AllReduce: opCount 0 sendbuff 0x79485ca10000 recvbuff 0x79485cc10000 count 16384 datatype 7 op 0 root 0 comm 0x5b14dd6a1a60 [nranks=8] stream 0x5b14d8c2a140
h200-bar-200-075:1341737:1341737 [0] NCCL INFO AllReduce: opCount 0 sendbuff 0x79485d010000 recvbuff 0x79485d210000 count 16384 datatype 7 op 0 root 0 comm 0x5b14dd7c73f0 [nranks=8] stream 0x5b14d981c330
h200-bar-200-075:1341737:1341737 [0] NCCL INFO AllReduce: opCount 0 sendbuff 0x79485d610000 recvbuff 0x79485d810000 count 16384 datatype 7 op 0 root 0 comm 0x5b14dd8f2d40 [nranks=8] stream 0x5b14da3ade20
h200-bar-200-075:1341737:1341737 [0] NCCL INFO AllReduce: opCount 0 sendbuff 0x79485dc10000 recvbuff 0x79485de10000 count 16384 datatype 7 op 0 root 0 comm 0x5b14dda1e810 [nranks=8] stream 0x5b14daf91820
h200-bar-200-075:1341737:1341737 [0] NCCL INFO AllReduce: opCount 0 sendbuff 0x79485e210000 recvbuff 0x79485e410000 count 16384 datatype 7 op 0 root 0 comm 0x5b14ddb4a300 [nranks=8] stream 0x5b14dbb42640
h200-bar-200-075:1341737:1341737 [0] NCCL INFO AllReduce: opCount 0 sendbuff 0x79485e810000 recvbuff 0x79485ea10000 count 16384 datatype 7 op 0 root 0 comm 0x5b14ddc75e10 [nranks=8] stream 0x5b14dc6db8c0
h200-bar-200-075:1341737:1341737 [0] NCCL INFO AllReduce: opCount 0 sendbuff 0x79485ee10000 recvbuff 0x79485f010000 count 16384 datatype 7 op 0 root 0 comm 0x5b14ddda1920 [nranks=8] stream 0x5b14dd210b40
h200-bar-200-075:1341737:1341737 [0] NCCL INFO AllReduce: 65536 Bytes -> Algo RING proto LL channel{Lo..Hi}={0..1}
h200-bar-200-075:1341737:1341737 [0] NCCL INFO AllReduce: opCount 0 sendbuff 0x79485c400000 recvbuff 0x79485c600000 count 32768 datatype 7 op 0 root 0 comm 0x5b14dd57cbe0 [nranks=8] stream 0x5b14d837a3d0
h200-bar-200-075:1341737:1341737 [0] NCCL INFO AllReduce: opCount 0 sendbuff 0x79485ca00000 recvbuff 0x79485cc00000 count 32768 datatype 7 op 0 root 0 comm 0x5b14dd6a1a60 [nranks=8] stream 0x5b14d8c2a140
h200-bar-200-075:1341737:1341737 [0] NCCL INFO AllReduce: opCount 0 sendbuff 0x79485d000000 recvbuff 0x79485d200000 count 32768 datatype 7 op 0 root 0 comm 0x5b14dd7c73f0 [nranks=8] stream 0x5b14d981c330
h200-bar-200-075:1341737:1341737 [0] NCCL INFO AllReduce: opCount 0 sendbuff 0x79485d600000 recvbuff 0x79485d800000 count 32768 datatype 7 op 0 root 0 comm 0x5b14dd8f2d40 [nranks=8] stream 0x5b14da3ade20
h200-bar-200-075:1341737:1341737 [0] NCCL INFO AllReduce: opCount 0 sendbuff 0x79485dc00000 recvbuff 0x79485de00000 count 32768 datatype 7 op 0 root 0 comm 0x5b14dda1e810 [nranks=8] stream 0x5b14daf91820
h200-bar-200-075:1341737:1341737 [0] NCCL INFO AllReduce: opCount 0 sendbuff 0x79485e200000 recvbuff 0x79485e400000 count 32768 datatype 7 op 0 root 0 comm 0x5b14ddb4a300 [nranks=8] stream 0x5b14dbb42640
h200-bar-200-075:1341737:1341737 [0] NCCL INFO AllReduce: opCount 0 sendbuff 0x79485e800000 recvbuff 0x79485ea00000 count 32768 datatype 7 op 0 root 0 comm 0x5b14ddc75e10 [nranks=8] stream 0x5b14dc6db8c0
h200-bar-200-075:1341737:1341737 [0] NCCL INFO AllReduce: opCount 0 sendbuff 0x79485ee00000 recvbuff 0x79485f000000 count 32768 datatype 7 op 0 root 0 comm 0x5b14ddda1920 [nranks=8] stream 0x5b14dd210b40
h200-bar-200-075:1341737:1341737 [0] NCCL INFO AllReduce: 131072 Bytes -> Algo RING proto LL channel{Lo..Hi}={0..3}
h200-bar-200-075:1341737:1341737 [0] NCCL INFO AllReduce: opCount 0 sendbuff 0x79485c420000 recvbuff 0x79485c620000 count 32768 datatype 7 op 0 root 0 comm 0x5b14dd57cbe0 [nranks=8] stream 0x5b14d837a3d0
h200-bar-200-075:1341737:1341737 [0] NCCL INFO AllReduce: opCount 0 sendbuff 0x79485ca20000 recvbuff 0x79485cc20000 count 32768 datatype 7 op 0 root 0 comm 0x5b14dd6a1a60 [nranks=8] stream 0x5b14d8c2a140
h200-bar-200-075:1341737:1341737 [0] NCCL INFO AllReduce: opCount 0 sendbuff 0x79485d020000 recvbuff 0x79485d220000 count 32768 datatype 7 op 0 root 0 comm 0x5b14dd7c73f0 [nranks=8] stream 0x5b14d981c330
h200-bar-200-075:1341737:1341737 [0] NCCL INFO AllReduce: opCount 0 sendbuff 0x79485d620000 recvbuff 0x79485d820000 count 32768 datatype 7 op 0 root 0 comm 0x5b14dd8f2d40 [nranks=8] stream 0x5b14da3ade20
h200-bar-200-075:1341737:1341737 [0] NCCL INFO AllReduce: opCount 0 sendbuff 0x79485dc20000 recvbuff 0x79485de20000 count 32768 datatype 7 op 0 root 0 comm 0x5b14dda1e810 [nranks=8] stream 0x5b14daf91820
h200-bar-200-075:1341737:1341737 [0] NCCL INFO AllReduce: opCount 0 sendbuff 0x79485e220000 recvbuff 0x79485e420000 count 32768 datatype 7 op 0 root 0 comm 0x5b14ddb4a300 [nranks=8] stream 0x5b14dbb42640
h200-bar-200-075:1341737:1341737 [0] NCCL INFO AllReduce: opCount 0 sendbuff 0x79485e820000 recvbuff 0x79485ea20000 count 32768 datatype 7 op 0 root 0 comm 0x5b14ddc75e10 [nranks=8] stream 0x5b14dc6db8c0
h200-bar-200-075:1341737:1341737 [0] NCCL INFO AllReduce: opCount 0 sendbuff 0x79485ee20000 recvbuff 0x79485f020000 count 32768 datatype 7 op 0 root 0 comm 0x5b14ddda1920 [nranks=8] stream 0x5b14dd210b40
h200-bar-200-075:1341737:1341737 [0] NCCL INFO AllReduce: 131072 Bytes -> Algo RING proto LL channel{Lo..Hi}={0..3}
h200-bar-200-075:1341737:1341737 [0] NCCL INFO AllReduce: opCount 0 sendbuff 0x79485c400000 recvbuff 0x79485c600000 count 65536 datatype 7 op 0 root 0 comm 0x5b14dd57cbe0 [nranks=8] stream 0x5b14d837a3d0
h200-bar-200-075:1341737:1341737 [0] NCCL INFO AllReduce: opCount 0 sendbuff 0x79485ca00000 recvbuff 0x79485cc00000 count 65536 datatype 7 op 0 root 0 comm 0x5b14dd6a1a60 [nranks=8] stream 0x5b14d8c2a140
h200-bar-200-075:1341737:1341737 [0] NCCL INFO AllReduce: opCount 0 sendbuff 0x79485d000000 recvbuff 0x79485d200000 count 65536 datatype 7 op 0 root 0 comm 0x5b14dd7c73f0 [nranks=8] stream 0x5b14d981c330
h200-bar-200-075:1341737:1341737 [0] NCCL INFO AllReduce: opCount 0 sendbuff 0x79485d600000 recvbuff 0x79485d800000 count 65536 datatype 7 op 0 root 0 comm 0x5b14dd8f2d40 [nranks=8] stream 0x5b14da3ade20
h200-bar-200-075:1341737:1341737 [0] NCCL INFO AllReduce: opCount 0 sendbuff 0x79485dc00000 recvbuff 0x79485de00000 count 65536 datatype 7 op 0 root 0 comm 0x5b14dda1e810 [nranks=8] stream 0x5b14daf91820
h200-bar-200-075:1341737:1341737 [0] NCCL INFO AllReduce: opCount 0 sendbuff 0x79485e200000 recvbuff 0x79485e400000 count 65536 datatype 7 op 0 root 0 comm 0x5b14ddb4a300 [nranks=8] stream 0x5b14dbb42640
h200-bar-200-075:1341737:1341737 [0] NCCL INFO AllReduce: opCount 0 sendbuff 0x79485e800000 recvbuff 0x79485ea00000 count 65536 datatype 7 op 0 root 0 comm 0x5b14ddc75e10 [nranks=8] stream 0x5b14dc6db8c0
h200-bar-200-075:1341737:1341737 [0] NCCL INFO AllReduce: opCount 0 sendbuff 0x79485ee00000 recvbuff 0x79485f000000 count 65536 datatype 7 op 0 root 0 comm 0x5b14ddda1920 [nranks=8] stream 0x5b14dd210b40
h200-bar-200-075:1341737:1341737 [0] NCCL INFO AllReduce: 262144 Bytes -> Algo RING proto LL channel{Lo..Hi}={0..7}
h200-bar-200-075:1341737:1341737 [0] NCCL INFO AllReduce: opCount 0 sendbuff 0x79485c440000 recvbuff 0x79485c640000 count 65536 datatype 7 op 0 root 0 comm 0x5b14dd57cbe0 [nranks=8] stream 0x5b14d837a3d0
h200-bar-200-075:1341737:1341737 [0] NCCL INFO AllReduce: opCount 0 sendbuff 0x79485ca40000 recvbuff 0x79485cc40000 count 65536 datatype 7 op 0 root 0 comm 0x5b14dd6a1a60 [nranks=8] stream 0x5b14d8c2a140
h200-bar-200-075:1341737:1341737 [0] NCCL INFO AllReduce: opCount 0 sendbuff 0x79485d040000 recvbuff 0x79485d240000 count 65536 datatype 7 op 0 root 0 comm 0x5b14dd7c73f0 [nranks=8] stream 0x5b14d981c330
h200-bar-200-075:1341737:1341737 [0] NCCL INFO AllReduce: opCount 0 sendbuff 0x79485d640000 recvbuff 0x79485d840000 count 65536 datatype 7 op 0 root 0 comm 0x5b14dd8f2d40 [nranks=8] stream 0x5b14da3ade20
h200-bar-200-075:1341737:1341737 [0] NCCL INFO AllReduce: opCount 0 sendbuff 0x79485dc40000 recvbuff 0x79485de40000 count 65536 datatype 7 op 0 root 0 comm 0x5b14dda1e810 [nranks=8] stream 0x5b14daf91820
h200-bar-200-075:1341737:1341737 [0] NCCL INFO AllReduce: opCount 0 sendbuff 0x79485e240000 recvbuff 0x79485e440000 count 65536 datatype 7 op 0 root 0 comm 0x5b14ddb4a300 [nranks=8] stream 0x5b14dbb42640
h200-bar-200-075:1341737:1341737 [0] NCCL INFO AllReduce: opCount 0 sendbuff 0x79485e840000 recvbuff 0x79485ea40000 count 65536 datatype 7 op 0 root 0 comm 0x5b14ddc75e10 [nranks=8] stream 0x5b14dc6db8c0
h200-bar-200-075:1341737:1341737 [0] NCCL INFO AllReduce: opCount 0 sendbuff 0x79485ee40000 recvbuff 0x79485f040000 count 65536 datatype 7 op 0 root 0 comm 0x5b14ddda1920 [nranks=8] stream 0x5b14dd210b40
h200-bar-200-075:1341737:1341737 [0] NCCL INFO AllReduce: 262144 Bytes -> Algo RING proto LL channel{Lo..Hi}={0..7}
h200-bar-200-075:1341737:1341737 [0] NCCL INFO AllReduce: opCount 0 sendbuff 0x79485c400000 recvbuff 0x79485c600000 count 131072 datatype 7 op 0 root 0 comm 0x5b14dd57cbe0 [nranks=8] stream 0x5b14d837a3d0
h200-bar-200-075:1341737:1341737 [0] NCCL INFO AllReduce: opCount 0 sendbuff 0x79485ca00000 recvbuff 0x79485cc00000 count 131072 datatype 7 op 0 root 0 comm 0x5b14dd6a1a60 [nranks=8] stream 0x5b14d8c2a140
h200-bar-200-075:1341737:1341737 [0] NCCL INFO AllReduce: opCount 0 sendbuff 0x79485d000000 recvbuff 0x79485d200000 count 131072 datatype 7 op 0 root 0 comm 0x5b14dd7c73f0 [nranks=8] stream 0x5b14d981c330
h200-bar-200-075:1341737:1341737 [0] NCCL INFO AllReduce: opCount 0 sendbuff 0x79485d600000 recvbuff 0x79485d800000 count 131072 datatype 7 op 0 root 0 comm 0x5b14dd8f2d40 [nranks=8] stream 0x5b14da3ade20
h200-bar-200-075:1341737:1341737 [0] NCCL INFO AllReduce: opCount 0 sendbuff 0x79485dc00000 recvbuff 0x79485de00000 count 131072 datatype 7 op 0 root 0 comm 0x5b14dda1e810 [nranks=8] stream 0x5b14daf91820
h200-bar-200-075:1341737:1341737 [0] NCCL INFO AllReduce: opCount 0 sendbuff 0x79485e200000 recvbuff 0x79485e400000 count 131072 datatype 7 op 0 root 0 comm 0x5b14ddb4a300 [nranks=8] stream 0x5b14dbb42640
h200-bar-200-075:1341737:1341737 [0] NCCL INFO AllReduce: opCount 0 sendbuff 0x79485e800000 recvbuff 0x79485ea00000 count 131072 datatype 7 op 0 root 0 comm 0x5b14ddc75e10 [nranks=8] stream 0x5b14dc6db8c0
h200-bar-200-075:1341737:1341737 [0] NCCL INFO AllReduce: opCount 0 sendbuff 0x79485ee00000 recvbuff 0x79485f000000 count 131072 datatype 7 op 0 root 0 comm 0x5b14ddda1920 [nranks=8] stream 0x5b14dd210b40
h200-bar-200-075:1341737:1341737 [0] NCCL INFO AllReduce: 524288 Bytes -> Algo RING proto LL channel{Lo..Hi}={0..15}
h200-bar-200-075:1341737:1341737 [0] NCCL INFO AllReduce: opCount 0 sendbuff 0x79485c480000 recvbuff 0x79485c680000 count 131072 datatype 7 op 0 root 0 comm 0x5b14dd57cbe0 [nranks=8] stream 0x5b14d837a3d0
h200-bar-200-075:1341737:1341737 [0] NCCL INFO AllReduce: opCount 0 sendbuff 0x79485ca80000 recvbuff 0x79485cc80000 count 131072 datatype 7 op 0 root 0 comm 0x5b14dd6a1a60 [nranks=8] stream 0x5b14d8c2a140
h200-bar-200-075:1341737:1341737 [0] NCCL INFO AllReduce: opCount 0 sendbuff 0x79485d080000 recvbuff 0x79485d280000 count 131072 datatype 7 op 0 root 0 comm 0x5b14dd7c73f0 [nranks=8] stream 0x5b14d981c330
h200-bar-200-075:1341737:1341737 [0] NCCL INFO AllReduce: opCount 0 sendbuff 0x79485d680000 recvbuff 0x79485d880000 count 131072 datatype 7 op 0 root 0 comm 0x5b14dd8f2d40 [nranks=8] stream 0x5b14da3ade20
h200-bar-200-075:1341737:1341737 [0] NCCL INFO AllReduce: opCount 0 sendbuff 0x79485dc80000 recvbuff 0x79485de80000 count 131072 datatype 7 op 0 root 0 comm 0x5b14dda1e810 [nranks=8] stream 0x5b14daf91820
h200-bar-200-075:1341737:1341737 [0] NCCL INFO AllReduce: opCount 0 sendbuff 0x79485e280000 recvbuff 0x79485e480000 count 131072 datatype 7 op 0 root 0 comm 0x5b14ddb4a300 [nranks=8] stream 0x5b14dbb42640
h200-bar-200-075:1341737:1341737 [0] NCCL INFO AllReduce: opCount 0 sendbuff 0x79485e880000 recvbuff 0x79485ea80000 count 131072 datatype 7 op 0 root 0 comm 0x5b14ddc75e10 [nranks=8] stream 0x5b14dc6db8c0
h200-bar-200-075:1341737:1341737 [0] NCCL INFO AllReduce: opCount 0 sendbuff 0x79485ee80000 recvbuff 0x79485f080000 count 131072 datatype 7 op 0 root 0 comm 0x5b14ddda1920 [nranks=8] stream 0x5b14dd210b40
h200-bar-200-075:1341737:1341737 [0] NCCL INFO AllReduce: 524288 Bytes -> Algo RING proto LL channel{Lo..Hi}={0..15}
h200-bar-200-075:1341737:1341737 [0] NCCL INFO AllReduce: opCount 0 sendbuff 0x79485c400000 recvbuff 0x79485c600000 count 262144 datatype 7 op 0 root 0 comm 0x5b14dd57cbe0 [nranks=8] stream 0x5b14d837a3d0
h200-bar-200-075:1341737:1341737 [0] NCCL INFO AllReduce: opCount 0 sendbuff 0x79485ca00000 recvbuff 0x79485cc00000 count 262144 datatype 7 op 0 root 0 comm 0x5b14dd6a1a60 [nranks=8] stream 0x5b14d8c2a140
h200-bar-200-075:1341737:1341737 [0] NCCL INFO AllReduce: opCount 0 sendbuff 0x79485d000000 recvbuff 0x79485d200000 count 262144 datatype 7 op 0 root 0 comm 0x5b14dd7c73f0 [nranks=8] stream 0x5b14d981c330
h200-bar-200-075:1341737:1341737 [0] NCCL INFO AllReduce: opCount 0 sendbuff 0x79485d600000 recvbuff 0x79485d800000 count 262144 datatype 7 op 0 root 0 comm 0x5b14dd8f2d40 [nranks=8] stream 0x5b14da3ade20
h200-bar-200-075:1341737:1341737 [0] NCCL INFO AllReduce: opCount 0 sendbuff 0x79485dc00000 recvbuff 0x79485de00000 count 262144 datatype 7 op 0 root 0 comm 0x5b14dda1e810 [nranks=8] stream 0x5b14daf91820
h200-bar-200-075:1341737:1341737 [0] NCCL INFO AllReduce: opCount 0 sendbuff 0x79485e200000 recvbuff 0x79485e400000 count 262144 datatype 7 op 0 root 0 comm 0x5b14ddb4a300 [nranks=8] stream 0x5b14dbb42640
h200-bar-200-075:1341737:1341737 [0] NCCL INFO AllReduce: opCount 0 sendbuff 0x79485e800000 recvbuff 0x79485ea00000 count 262144 datatype 7 op 0 root 0 comm 0x5b14ddc75e10 [nranks=8] stream 0x5b14dc6db8c0
h200-bar-200-075:1341737:1341737 [0] NCCL INFO AllReduce: opCount 0 sendbuff 0x79485ee00000 recvbuff 0x79485f000000 count 262144 datatype 7 op 0 root 0 comm 0x5b14ddda1920 [nranks=8] stream 0x5b14dd210b40
h200-bar-200-075:1341737:1341737 [0] NCCL INFO AllReduce: 1048576 Bytes -> Algo RING proto LL channel{Lo..Hi}={0..23}
h200-bar-200-075:1341737:1341737 [0] NCCL INFO AllReduce: opCount 0 sendbuff 0x79485c400000 recvbuff 0x79485c600000 count 262144 datatype 7 op 0 root 0 comm 0x5b14dd57cbe0 [nranks=8] stream 0x5b14d837a3d0
h200-bar-200-075:1341737:1341737 [0] NCCL INFO AllReduce: opCount 0 sendbuff 0x79485ca00000 recvbuff 0x79485cc00000 count 262144 datatype 7 op 0 root 0 comm 0x5b14dd6a1a60 [nranks=8] stream 0x5b14d8c2a140
h200-bar-200-075:1341737:1341737 [0] NCCL INFO AllReduce: opCount 0 sendbuff 0x79485d000000 recvbuff 0x79485d200000 count 262144 datatype 7 op 0 root 0 comm 0x5b14dd7c73f0 [nranks=8] stream 0x5b14d981c330
h200-bar-200-075:1341737:1341737 [0] NCCL INFO AllReduce: opCount 0 sendbuff 0x79485d600000 recvbuff 0x79485d800000 count 262144 datatype 7 op 0 root 0 comm 0x5b14dd8f2d40 [nranks=8] stream 0x5b14da3ade20
h200-bar-200-075:1341737:1341737 [0] NCCL INFO AllReduce: opCount 0 sendbuff 0x79485dc00000 recvbuff 0x79485de00000 count 262144 datatype 7 op 0 root 0 comm 0x5b14dda1e810 [nranks=8] stream 0x5b14daf91820
h200-bar-200-075:1341737:1341737 [0] NCCL INFO AllReduce: opCount 0 sendbuff 0x79485e200000 recvbuff 0x79485e400000 count 262144 datatype 7 op 0 root 0 comm 0x5b14ddb4a300 [nranks=8] stream 0x5b14dbb42640
h200-bar-200-075:1341737:1341737 [0] NCCL INFO AllReduce: opCount 0 sendbuff 0x79485e800000 recvbuff 0x79485ea00000 count 262144 datatype 7 op 0 root 0 comm 0x5b14ddc75e10 [nranks=8] stream 0x5b14dc6db8c0
h200-bar-200-075:1341737:1341737 [0] NCCL INFO AllReduce: opCount 0 sendbuff 0x79485ee00000 recvbuff 0x79485f000000 count 262144 datatype 7 op 0 root 0 comm 0x5b14ddda1920 [nranks=8] stream 0x5b14dd210b40
h200-bar-200-075:1341737:1341737 [0] NCCL INFO AllReduce: 1048576 Bytes -> Algo RING proto LL channel{Lo..Hi}={0..23}
        1024           256     float     sum      -1h200-bar-200-075:1341737:1341737 [7] NCCL INFO AllReduce: opCount 0 sendbuff 0x79485c400000 recvbuff 0x79485c600000 count 256 datatype 7 op 0 root 0 comm 0x5b14dd57cbe0 [nranks=8] stream 0x5b14d837a3d0
h200-bar-200-075:1341737:1341737 [7] NCCL INFO AllReduce: opCount 0 sendbuff 0x79485ca00000 recvbuff 0x79485cc00000 count 256 datatype 7 op 0 root 0 comm 0x5b14dd6a1a60 [nranks=8] stream 0x5b14d8c2a140
h200-bar-200-075:1341737:1341737 [7] NCCL INFO AllReduce: opCount 0 sendbuff 0x79485d000000 recvbuff 0x79485d200000 count 256 datatype 7 op 0 root 0 comm 0x5b14dd7c73f0 [nranks=8] stream 0x5b14d981c330
h200-bar-200-075:1341737:1341737 [7] NCCL INFO AllReduce: opCount 0 sendbuff 0x79485d600000 recvbuff 0x79485d800000 count 256 datatype 7 op 0 root 0 comm 0x5b14dd8f2d40 [nranks=8] stream 0x5b14da3ade20
h200-bar-200-075:1341737:1341737 [7] NCCL INFO AllReduce: opCount 0 sendbuff 0x79485dc00000 recvbuff 0x79485de00000 count 256 datatype 7 op 0 root 0 comm 0x5b14dda1e810 [nranks=8] stream 0x5b14daf91820
h200-bar-200-075:1341737:1341737 [7] NCCL INFO AllReduce: opCount 0 sendbuff 0x79485e200000 recvbuff 0x79485e400000 count 256 datatype 7 op 0 root 0 comm 0x5b14ddb4a300 [nranks=8] stream 0x5b14dbb42640
h200-bar-200-075:1341737:1341737 [7] NCCL INFO AllReduce: opCount 0 sendbuff 0x79485e800000 recvbuff 0x79485ea00000 count 256 datatype 7 op 0 root 0 comm 0x5b14ddc75e10 [nranks=8] stream 0x5b14dc6db8c0
h200-bar-200-075:1341737:1341737 [7] NCCL INFO AllReduce: opCount 0 sendbuff 0x79485ee00000 recvbuff 0x79485f000000 count 256 datatype 7 op 0 root 0 comm 0x5b14ddda1920 [nranks=8] stream 0x5b14dd210b40
h200-bar-200-075:1341737:1341737 [0] NCCL INFO AllReduce: 1024 Bytes -> Algo RING proto LL channel{Lo..Hi}={0..0}
h200-bar-200-075:1341737:1341737 [7] NCCL INFO AllReduce: opCount 0 sendbuff 0x79485c400000 recvbuff 0x79485c600000 count 256 datatype 7 op 0 root 0 comm 0x5b14dd57cbe0 [nranks=8] stream 0x5b14d837a3d0
h200-bar-200-075:1341737:1341737 [7] NCCL INFO AllReduce: opCount 0 sendbuff 0x79485ca00000 recvbuff 0x79485cc00000 count 256 datatype 7 op 0 root 0 comm 0x5b14dd6a1a60 [nranks=8] stream 0x5b14d8c2a140
h200-bar-200-075:1341737:1341737 [7] NCCL INFO AllReduce: opCount 0 sendbuff 0x79485d000000 recvbuff 0x79485d200000 count 256 datatype 7 op 0 root 0 comm 0x5b14dd7c73f0 [nranks=8] stream 0x5b14d981c330
h200-bar-200-075:1341737:1341737 [7] NCCL INFO AllReduce: opCount 0 sendbuff 0x79485d600000 recvbuff 0x79485d800000 count 256 datatype 7 op 0 root 0 comm 0x5b14dd8f2d40 [nranks=8] stream 0x5b14da3ade20
h200-bar-200-075:1341737:1341737 [7] NCCL INFO AllReduce: opCount 0 sendbuff 0x79485dc00000 recvbuff 0x79485de00000 count 256 datatype 7 op 0 root 0 comm 0x5b14dda1e810 [nranks=8] stream 0x5b14daf91820
h200-bar-200-075:1341737:1341737 [7] NCCL INFO AllReduce: opCount 0 sendbuff 0x79485e200000 recvbuff 0x79485e400000 count 256 datatype 7 op 0 root 0 comm 0x5b14ddb4a300 [nranks=8] stream 0x5b14dbb42640
h200-bar-200-075:1341737:1341737 [7] NCCL INFO AllReduce: opCount 0 sendbuff 0x79485e800000 recvbuff 0x79485ea00000 count 256 datatype 7 op 0 root 0 comm 0x5b14ddc75e10 [nranks=8] stream 0x5b14dc6db8c0
h200-bar-200-075:1341737:1341737 [7] NCCL INFO AllReduce: opCount 0 sendbuff 0x79485ee00000 recvbuff 0x79485f000000 count 256 datatype 7 op 0 root 0 comm 0x5b14ddda1920 [nranks=8] stream 0x5b14dd210b40
h200-bar-200-075:1341737:1341737 [0] NCCL INFO AllReduce: 1024 Bytes -> Algo RING proto LL channel{Lo..Hi}={0..0}
h200-bar-200-075:1341737:1341737 [7] NCCL INFO AllReduce: opCount 0 sendbuff 0x79485c400400 recvbuff 0x79485c600400 count 256 datatype 7 op 0 root 0 comm 0x5b14dd57cbe0 [nranks=8] stream 0x5b14d837a3d0
h200-bar-200-075:1341737:1341737 [7] NCCL INFO AllReduce: opCount 0 sendbuff 0x79485ca00400 recvbuff 0x79485cc00400 count 256 datatype 7 op 0 root 0 comm 0x5b14dd6a1a60 [nranks=8] stream 0x5b14d8c2a140
h200-bar-200-075:1341737:1341737 [7] NCCL INFO AllReduce: opCount 0 sendbuff 0x79485d000400 recvbuff 0x79485d200400 count 256 datatype 7 op 0 root 0 comm 0x5b14dd7c73f0 [nranks=8] stream 0x5b14d981c330
h200-bar-200-075:1341737:1341737 [7] NCCL INFO AllReduce: opCount 0 sendbuff 0x79485d600400 recvbuff 0x79485d800400 count 256 datatype 7 op 0 root 0 comm 0x5b14dd8f2d40 [nranks=8] stream 0x5b14da3ade20
h200-bar-200-075:1341737:1341737 [7] NCCL INFO AllReduce: opCount 0 sendbuff 0x79485dc00400 recvbuff 0x79485de00400 count 256 datatype 7 op 0 root 0 comm 0x5b14dda1e810 [nranks=8] stream 0x5b14daf91820
h200-bar-200-075:1341737:1341737 [7] NCCL INFO AllReduce: opCount 0 sendbuff 0x79485e200400 recvbuff 0x79485e400400 count 256 datatype 7 op 0 root 0 comm 0x5b14ddb4a300 [nranks=8] stream 0x5b14dbb42640
h200-bar-200-075:1341737:1341737 [7] NCCL INFO AllReduce: opCount 0 sendbuff 0x79485e800400 recvbuff 0x79485ea00400 count 256 datatype 7 op 0 root 0 comm 0x5b14ddc75e10 [nranks=8] stream 0x5b14dc6db8c0
h200-bar-200-075:1341737:1341737 [7] NCCL INFO AllReduce: opCount 0 sendbuff 0x79485ee00400 recvbuff 0x79485f000400 count 256 datatype 7 op 0 root 0 comm 0x5b14ddda1920 [nranks=8] stream 0x5b14dd210b40
h200-bar-200-075:1341737:1341737 [0] NCCL INFO AllReduce: 1024 Bytes -> Algo RING proto LL channel{Lo..Hi}={0..0}
h200-bar-200-075:1341737:1341737 [7] NCCL INFO AllReduce: opCount 0 sendbuff 0x79485c400800 recvbuff 0x79485c600800 count 256 datatype 7 op 0 root 0 comm 0x5b14dd57cbe0 [nranks=8] stream 0x5b14d837a3d0
h200-bar-200-075:1341737:1341737 [7] NCCL INFO AllReduce: opCount 0 sendbuff 0x79485ca00800 recvbuff 0x79485cc00800 count 256 datatype 7 op 0 root 0 comm 0x5b14dd6a1a60 [nranks=8] stream 0x5b14d8c2a140
h200-bar-200-075:1341737:1341737 [7] NCCL INFO AllReduce: opCount 0 sendbuff 0x79485d000800 recvbuff 0x79485d200800 count 256 datatype 7 op 0 root 0 comm 0x5b14dd7c73f0 [nranks=8] stream 0x5b14d981c330
h200-bar-200-075:1341737:1341737 [7] NCCL INFO AllReduce: opCount 0 sendbuff 0x79485d600800 recvbuff 0x79485d800800 count 256 datatype 7 op 0 root 0 comm 0x5b14dd8f2d40 [nranks=8] stream 0x5b14da3ade20
h200-bar-200-075:1341737:1341737 [7] NCCL INFO AllReduce: opCount 0 sendbuff 0x79485dc00800 recvbuff 0x79485de00800 count 256 datatype 7 op 0 root 0 comm 0x5b14dda1e810 [nranks=8] stream 0x5b14daf91820
h200-bar-200-075:1341737:1341737 [7] NCCL INFO AllReduce: opCount 0 sendbuff 0x79485e200800 recvbuff 0x79485e400800 count 256 datatype 7 op 0 root 0 comm 0x5b14ddb4a300 [nranks=8] stream 0x5b14dbb42640
h200-bar-200-075:1341737:1341737 [7] NCCL INFO AllReduce: opCount 0 sendbuff 0x79485e800800 recvbuff 0x79485ea00800 count 256 datatype 7 op 0 root 0 comm 0x5b14ddc75e10 [nranks=8] stream 0x5b14dc6db8c0
h200-bar-200-075:1341737:1341737 [7] NCCL INFO AllReduce: opCount 0 sendbuff 0x79485ee00800 recvbuff 0x79485f000800 count 256 datatype 7 op 0 root 0 comm 0x5b14ddda1920 [nranks=8] stream 0x5b14dd210b40
h200-bar-200-075:1341737:1341737 [0] NCCL INFO AllReduce: 1024 Bytes -> Algo RING proto LL channel{Lo..Hi}={0..0}
h200-bar-200-075:1341737:1341737 [7] NCCL INFO AllReduce: opCount 0 sendbuff 0x79485c400c00 recvbuff 0x79485c600c00 count 256 datatype 7 op 0 root 0 comm 0x5b14dd57cbe0 [nranks=8] stream 0x5b14d837a3d0
h200-bar-200-075:1341737:1341737 [7] NCCL INFO AllReduce: opCount 0 sendbuff 0x79485ca00c00 recvbuff 0x79485cc00c00 count 256 datatype 7 op 0 root 0 comm 0x5b14dd6a1a60 [nranks=8] stream 0x5b14d8c2a140
h200-bar-200-075:1341737:1341737 [7] NCCL INFO AllReduce: opCount 0 sendbuff 0x79485d000c00 recvbuff 0x79485d200c00 count 256 datatype 7 op 0 root 0 comm 0x5b14dd7c73f0 [nranks=8] stream 0x5b14d981c330
h200-bar-200-075:1341737:1341737 [7] NCCL INFO AllReduce: opCount 0 sendbuff 0x79485d600c00 recvbuff 0x79485d800c00 count 256 datatype 7 op 0 root 0 comm 0x5b14dd8f2d40 [nranks=8] stream 0x5b14da3ade20
h200-bar-200-075:1341737:1341737 [7] NCCL INFO AllReduce: opCount 0 sendbuff 0x79485dc00c00 recvbuff 0x79485de00c00 count 256 datatype 7 op 0 root 0 comm 0x5b14dda1e810 [nranks=8] stream 0x5b14daf91820
h200-bar-200-075:1341737:1341737 [7] NCCL INFO AllReduce: opCount 0 sendbuff 0x79485e200c00 recvbuff 0x79485e400c00 count 256 datatype 7 op 0 root 0 comm 0x5b14ddb4a300 [nranks=8] stream 0x5b14dbb42640
h200-bar-200-075:1341737:1341737 [7] NCCL INFO AllReduce: opCount 0 sendbuff 0x79485e800c00 recvbuff 0x79485ea00c00 count 256 datatype 7 op 0 root 0 comm 0x5b14ddc75e10 [nranks=8] stream 0x5b14dc6db8c0
h200-bar-200-075:1341737:1341737 [7] NCCL INFO AllReduce: opCount 0 sendbuff 0x79485ee00c00 recvbuff 0x79485f000c00 count 256 datatype 7 op 0 root 0 comm 0x5b14ddda1920 [nranks=8] stream 0x5b14dd210b40
h200-bar-200-075:1341737:1341737 [0] NCCL INFO AllReduce: 1024 Bytes -> Algo RING proto LL channel{Lo..Hi}={0..0}
h200-bar-200-075:1341737:1341737 [7] NCCL INFO AllReduce: opCount 0 sendbuff 0x79485c401000 recvbuff 0x79485c601000 count 256 datatype 7 op 0 root 0 comm 0x5b14dd57cbe0 [nranks=8] stream 0x5b14d837a3d0
h200-bar-200-075:1341737:1341737 [7] NCCL INFO AllReduce: opCount 0 sendbuff 0x79485ca01000 recvbuff 0x79485cc01000 count 256 datatype 7 op 0 root 0 comm 0x5b14dd6a1a60 [nranks=8] stream 0x5b14d8c2a140
h200-bar-200-075:1341737:1341737 [7] NCCL INFO AllReduce: opCount 0 sendbuff 0x79485d001000 recvbuff 0x79485d201000 count 256 datatype 7 op 0 root 0 comm 0x5b14dd7c73f0 [nranks=8] stream 0x5b14d981c330
h200-bar-200-075:1341737:1341737 [7] NCCL INFO AllReduce: opCount 0 sendbuff 0x79485d601000 recvbuff 0x79485d801000 count 256 datatype 7 op 0 root 0 comm 0x5b14dd8f2d40 [nranks=8] stream 0x5b14da3ade20
h200-bar-200-075:1341737:1341737 [7] NCCL INFO AllReduce: opCount 0 sendbuff 0x79485dc01000 recvbuff 0x79485de01000 count 256 datatype 7 op 0 root 0 comm 0x5b14dda1e810 [nranks=8] stream 0x5b14daf91820
h200-bar-200-075:1341737:1341737 [7] NCCL INFO AllReduce: opCount 0 sendbuff 0x79485e201000 recvbuff 0x79485e401000 count 256 datatype 7 op 0 root 0 comm 0x5b14ddb4a300 [nranks=8] stream 0x5b14dbb42640
h200-bar-200-075:1341737:1341737 [7] NCCL INFO AllReduce: opCount 0 sendbuff 0x79485e801000 recvbuff 0x79485ea01000 count 256 datatype 7 op 0 root 0 comm 0x5b14ddc75e10 [nranks=8] stream 0x5b14dc6db8c0
h200-bar-200-075:1341737:1341737 [7] NCCL INFO AllReduce: opCount 0 sendbuff 0x79485ee01000 recvbuff 0x79485f001000 count 256 datatype 7 op 0 root 0 comm 0x5b14ddda1920 [nranks=8] stream 0x5b14dd210b40
h200-bar-200-075:1341737:1341737 [0] NCCL INFO AllReduce: 1024 Bytes -> Algo RING proto LL channel{Lo..Hi}={0..0}
h200-bar-200-075:1341737:1341737 [7] NCCL INFO AllReduce: opCount 0 sendbuff 0x79485c400000 recvbuff 0x79485c600000 count 256 datatype 7 op 0 root 0 comm 0x5b14dd57cbe0 [nranks=8] stream 0x5b14d837a3d0
h200-bar-200-075:1341737:1341737 [7] NCCL INFO AllReduce: opCount 0 sendbuff 0x79485ca00000 recvbuff 0x79485cc00000 count 256 datatype 7 op 0 root 0 comm 0x5b14dd6a1a60 [nranks=8] stream 0x5b14d8c2a140
h200-bar-200-075:1341737:1341737 [7] NCCL INFO AllReduce: opCount 0 sendbuff 0x79485d000000 recvbuff 0x79485d200000 count 256 datatype 7 op 0 root 0 comm 0x5b14dd7c73f0 [nranks=8] stream 0x5b14d981c330
h200-bar-200-075:1341737:1341737 [7] NCCL INFO AllReduce: opCount 0 sendbuff 0x79485d600000 recvbuff 0x79485d800000 count 256 datatype 7 op 0 root 0 comm 0x5b14dd8f2d40 [nranks=8] stream 0x5b14da3ade20
h200-bar-200-075:1341737:1341737 [7] NCCL INFO AllReduce: opCount 0 sendbuff 0x79485dc00000 recvbuff 0x79485de00000 count 256 datatype 7 op 0 root 0 comm 0x5b14dda1e810 [nranks=8] stream 0x5b14daf91820
h200-bar-200-075:1341737:1341737 [7] NCCL INFO AllReduce: opCount 0 sendbuff 0x79485e200000 recvbuff 0x79485e400000 count 256 datatype 7 op 0 root 0 comm 0x5b14ddb4a300 [nranks=8] stream 0x5b14dbb42640
h200-bar-200-075:1341737:1341737 [7] NCCL INFO AllReduce: opCount 0 sendbuff 0x79485e800000 recvbuff 0x79485ea00000 count 256 datatype 7 op 0 root 0 comm 0x5b14ddc75e10 [nranks=8] stream 0x5b14dc6db8c0
h200-bar-200-075:1341737:1341737 [7] NCCL INFO AllReduce: opCount 0 sendbuff 0x79485ee00000 recvbuff 0x79485f000000 count 256 datatype 7 op 0 root 0 comm 0x5b14ddda1920 [nranks=8] stream 0x5b14dd210b40
h200-bar-200-075:1341737:1341737 [0] NCCL INFO AllReduce: 1024 Bytes -> Algo RING proto LL channel{Lo..Hi}={0..0}
    51.93    0.02    0.03       0h200-bar-200-075:1341737:1341737 [7] NCCL INFO AllReduce: opCount 0 sendbuff 0x79485c600000 recvbuff 0x79485c600000 count 256 datatype 7 op 0 root 0 comm 0x5b14dd57cbe0 [nranks=8] stream 0x5b14d837a3d0
h200-bar-200-075:1341737:1341737 [7] NCCL INFO AllReduce: opCount 0 sendbuff 0x79485cc00000 recvbuff 0x79485cc00000 count 256 datatype 7 op 0 root 0 comm 0x5b14dd6a1a60 [nranks=8] stream 0x5b14d8c2a140
h200-bar-200-075:1341737:1341737 [7] NCCL INFO AllReduce: opCount 0 sendbuff 0x79485d200000 recvbuff 0x79485d200000 count 256 datatype 7 op 0 root 0 comm 0x5b14dd7c73f0 [nranks=8] stream 0x5b14d981c330
h200-bar-200-075:1341737:1341737 [7] NCCL INFO AllReduce: opCount 0 sendbuff 0x79485d800000 recvbuff 0x79485d800000 count 256 datatype 7 op 0 root 0 comm 0x5b14dd8f2d40 [nranks=8] stream 0x5b14da3ade20
h200-bar-200-075:1341737:1341737 [7] NCCL INFO AllReduce: opCount 0 sendbuff 0x79485de00000 recvbuff 0x79485de00000 count 256 datatype 7 op 0 root 0 comm 0x5b14dda1e810 [nranks=8] stream 0x5b14daf91820
h200-bar-200-075:1341737:1341737 [7] NCCL INFO AllReduce: opCount 0 sendbuff 0x79485e400000 recvbuff 0x79485e400000 count 256 datatype 7 op 0 root 0 comm 0x5b14ddb4a300 [nranks=8] stream 0x5b14dbb42640
h200-bar-200-075:1341737:1341737 [7] NCCL INFO AllReduce: opCount 0 sendbuff 0x79485ea00000 recvbuff 0x79485ea00000 count 256 datatype 7 op 0 root 0 comm 0x5b14ddc75e10 [nranks=8] stream 0x5b14dc6db8c0
h200-bar-200-075:1341737:1341737 [7] NCCL INFO AllReduce: opCount 0 sendbuff 0x79485f000000 recvbuff 0x79485f000000 count 256 datatype 7 op 0 root 0 comm 0x5b14ddda1920 [nranks=8] stream 0x5b14dd210b40
h200-bar-200-075:1341737:1341737 [0] NCCL INFO AllReduce: 1024 Bytes -> Algo RING proto LL channel{Lo..Hi}={0..0}
h200-bar-200-075:1341737:1341737 [7] NCCL INFO AllReduce: opCount 0 sendbuff 0x79485c600000 recvbuff 0x79485c600000 count 256 datatype 7 op 0 root 0 comm 0x5b14dd57cbe0 [nranks=8] stream 0x5b14d837a3d0
h200-bar-200-075:1341737:1341737 [7] NCCL INFO AllReduce: opCount 0 sendbuff 0x79485cc00000 recvbuff 0x79485cc00000 count 256 datatype 7 op 0 root 0 comm 0x5b14dd6a1a60 [nranks=8] stream 0x5b14d8c2a140
h200-bar-200-075:1341737:1341737 [7] NCCL INFO AllReduce: opCount 0 sendbuff 0x79485d200000 recvbuff 0x79485d200000 count 256 datatype 7 op 0 root 0 comm 0x5b14dd7c73f0 [nranks=8] stream 0x5b14d981c330
h200-bar-200-075:1341737:1341737 [7] NCCL INFO AllReduce: opCount 0 sendbuff 0x79485d800000 recvbuff 0x79485d800000 count 256 datatype 7 op 0 root 0 comm 0x5b14dd8f2d40 [nranks=8] stream 0x5b14da3ade20
h200-bar-200-075:1341737:1341737 [7] NCCL INFO AllReduce: opCount 0 sendbuff 0x79485de00000 recvbuff 0x79485de00000 count 256 datatype 7 op 0 root 0 comm 0x5b14dda1e810 [nranks=8] stream 0x5b14daf91820
h200-bar-200-075:1341737:1341737 [7] NCCL INFO AllReduce: opCount 0 sendbuff 0x79485e400000 recvbuff 0x79485e400000 count 256 datatype 7 op 0 root 0 comm 0x5b14ddb4a300 [nranks=8] stream 0x5b14dbb42640
h200-bar-200-075:1341737:1341737 [7] NCCL INFO AllReduce: opCount 0 sendbuff 0x79485ea00000 recvbuff 0x79485ea00000 count 256 datatype 7 op 0 root 0 comm 0x5b14ddc75e10 [nranks=8] stream 0x5b14dc6db8c0
h200-bar-200-075:1341737:1341737 [7] NCCL INFO AllReduce: opCount 0 sendbuff 0x79485f000000 recvbuff 0x79485f000000 count 256 datatype 7 op 0 root 0 comm 0x5b14ddda1920 [nranks=8] stream 0x5b14dd210b40
h200-bar-200-075:1341737:1341737 [0] NCCL INFO AllReduce: 1024 Bytes -> Algo RING proto LL channel{Lo..Hi}={0..0}
h200-bar-200-075:1341737:1341737 [7] NCCL INFO AllReduce: opCount 0 sendbuff 0x79485c600400 recvbuff 0x79485c600400 count 256 datatype 7 op 0 root 0 comm 0x5b14dd57cbe0 [nranks=8] stream 0x5b14d837a3d0
h200-bar-200-075:1341737:1341737 [7] NCCL INFO AllReduce: opCount 0 sendbuff 0x79485cc00400 recvbuff 0x79485cc00400 count 256 datatype 7 op 0 root 0 comm 0x5b14dd6a1a60 [nranks=8] stream 0x5b14d8c2a140
h200-bar-200-075:1341737:1341737 [7] NCCL INFO AllReduce: opCount 0 sendbuff 0x79485d200400 recvbuff 0x79485d200400 count 256 datatype 7 op 0 root 0 comm 0x5b14dd7c73f0 [nranks=8] stream 0x5b14d981c330
h200-bar-200-075:1341737:1341737 [7] NCCL INFO AllReduce: opCount 0 sendbuff 0x79485d800400 recvbuff 0x79485d800400 count 256 datatype 7 op 0 root 0 comm 0x5b14dd8f2d40 [nranks=8] stream 0x5b14da3ade20
h200-bar-200-075:1341737:1341737 [7] NCCL INFO AllReduce: opCount 0 sendbuff 0x79485de00400 recvbuff 0x79485de00400 count 256 datatype 7 op 0 root 0 comm 0x5b14dda1e810 [nranks=8] stream 0x5b14daf91820
h200-bar-200-075:1341737:1341737 [7] NCCL INFO AllReduce: opCount 0 sendbuff 0x79485e400400 recvbuff 0x79485e400400 count 256 datatype 7 op 0 root 0 comm 0x5b14ddb4a300 [nranks=8] stream 0x5b14dbb42640
h200-bar-200-075:1341737:1341737 [7] NCCL INFO AllReduce: opCount 0 sendbuff 0x79485ea00400 recvbuff 0x79485ea00400 count 256 datatype 7 op 0 root 0 comm 0x5b14ddc75e10 [nranks=8] stream 0x5b14dc6db8c0
h200-bar-200-075:1341737:1341737 [7] NCCL INFO AllReduce: opCount 0 sendbuff 0x79485f000400 recvbuff 0x79485f000400 count 256 datatype 7 op 0 root 0 comm 0x5b14ddda1920 [nranks=8] stream 0x5b14dd210b40
h200-bar-200-075:1341737:1341737 [0] NCCL INFO AllReduce: 1024 Bytes -> Algo RING proto LL channel{Lo..Hi}={0..0}
h200-bar-200-075:1341737:1341737 [7] NCCL INFO AllReduce: opCount 0 sendbuff 0x79485c600800 recvbuff 0x79485c600800 count 256 datatype 7 op 0 root 0 comm 0x5b14dd57cbe0 [nranks=8] stream 0x5b14d837a3d0
h200-bar-200-075:1341737:1341737 [7] NCCL INFO AllReduce: opCount 0 sendbuff 0x79485cc00800 recvbuff 0x79485cc00800 count 256 datatype 7 op 0 root 0 comm 0x5b14dd6a1a60 [nranks=8] stream 0x5b14d8c2a140
h200-bar-200-075:1341737:1341737 [7] NCCL INFO AllReduce: opCount 0 sendbuff 0x79485d200800 recvbuff 0x79485d200800 count 256 datatype 7 op 0 root 0 comm 0x5b14dd7c73f0 [nranks=8] stream 0x5b14d981c330
h200-bar-200-075:1341737:1341737 [7] NCCL INFO AllReduce: opCount 0 sendbuff 0x79485d800800 recvbuff 0x79485d800800 count 256 datatype 7 op 0 root 0 comm 0x5b14dd8f2d40 [nranks=8] stream 0x5b14da3ade20
h200-bar-200-075:1341737:1341737 [7] NCCL INFO AllReduce: opCount 0 sendbuff 0x79485de00800 recvbuff 0x79485de00800 count 256 datatype 7 op 0 root 0 comm 0x5b14dda1e810 [nranks=8] stream 0x5b14daf91820
h200-bar-200-075:1341737:1341737 [7] NCCL INFO AllReduce: opCount 0 sendbuff 0x79485e400800 recvbuff 0x79485e400800 count 256 datatype 7 op 0 root 0 comm 0x5b14ddb4a300 [nranks=8] stream 0x5b14dbb42640
h200-bar-200-075:1341737:1341737 [7] NCCL INFO AllReduce: opCount 0 sendbuff 0x79485ea00800 recvbuff 0x79485ea00800 count 256 datatype 7 op 0 root 0 comm 0x5b14ddc75e10 [nranks=8] stream 0x5b14dc6db8c0
h200-bar-200-075:1341737:1341737 [7] NCCL INFO AllReduce: opCount 0 sendbuff 0x79485f000800 recvbuff 0x79485f000800 count 256 datatype 7 op 0 root 0 comm 0x5b14ddda1920 [nranks=8] stream 0x5b14dd210b40
h200-bar-200-075:1341737:1341737 [0] NCCL INFO AllReduce: 1024 Bytes -> Algo RING proto LL channel{Lo..Hi}={0..0}
h200-bar-200-075:1341737:1341737 [7] NCCL INFO AllReduce: opCount 0 sendbuff 0x79485c600c00 recvbuff 0x79485c600c00 count 256 datatype 7 op 0 root 0 comm 0x5b14dd57cbe0 [nranks=8] stream 0x5b14d837a3d0
h200-bar-200-075:1341737:1341737 [7] NCCL INFO AllReduce: opCount 0 sendbuff 0x79485cc00c00 recvbuff 0x79485cc00c00 count 256 datatype 7 op 0 root 0 comm 0x5b14dd6a1a60 [nranks=8] stream 0x5b14d8c2a140
h200-bar-200-075:1341737:1341737 [7] NCCL INFO AllReduce: opCount 0 sendbuff 0x79485d200c00 recvbuff 0x79485d200c00 count 256 datatype 7 op 0 root 0 comm 0x5b14dd7c73f0 [nranks=8] stream 0x5b14d981c330
h200-bar-200-075:1341737:1341737 [7] NCCL INFO AllReduce: opCount 0 sendbuff 0x79485d800c00 recvbuff 0x79485d800c00 count 256 datatype 7 op 0 root 0 comm 0x5b14dd8f2d40 [nranks=8] stream 0x5b14da3ade20
h200-bar-200-075:1341737:1341737 [7] NCCL INFO AllReduce: opCount 0 sendbuff 0x79485de00c00 recvbuff 0x79485de00c00 count 256 datatype 7 op 0 root 0 comm 0x5b14dda1e810 [nranks=8] stream 0x5b14daf91820
h200-bar-200-075:1341737:1341737 [7] NCCL INFO AllReduce: opCount 0 sendbuff 0x79485e400c00 recvbuff 0x79485e400c00 count 256 datatype 7 op 0 root 0 comm 0x5b14ddb4a300 [nranks=8] stream 0x5b14dbb42640
h200-bar-200-075:1341737:1341737 [7] NCCL INFO AllReduce: opCount 0 sendbuff 0x79485ea00c00 recvbuff 0x79485ea00c00 count 256 datatype 7 op 0 root 0 comm 0x5b14ddc75e10 [nranks=8] stream 0x5b14dc6db8c0
h200-bar-200-075:1341737:1341737 [7] NCCL INFO AllReduce: opCount 0 sendbuff 0x79485f000c00 recvbuff 0x79485f000c00 count 256 datatype 7 op 0 root 0 comm 0x5b14ddda1920 [nranks=8] stream 0x5b14dd210b40
h200-bar-200-075:1341737:1341737 [0] NCCL INFO AllReduce: 1024 Bytes -> Algo RING proto LL channel{Lo..Hi}={0..0}
h200-bar-200-075:1341737:1341737 [7] NCCL INFO AllReduce: opCount 0 sendbuff 0x79485c601000 recvbuff 0x79485c601000 count 256 datatype 7 op 0 root 0 comm 0x5b14dd57cbe0 [nranks=8] stream 0x5b14d837a3d0
h200-bar-200-075:1341737:1341737 [7] NCCL INFO AllReduce: opCount 0 sendbuff 0x79485cc01000 recvbuff 0x79485cc01000 count 256 datatype 7 op 0 root 0 comm 0x5b14dd6a1a60 [nranks=8] stream 0x5b14d8c2a140
h200-bar-200-075:1341737:1341737 [7] NCCL INFO AllReduce: opCount 0 sendbuff 0x79485d201000 recvbuff 0x79485d201000 count 256 datatype 7 op 0 root 0 comm 0x5b14dd7c73f0 [nranks=8] stream 0x5b14d981c330
h200-bar-200-075:1341737:1341737 [7] NCCL INFO AllReduce: opCount 0 sendbuff 0x79485d801000 recvbuff 0x79485d801000 count 256 datatype 7 op 0 root 0 comm 0x5b14dd8f2d40 [nranks=8] stream 0x5b14da3ade20
h200-bar-200-075:1341737:1341737 [7] NCCL INFO AllReduce: opCount 0 sendbuff 0x79485de01000 recvbuff 0x79485de01000 count 256 datatype 7 op 0 root 0 comm 0x5b14dda1e810 [nranks=8] stream 0x5b14daf91820
h200-bar-200-075:1341737:1341737 [7] NCCL INFO AllReduce: opCount 0 sendbuff 0x79485e401000 recvbuff 0x79485e401000 count 256 datatype 7 op 0 root 0 comm 0x5b14ddb4a300 [nranks=8] stream 0x5b14dbb42640
h200-bar-200-075:1341737:1341737 [7] NCCL INFO AllReduce: opCount 0 sendbuff 0x79485ea01000 recvbuff 0x79485ea01000 count 256 datatype 7 op 0 root 0 comm 0x5b14ddc75e10 [nranks=8] stream 0x5b14dc6db8c0
h200-bar-200-075:1341737:1341737 [7] NCCL INFO AllReduce: opCount 0 sendbuff 0x79485f001000 recvbuff 0x79485f001000 count 256 datatype 7 op 0 root 0 comm 0x5b14ddda1920 [nranks=8] stream 0x5b14dd210b40
h200-bar-200-075:1341737:1341737 [0] NCCL INFO AllReduce: 1024 Bytes -> Algo RING proto LL channel{Lo..Hi}={0..0}
h200-bar-200-075:1341737:1341737 [7] NCCL INFO AllReduce: opCount 0 sendbuff 0x79485c600000 recvbuff 0x79485c600000 count 256 datatype 7 op 0 root 0 comm 0x5b14dd57cbe0 [nranks=8] stream 0x5b14d837a3d0
h200-bar-200-075:1341737:1341737 [7] NCCL INFO AllReduce: opCount 0 sendbuff 0x79485cc00000 recvbuff 0x79485cc00000 count 256 datatype 7 op 0 root 0 comm 0x5b14dd6a1a60 [nranks=8] stream 0x5b14d8c2a140
h200-bar-200-075:1341737:1341737 [7] NCCL INFO AllReduce: opCount 0 sendbuff 0x79485d200000 recvbuff 0x79485d200000 count 256 datatype 7 op 0 root 0 comm 0x5b14dd7c73f0 [nranks=8] stream 0x5b14d981c330
h200-bar-200-075:1341737:1341737 [7] NCCL INFO AllReduce: opCount 0 sendbuff 0x79485d800000 recvbuff 0x79485d800000 count 256 datatype 7 op 0 root 0 comm 0x5b14dd8f2d40 [nranks=8] stream 0x5b14da3ade20
h200-bar-200-075:1341737:1341737 [7] NCCL INFO AllReduce: opCount 0 sendbuff 0x79485de00000 recvbuff 0x79485de00000 count 256 datatype 7 op 0 root 0 comm 0x5b14dda1e810 [nranks=8] stream 0x5b14daf91820
h200-bar-200-075:1341737:1341737 [7] NCCL INFO AllReduce: opCount 0 sendbuff 0x79485e400000 recvbuff 0x79485e400000 count 256 datatype 7 op 0 root 0 comm 0x5b14ddb4a300 [nranks=8] stream 0x5b14dbb42640
h200-bar-200-075:1341737:1341737 [7] NCCL INFO AllReduce: opCount 0 sendbuff 0x79485ea00000 recvbuff 0x79485ea00000 count 256 datatype 7 op 0 root 0 comm 0x5b14ddc75e10 [nranks=8] stream 0x5b14dc6db8c0
h200-bar-200-075:1341737:1341737 [7] NCCL INFO AllReduce: opCount 0 sendbuff 0x79485f000000 recvbuff 0x79485f000000 count 256 datatype 7 op 0 root 0 comm 0x5b14ddda1920 [nranks=8] stream 0x5b14dd210b40
h200-bar-200-075:1341737:1341737 [0] NCCL INFO AllReduce: 1024 Bytes -> Algo RING proto LL channel{Lo..Hi}={0..0}
    52.06    0.02    0.03       0
       32768          8192     float     sum      -1h200-bar-200-075:1341737:1341737 [7] NCCL INFO AllReduce: opCount 0 sendbuff 0x79485c400000 recvbuff 0x79485c600000 count 8192 datatype 7 op 0 root 0 comm 0x5b14dd57cbe0 [nranks=8] stream 0x5b14d837a3d0
h200-bar-200-075:1341737:1341737 [7] NCCL INFO AllReduce: opCount 0 sendbuff 0x79485ca00000 recvbuff 0x79485cc00000 count 8192 datatype 7 op 0 root 0 comm 0x5b14dd6a1a60 [nranks=8] stream 0x5b14d8c2a140
h200-bar-200-075:1341737:1341737 [7] NCCL INFO AllReduce: opCount 0 sendbuff 0x79485d000000 recvbuff 0x79485d200000 count 8192 datatype 7 op 0 root 0 comm 0x5b14dd7c73f0 [nranks=8] stream 0x5b14d981c330
h200-bar-200-075:1341737:1341737 [7] NCCL INFO AllReduce: opCount 0 sendbuff 0x79485d600000 recvbuff 0x79485d800000 count 8192 datatype 7 op 0 root 0 comm 0x5b14dd8f2d40 [nranks=8] stream 0x5b14da3ade20
h200-bar-200-075:1341737:1341737 [7] NCCL INFO AllReduce: opCount 0 sendbuff 0x79485dc00000 recvbuff 0x79485de00000 count 8192 datatype 7 op 0 root 0 comm 0x5b14dda1e810 [nranks=8] stream 0x5b14daf91820
h200-bar-200-075:1341737:1341737 [7] NCCL INFO AllReduce: opCount 0 sendbuff 0x79485e200000 recvbuff 0x79485e400000 count 8192 datatype 7 op 0 root 0 comm 0x5b14ddb4a300 [nranks=8] stream 0x5b14dbb42640
h200-bar-200-075:1341737:1341737 [7] NCCL INFO AllReduce: opCount 0 sendbuff 0x79485e800000 recvbuff 0x79485ea00000 count 8192 datatype 7 op 0 root 0 comm 0x5b14ddc75e10 [nranks=8] stream 0x5b14dc6db8c0
h200-bar-200-075:1341737:1341737 [7] NCCL INFO AllReduce: opCount 0 sendbuff 0x79485ee00000 recvbuff 0x79485f000000 count 8192 datatype 7 op 0 root 0 comm 0x5b14ddda1920 [nranks=8] stream 0x5b14dd210b40
h200-bar-200-075:1341737:1341737 [0] NCCL INFO AllReduce: 32768 Bytes -> Algo RING proto LL channel{Lo..Hi}={0..0}
h200-bar-200-075:1341737:1341737 [7] NCCL INFO AllReduce: opCount 0 sendbuff 0x79485c400000 recvbuff 0x79485c600000 count 8192 datatype 7 op 0 root 0 comm 0x5b14dd57cbe0 [nranks=8] stream 0x5b14d837a3d0
h200-bar-200-075:1341737:1341737 [7] NCCL INFO AllReduce: opCount 0 sendbuff 0x79485ca00000 recvbuff 0x79485cc00000 count 8192 datatype 7 op 0 root 0 comm 0x5b14dd6a1a60 [nranks=8] stream 0x5b14d8c2a140
h200-bar-200-075:1341737:1341737 [7] NCCL INFO AllReduce: opCount 0 sendbuff 0x79485d000000 recvbuff 0x79485d200000 count 8192 datatype 7 op 0 root 0 comm 0x5b14dd7c73f0 [nranks=8] stream 0x5b14d981c330
h200-bar-200-075:1341737:1341737 [7] NCCL INFO AllReduce: opCount 0 sendbuff 0x79485d600000 recvbuff 0x79485d800000 count 8192 datatype 7 op 0 root 0 comm 0x5b14dd8f2d40 [nranks=8] stream 0x5b14da3ade20
h200-bar-200-075:1341737:1341737 [7] NCCL INFO AllReduce: opCount 0 sendbuff 0x79485dc00000 recvbuff 0x79485de00000 count 8192 datatype 7 op 0 root 0 comm 0x5b14dda1e810 [nranks=8] stream 0x5b14daf91820
h200-bar-200-075:1341737:1341737 [7] NCCL INFO AllReduce: opCount 0 sendbuff 0x79485e200000 recvbuff 0x79485e400000 count 8192 datatype 7 op 0 root 0 comm 0x5b14ddb4a300 [nranks=8] stream 0x5b14dbb42640
h200-bar-200-075:1341737:1341737 [7] NCCL INFO AllReduce: opCount 0 sendbuff 0x79485e800000 recvbuff 0x79485ea00000 count 8192 datatype 7 op 0 root 0 comm 0x5b14ddc75e10 [nranks=8] stream 0x5b14dc6db8c0
h200-bar-200-075:1341737:1341737 [7] NCCL INFO AllReduce: opCount 0 sendbuff 0x79485ee00000 recvbuff 0x79485f000000 count 8192 datatype 7 op 0 root 0 comm 0x5b14ddda1920 [nranks=8] stream 0x5b14dd210b40
h200-bar-200-075:1341737:1341737 [0] NCCL INFO AllReduce: 32768 Bytes -> Algo RING proto LL channel{Lo..Hi}={0..0}
h200-bar-200-075:1341737:1341737 [7] NCCL INFO AllReduce: opCount 0 sendbuff 0x79485c408000 recvbuff 0x79485c608000 count 8192 datatype 7 op 0 root 0 comm 0x5b14dd57cbe0 [nranks=8] stream 0x5b14d837a3d0
h200-bar-200-075:1341737:1341737 [7] NCCL INFO AllReduce: opCount 0 sendbuff 0x79485ca08000 recvbuff 0x79485cc08000 count 8192 datatype 7 op 0 root 0 comm 0x5b14dd6a1a60 [nranks=8] stream 0x5b14d8c2a140
h200-bar-200-075:1341737:1341737 [7] NCCL INFO AllReduce: opCount 0 sendbuff 0x79485d008000 recvbuff 0x79485d208000 count 8192 datatype 7 op 0 root 0 comm 0x5b14dd7c73f0 [nranks=8] stream 0x5b14d981c330
h200-bar-200-075:1341737:1341737 [7] NCCL INFO AllReduce: opCount 0 sendbuff 0x79485d608000 recvbuff 0x79485d808000 count 8192 datatype 7 op 0 root 0 comm 0x5b14dd8f2d40 [nranks=8] stream 0x5b14da3ade20
h200-bar-200-075:1341737:1341737 [7] NCCL INFO AllReduce: opCount 0 sendbuff 0x79485dc08000 recvbuff 0x79485de08000 count 8192 datatype 7 op 0 root 0 comm 0x5b14dda1e810 [nranks=8] stream 0x5b14daf91820
h200-bar-200-075:1341737:1341737 [7] NCCL INFO AllReduce: opCount 0 sendbuff 0x79485e208000 recvbuff 0x79485e408000 count 8192 datatype 7 op 0 root 0 comm 0x5b14ddb4a300 [nranks=8] stream 0x5b14dbb42640
h200-bar-200-075:1341737:1341737 [7] NCCL INFO AllReduce: opCount 0 sendbuff 0x79485e808000 recvbuff 0x79485ea08000 count 8192 datatype 7 op 0 root 0 comm 0x5b14ddc75e10 [nranks=8] stream 0x5b14dc6db8c0
h200-bar-200-075:1341737:1341737 [7] NCCL INFO AllReduce: opCount 0 sendbuff 0x79485ee08000 recvbuff 0x79485f008000 count 8192 datatype 7 op 0 root 0 comm 0x5b14ddda1920 [nranks=8] stream 0x5b14dd210b40
h200-bar-200-075:1341737:1341737 [0] NCCL INFO AllReduce: 32768 Bytes -> Algo RING proto LL channel{Lo..Hi}={0..0}
h200-bar-200-075:1341737:1341737 [7] NCCL INFO AllReduce: opCount 0 sendbuff 0x79485c410000 recvbuff 0x79485c610000 count 8192 datatype 7 op 0 root 0 comm 0x5b14dd57cbe0 [nranks=8] stream 0x5b14d837a3d0
h200-bar-200-075:1341737:1341737 [7] NCCL INFO AllReduce: opCount 0 sendbuff 0x79485ca10000 recvbuff 0x79485cc10000 count 8192 datatype 7 op 0 root 0 comm 0x5b14dd6a1a60 [nranks=8] stream 0x5b14d8c2a140
h200-bar-200-075:1341737:1341737 [7] NCCL INFO AllReduce: opCount 0 sendbuff 0x79485d010000 recvbuff 0x79485d210000 count 8192 datatype 7 op 0 root 0 comm 0x5b14dd7c73f0 [nranks=8] stream 0x5b14d981c330
h200-bar-200-075:1341737:1341737 [7] NCCL INFO AllReduce: opCount 0 sendbuff 0x79485d610000 recvbuff 0x79485d810000 count 8192 datatype 7 op 0 root 0 comm 0x5b14dd8f2d40 [nranks=8] stream 0x5b14da3ade20
h200-bar-200-075:1341737:1341737 [7] NCCL INFO AllReduce: opCount 0 sendbuff 0x79485dc10000 recvbuff 0x79485de10000 count 8192 datatype 7 op 0 root 0 comm 0x5b14dda1e810 [nranks=8] stream 0x5b14daf91820
h200-bar-200-075:1341737:1341737 [7] NCCL INFO AllReduce: opCount 0 sendbuff 0x79485e210000 recvbuff 0x79485e410000 count 8192 datatype 7 op 0 root 0 comm 0x5b14ddb4a300 [nranks=8] stream 0x5b14dbb42640
h200-bar-200-075:1341737:1341737 [7] NCCL INFO AllReduce: opCount 0 sendbuff 0x79485e810000 recvbuff 0x79485ea10000 count 8192 datatype 7 op 0 root 0 comm 0x5b14ddc75e10 [nranks=8] stream 0x5b14dc6db8c0
h200-bar-200-075:1341737:1341737 [7] NCCL INFO AllReduce: opCount 0 sendbuff 0x79485ee10000 recvbuff 0x79485f010000 count 8192 datatype 7 op 0 root 0 comm 0x5b14ddda1920 [nranks=8] stream 0x5b14dd210b40
h200-bar-200-075:1341737:1341737 [0] NCCL INFO AllReduce: 32768 Bytes -> Algo RING proto LL channel{Lo..Hi}={0..0}
h200-bar-200-075:1341737:1341737 [7] NCCL INFO AllReduce: opCount 0 sendbuff 0x79485c418000 recvbuff 0x79485c618000 count 8192 datatype 7 op 0 root 0 comm 0x5b14dd57cbe0 [nranks=8] stream 0x5b14d837a3d0
h200-bar-200-075:1341737:1341737 [7] NCCL INFO AllReduce: opCount 0 sendbuff 0x79485ca18000 recvbuff 0x79485cc18000 count 8192 datatype 7 op 0 root 0 comm 0x5b14dd6a1a60 [nranks=8] stream 0x5b14d8c2a140
h200-bar-200-075:1341737:1341737 [7] NCCL INFO AllReduce: opCount 0 sendbuff 0x79485d018000 recvbuff 0x79485d218000 count 8192 datatype 7 op 0 root 0 comm 0x5b14dd7c73f0 [nranks=8] stream 0x5b14d981c330
h200-bar-200-075:1341737:1341737 [7] NCCL INFO AllReduce: opCount 0 sendbuff 0x79485d618000 recvbuff 0x79485d818000 count 8192 datatype 7 op 0 root 0 comm 0x5b14dd8f2d40 [nranks=8] stream 0x5b14da3ade20
h200-bar-200-075:1341737:1341737 [7] NCCL INFO AllReduce: opCount 0 sendbuff 0x79485dc18000 recvbuff 0x79485de18000 count 8192 datatype 7 op 0 root 0 comm 0x5b14dda1e810 [nranks=8] stream 0x5b14daf91820
h200-bar-200-075:1341737:1341737 [7] NCCL INFO AllReduce: opCount 0 sendbuff 0x79485e218000 recvbuff 0x79485e418000 count 8192 datatype 7 op 0 root 0 comm 0x5b14ddb4a300 [nranks=8] stream 0x5b14dbb42640
h200-bar-200-075:1341737:1341737 [7] NCCL INFO AllReduce: opCount 0 sendbuff 0x79485e818000 recvbuff 0x79485ea18000 count 8192 datatype 7 op 0 root 0 comm 0x5b14ddc75e10 [nranks=8] stream 0x5b14dc6db8c0
h200-bar-200-075:1341737:1341737 [7] NCCL INFO AllReduce: opCount 0 sendbuff 0x79485ee18000 recvbuff 0x79485f018000 count 8192 datatype 7 op 0 root 0 comm 0x5b14ddda1920 [nranks=8] stream 0x5b14dd210b40
h200-bar-200-075:1341737:1341737 [0] NCCL INFO AllReduce: 32768 Bytes -> Algo RING proto LL channel{Lo..Hi}={0..0}
h200-bar-200-075:1341737:1341737 [7] NCCL INFO AllReduce: opCount 0 sendbuff 0x79485c420000 recvbuff 0x79485c620000 count 8192 datatype 7 op 0 root 0 comm 0x5b14dd57cbe0 [nranks=8] stream 0x5b14d837a3d0
h200-bar-200-075:1341737:1341737 [7] NCCL INFO AllReduce: opCount 0 sendbuff 0x79485ca20000 recvbuff 0x79485cc20000 count 8192 datatype 7 op 0 root 0 comm 0x5b14dd6a1a60 [nranks=8] stream 0x5b14d8c2a140
h200-bar-200-075:1341737:1341737 [7] NCCL INFO AllReduce: opCount 0 sendbuff 0x79485d020000 recvbuff 0x79485d220000 count 8192 datatype 7 op 0 root 0 comm 0x5b14dd7c73f0 [nranks=8] stream 0x5b14d981c330
h200-bar-200-075:1341737:1341737 [7] NCCL INFO AllReduce: opCount 0 sendbuff 0x79485d620000 recvbuff 0x79485d820000 count 8192 datatype 7 op 0 root 0 comm 0x5b14dd8f2d40 [nranks=8] stream 0x5b14da3ade20
h200-bar-200-075:1341737:1341737 [7] NCCL INFO AllReduce: opCount 0 sendbuff 0x79485dc20000 recvbuff 0x79485de20000 count 8192 datatype 7 op 0 root 0 comm 0x5b14dda1e810 [nranks=8] stream 0x5b14daf91820
h200-bar-200-075:1341737:1341737 [7] NCCL INFO AllReduce: opCount 0 sendbuff 0x79485e220000 recvbuff 0x79485e420000 count 8192 datatype 7 op 0 root 0 comm 0x5b14ddb4a300 [nranks=8] stream 0x5b14dbb42640
h200-bar-200-075:1341737:1341737 [7] NCCL INFO AllReduce: opCount 0 sendbuff 0x79485e820000 recvbuff 0x79485ea20000 count 8192 datatype 7 op 0 root 0 comm 0x5b14ddc75e10 [nranks=8] stream 0x5b14dc6db8c0
h200-bar-200-075:1341737:1341737 [7] NCCL INFO AllReduce: opCount 0 sendbuff 0x79485ee20000 recvbuff 0x79485f020000 count 8192 datatype 7 op 0 root 0 comm 0x5b14ddda1920 [nranks=8] stream 0x5b14dd210b40
h200-bar-200-075:1341737:1341737 [0] NCCL INFO AllReduce: 32768 Bytes -> Algo RING proto LL channel{Lo..Hi}={0..0}
h200-bar-200-075:1341737:1341737 [7] NCCL INFO AllReduce: opCount 0 sendbuff 0x79485c400000 recvbuff 0x79485c600000 count 8192 datatype 7 op 0 root 0 comm 0x5b14dd57cbe0 [nranks=8] stream 0x5b14d837a3d0
h200-bar-200-075:1341737:1341737 [7] NCCL INFO AllReduce: opCount 0 sendbuff 0x79485ca00000 recvbuff 0x79485cc00000 count 8192 datatype 7 op 0 root 0 comm 0x5b14dd6a1a60 [nranks=8] stream 0x5b14d8c2a140
h200-bar-200-075:1341737:1341737 [7] NCCL INFO AllReduce: opCount 0 sendbuff 0x79485d000000 recvbuff 0x79485d200000 count 8192 datatype 7 op 0 root 0 comm 0x5b14dd7c73f0 [nranks=8] stream 0x5b14d981c330
h200-bar-200-075:1341737:1341737 [7] NCCL INFO AllReduce: opCount 0 sendbuff 0x79485d600000 recvbuff 0x79485d800000 count 8192 datatype 7 op 0 root 0 comm 0x5b14dd8f2d40 [nranks=8] stream 0x5b14da3ade20
h200-bar-200-075:1341737:1341737 [7] NCCL INFO AllReduce: opCount 0 sendbuff 0x79485dc00000 recvbuff 0x79485de00000 count 8192 datatype 7 op 0 root 0 comm 0x5b14dda1e810 [nranks=8] stream 0x5b14daf91820
h200-bar-200-075:1341737:1341737 [7] NCCL INFO AllReduce: opCount 0 sendbuff 0x79485e200000 recvbuff 0x79485e400000 count 8192 datatype 7 op 0 root 0 comm 0x5b14ddb4a300 [nranks=8] stream 0x5b14dbb42640
h200-bar-200-075:1341737:1341737 [7] NCCL INFO AllReduce: opCount 0 sendbuff 0x79485e800000 recvbuff 0x79485ea00000 count 8192 datatype 7 op 0 root 0 comm 0x5b14ddc75e10 [nranks=8] stream 0x5b14dc6db8c0
h200-bar-200-075:1341737:1341737 [7] NCCL INFO AllReduce: opCount 0 sendbuff 0x79485ee00000 recvbuff 0x79485f000000 count 8192 datatype 7 op 0 root 0 comm 0x5b14ddda1920 [nranks=8] stream 0x5b14dd210b40
h200-bar-200-075:1341737:1341737 [0] NCCL INFO AllReduce: 32768 Bytes -> Algo RING proto LL channel{Lo..Hi}={0..0}
    54.60    0.60    1.05       0h200-bar-200-075:1341737:1341737 [7] NCCL INFO AllReduce: opCount 0 sendbuff 0x79485c600000 recvbuff 0x79485c600000 count 8192 datatype 7 op 0 root 0 comm 0x5b14dd57cbe0 [nranks=8] stream 0x5b14d837a3d0
h200-bar-200-075:1341737:1341737 [7] NCCL INFO AllReduce: opCount 0 sendbuff 0x79485cc00000 recvbuff 0x79485cc00000 count 8192 datatype 7 op 0 root 0 comm 0x5b14dd6a1a60 [nranks=8] stream 0x5b14d8c2a140
h200-bar-200-075:1341737:1341737 [7] NCCL INFO AllReduce: opCount 0 sendbuff 0x79485d200000 recvbuff 0x79485d200000 count 8192 datatype 7 op 0 root 0 comm 0x5b14dd7c73f0 [nranks=8] stream 0x5b14d981c330
h200-bar-200-075:1341737:1341737 [7] NCCL INFO AllReduce: opCount 0 sendbuff 0x79485d800000 recvbuff 0x79485d800000 count 8192 datatype 7 op 0 root 0 comm 0x5b14dd8f2d40 [nranks=8] stream 0x5b14da3ade20
h200-bar-200-075:1341737:1341737 [7] NCCL INFO AllReduce: opCount 0 sendbuff 0x79485de00000 recvbuff 0x79485de00000 count 8192 datatype 7 op 0 root 0 comm 0x5b14dda1e810 [nranks=8] stream 0x5b14daf91820
h200-bar-200-075:1341737:1341737 [7] NCCL INFO AllReduce: opCount 0 sendbuff 0x79485e400000 recvbuff 0x79485e400000 count 8192 datatype 7 op 0 root 0 comm 0x5b14ddb4a300 [nranks=8] stream 0x5b14dbb42640
h200-bar-200-075:1341737:1341737 [7] NCCL INFO AllReduce: opCount 0 sendbuff 0x79485ea00000 recvbuff 0x79485ea00000 count 8192 datatype 7 op 0 root 0 comm 0x5b14ddc75e10 [nranks=8] stream 0x5b14dc6db8c0
h200-bar-200-075:1341737:1341737 [7] NCCL INFO AllReduce: opCount 0 sendbuff 0x79485f000000 recvbuff 0x79485f000000 count 8192 datatype 7 op 0 root 0 comm 0x5b14ddda1920 [nranks=8] stream 0x5b14dd210b40
h200-bar-200-075:1341737:1341737 [0] NCCL INFO AllReduce: 32768 Bytes -> Algo RING proto LL channel{Lo..Hi}={0..0}
h200-bar-200-075:1341737:1341737 [7] NCCL INFO AllReduce: opCount 0 sendbuff 0x79485c600000 recvbuff 0x79485c600000 count 8192 datatype 7 op 0 root 0 comm 0x5b14dd57cbe0 [nranks=8] stream 0x5b14d837a3d0
h200-bar-200-075:1341737:1341737 [7] NCCL INFO AllReduce: opCount 0 sendbuff 0x79485cc00000 recvbuff 0x79485cc00000 count 8192 datatype 7 op 0 root 0 comm 0x5b14dd6a1a60 [nranks=8] stream 0x5b14d8c2a140
h200-bar-200-075:1341737:1341737 [7] NCCL INFO AllReduce: opCount 0 sendbuff 0x79485d200000 recvbuff 0x79485d200000 count 8192 datatype 7 op 0 root 0 comm 0x5b14dd7c73f0 [nranks=8] stream 0x5b14d981c330
h200-bar-200-075:1341737:1341737 [7] NCCL INFO AllReduce: opCount 0 sendbuff 0x79485d800000 recvbuff 0x79485d800000 count 8192 datatype 7 op 0 root 0 comm 0x5b14dd8f2d40 [nranks=8] stream 0x5b14da3ade20
h200-bar-200-075:1341737:1341737 [7] NCCL INFO AllReduce: opCount 0 sendbuff 0x79485de00000 recvbuff 0x79485de00000 count 8192 datatype 7 op 0 root 0 comm 0x5b14dda1e810 [nranks=8] stream 0x5b14daf91820
h200-bar-200-075:1341737:1341737 [7] NCCL INFO AllReduce: opCount 0 sendbuff 0x79485e400000 recvbuff 0x79485e400000 count 8192 datatype 7 op 0 root 0 comm 0x5b14ddb4a300 [nranks=8] stream 0x5b14dbb42640
h200-bar-200-075:1341737:1341737 [7] NCCL INFO AllReduce: opCount 0 sendbuff 0x79485ea00000 recvbuff 0x79485ea00000 count 8192 datatype 7 op 0 root 0 comm 0x5b14ddc75e10 [nranks=8] stream 0x5b14dc6db8c0
h200-bar-200-075:1341737:1341737 [7] NCCL INFO AllReduce: opCount 0 sendbuff 0x79485f000000 recvbuff 0x79485f000000 count 8192 datatype 7 op 0 root 0 comm 0x5b14ddda1920 [nranks=8] stream 0x5b14dd210b40
h200-bar-200-075:1341737:1341737 [0] NCCL INFO AllReduce: 32768 Bytes -> Algo RING proto LL channel{Lo..Hi}={0..0}
h200-bar-200-075:1341737:1341737 [7] NCCL INFO AllReduce: opCount 0 sendbuff 0x79485c608000 recvbuff 0x79485c608000 count 8192 datatype 7 op 0 root 0 comm 0x5b14dd57cbe0 [nranks=8] stream 0x5b14d837a3d0
h200-bar-200-075:1341737:1341737 [7] NCCL INFO AllReduce: opCount 0 sendbuff 0x79485cc08000 recvbuff 0x79485cc08000 count 8192 datatype 7 op 0 root 0 comm 0x5b14dd6a1a60 [nranks=8] stream 0x5b14d8c2a140
h200-bar-200-075:1341737:1341737 [7] NCCL INFO AllReduce: opCount 0 sendbuff 0x79485d208000 recvbuff 0x79485d208000 count 8192 datatype 7 op 0 root 0 comm 0x5b14dd7c73f0 [nranks=8] stream 0x5b14d981c330
h200-bar-200-075:1341737:1341737 [7] NCCL INFO AllReduce: opCount 0 sendbuff 0x79485d808000 recvbuff 0x79485d808000 count 8192 datatype 7 op 0 root 0 comm 0x5b14dd8f2d40 [nranks=8] stream 0x5b14da3ade20
h200-bar-200-075:1341737:1341737 [7] NCCL INFO AllReduce: opCount 0 sendbuff 0x79485de08000 recvbuff 0x79485de08000 count 8192 datatype 7 op 0 root 0 comm 0x5b14dda1e810 [nranks=8] stream 0x5b14daf91820
h200-bar-200-075:1341737:1341737 [7] NCCL INFO AllReduce: opCount 0 sendbuff 0x79485e408000 recvbuff 0x79485e408000 count 8192 datatype 7 op 0 root 0 comm 0x5b14ddb4a300 [nranks=8] stream 0x5b14dbb42640
h200-bar-200-075:1341737:1341737 [7] NCCL INFO AllReduce: opCount 0 sendbuff 0x79485ea08000 recvbuff 0x79485ea08000 count 8192 datatype 7 op 0 root 0 comm 0x5b14ddc75e10 [nranks=8] stream 0x5b14dc6db8c0
h200-bar-200-075:1341737:1341737 [7] NCCL INFO AllReduce: opCount 0 sendbuff 0x79485f008000 recvbuff 0x79485f008000 count 8192 datatype 7 op 0 root 0 comm 0x5b14ddda1920 [nranks=8] stream 0x5b14dd210b40
h200-bar-200-075:1341737:1341737 [0] NCCL INFO AllReduce: 32768 Bytes -> Algo RING proto LL channel{Lo..Hi}={0..0}
h200-bar-200-075:1341737:1341737 [7] NCCL INFO AllReduce: opCount 0 sendbuff 0x79485c610000 recvbuff 0x79485c610000 count 8192 datatype 7 op 0 root 0 comm 0x5b14dd57cbe0 [nranks=8] stream 0x5b14d837a3d0
h200-bar-200-075:1341737:1341737 [7] NCCL INFO AllReduce: opCount 0 sendbuff 0x79485cc10000 recvbuff 0x79485cc10000 count 8192 datatype 7 op 0 root 0 comm 0x5b14dd6a1a60 [nranks=8] stream 0x5b14d8c2a140
h200-bar-200-075:1341737:1341737 [7] NCCL INFO AllReduce: opCount 0 sendbuff 0x79485d210000 recvbuff 0x79485d210000 count 8192 datatype 7 op 0 root 0 comm 0x5b14dd7c73f0 [nranks=8] stream 0x5b14d981c330
h200-bar-200-075:1341737:1341737 [7] NCCL INFO AllReduce: opCount 0 sendbuff 0x79485d810000 recvbuff 0x79485d810000 count 8192 datatype 7 op 0 root 0 comm 0x5b14dd8f2d40 [nranks=8] stream 0x5b14da3ade20
h200-bar-200-075:1341737:1341737 [7] NCCL INFO AllReduce: opCount 0 sendbuff 0x79485de10000 recvbuff 0x79485de10000 count 8192 datatype 7 op 0 root 0 comm 0x5b14dda1e810 [nranks=8] stream 0x5b14daf91820
h200-bar-200-075:1341737:1341737 [7] NCCL INFO AllReduce: opCount 0 sendbuff 0x79485e410000 recvbuff 0x79485e410000 count 8192 datatype 7 op 0 root 0 comm 0x5b14ddb4a300 [nranks=8] stream 0x5b14dbb42640
h200-bar-200-075:1341737:1341737 [7] NCCL INFO AllReduce: opCount 0 sendbuff 0x79485ea10000 recvbuff 0x79485ea10000 count 8192 datatype 7 op 0 root 0 comm 0x5b14ddc75e10 [nranks=8] stream 0x5b14dc6db8c0
h200-bar-200-075:1341737:1341737 [7] NCCL INFO AllReduce: opCount 0 sendbuff 0x79485f010000 recvbuff 0x79485f010000 count 8192 datatype 7 op 0 root 0 comm 0x5b14ddda1920 [nranks=8] stream 0x5b14dd210b40
h200-bar-200-075:1341737:1341737 [0] NCCL INFO AllReduce: 32768 Bytes -> Algo RING proto LL channel{Lo..Hi}={0..0}
h200-bar-200-075:1341737:1341737 [7] NCCL INFO AllReduce: opCount 0 sendbuff 0x79485c618000 recvbuff 0x79485c618000 count 8192 datatype 7 op 0 root 0 comm 0x5b14dd57cbe0 [nranks=8] stream 0x5b14d837a3d0
h200-bar-200-075:1341737:1341737 [7] NCCL INFO AllReduce: opCount 0 sendbuff 0x79485cc18000 recvbuff 0x79485cc18000 count 8192 datatype 7 op 0 root 0 comm 0x5b14dd6a1a60 [nranks=8] stream 0x5b14d8c2a140
h200-bar-200-075:1341737:1341737 [7] NCCL INFO AllReduce: opCount 0 sendbuff 0x79485d218000 recvbuff 0x79485d218000 count 8192 datatype 7 op 0 root 0 comm 0x5b14dd7c73f0 [nranks=8] stream 0x5b14d981c330
h200-bar-200-075:1341737:1341737 [7] NCCL INFO AllReduce: opCount 0 sendbuff 0x79485d818000 recvbuff 0x79485d818000 count 8192 datatype 7 op 0 root 0 comm 0x5b14dd8f2d40 [nranks=8] stream 0x5b14da3ade20
h200-bar-200-075:1341737:1341737 [7] NCCL INFO AllReduce: opCount 0 sendbuff 0x79485de18000 recvbuff 0x79485de18000 count 8192 datatype 7 op 0 root 0 comm 0x5b14dda1e810 [nranks=8] stream 0x5b14daf91820
h200-bar-200-075:1341737:1341737 [7] NCCL INFO AllReduce: opCount 0 sendbuff 0x79485e418000 recvbuff 0x79485e418000 count 8192 datatype 7 op 0 root 0 comm 0x5b14ddb4a300 [nranks=8] stream 0x5b14dbb42640
h200-bar-200-075:1341737:1341737 [7] NCCL INFO AllReduce: opCount 0 sendbuff 0x79485ea18000 recvbuff 0x79485ea18000 count 8192 datatype 7 op 0 root 0 comm 0x5b14ddc75e10 [nranks=8] stream 0x5b14dc6db8c0
h200-bar-200-075:1341737:1341737 [7] NCCL INFO AllReduce: opCount 0 sendbuff 0x79485f018000 recvbuff 0x79485f018000 count 8192 datatype 7 op 0 root 0 comm 0x5b14ddda1920 [nranks=8] stream 0x5b14dd210b40
h200-bar-200-075:1341737:1341737 [0] NCCL INFO AllReduce: 32768 Bytes -> Algo RING proto LL channel{Lo..Hi}={0..0}
h200-bar-200-075:1341737:1341737 [7] NCCL INFO AllReduce: opCount 0 sendbuff 0x79485c620000 recvbuff 0x79485c620000 count 8192 datatype 7 op 0 root 0 comm 0x5b14dd57cbe0 [nranks=8] stream 0x5b14d837a3d0
h200-bar-200-075:1341737:1341737 [7] NCCL INFO AllReduce: opCount 0 sendbuff 0x79485cc20000 recvbuff 0x79485cc20000 count 8192 datatype 7 op 0 root 0 comm 0x5b14dd6a1a60 [nranks=8] stream 0x5b14d8c2a140
h200-bar-200-075:1341737:1341737 [7] NCCL INFO AllReduce: opCount 0 sendbuff 0x79485d220000 recvbuff 0x79485d220000 count 8192 datatype 7 op 0 root 0 comm 0x5b14dd7c73f0 [nranks=8] stream 0x5b14d981c330
h200-bar-200-075:1341737:1341737 [7] NCCL INFO AllReduce: opCount 0 sendbuff 0x79485d820000 recvbuff 0x79485d820000 count 8192 datatype 7 op 0 root 0 comm 0x5b14dd8f2d40 [nranks=8] stream 0x5b14da3ade20
h200-bar-200-075:1341737:1341737 [7] NCCL INFO AllReduce: opCount 0 sendbuff 0x79485de20000 recvbuff 0x79485de20000 count 8192 datatype 7 op 0 root 0 comm 0x5b14dda1e810 [nranks=8] stream 0x5b14daf91820
h200-bar-200-075:1341737:1341737 [7] NCCL INFO AllReduce: opCount 0 sendbuff 0x79485e420000 recvbuff 0x79485e420000 count 8192 datatype 7 op 0 root 0 comm 0x5b14ddb4a300 [nranks=8] stream 0x5b14dbb42640
h200-bar-200-075:1341737:1341737 [7] NCCL INFO AllReduce: opCount 0 sendbuff 0x79485ea20000 recvbuff 0x79485ea20000 count 8192 datatype 7 op 0 root 0 comm 0x5b14ddc75e10 [nranks=8] stream 0x5b14dc6db8c0
h200-bar-200-075:1341737:1341737 [7] NCCL INFO AllReduce: opCount 0 sendbuff 0x79485f020000 recvbuff 0x79485f020000 count 8192 datatype 7 op 0 root 0 comm 0x5b14ddda1920 [nranks=8] stream 0x5b14dd210b40
h200-bar-200-075:1341737:1341737 [0] NCCL INFO AllReduce: 32768 Bytes -> Algo RING proto LL channel{Lo..Hi}={0..0}
h200-bar-200-075:1341737:1341737 [7] NCCL INFO AllReduce: opCount 0 sendbuff 0x79485c600000 recvbuff 0x79485c600000 count 8192 datatype 7 op 0 root 0 comm 0x5b14dd57cbe0 [nranks=8] stream 0x5b14d837a3d0
h200-bar-200-075:1341737:1341737 [7] NCCL INFO AllReduce: opCount 0 sendbuff 0x79485cc00000 recvbuff 0x79485cc00000 count 8192 datatype 7 op 0 root 0 comm 0x5b14dd6a1a60 [nranks=8] stream 0x5b14d8c2a140
h200-bar-200-075:1341737:1341737 [7] NCCL INFO AllReduce: opCount 0 sendbuff 0x79485d200000 recvbuff 0x79485d200000 count 8192 datatype 7 op 0 root 0 comm 0x5b14dd7c73f0 [nranks=8] stream 0x5b14d981c330
h200-bar-200-075:1341737:1341737 [7] NCCL INFO AllReduce: opCount 0 sendbuff 0x79485d800000 recvbuff 0x79485d800000 count 8192 datatype 7 op 0 root 0 comm 0x5b14dd8f2d40 [nranks=8] stream 0x5b14da3ade20
h200-bar-200-075:1341737:1341737 [7] NCCL INFO AllReduce: opCount 0 sendbuff 0x79485de00000 recvbuff 0x79485de00000 count 8192 datatype 7 op 0 root 0 comm 0x5b14dda1e810 [nranks=8] stream 0x5b14daf91820
h200-bar-200-075:1341737:1341737 [7] NCCL INFO AllReduce: opCount 0 sendbuff 0x79485e400000 recvbuff 0x79485e400000 count 8192 datatype 7 op 0 root 0 comm 0x5b14ddb4a300 [nranks=8] stream 0x5b14dbb42640
h200-bar-200-075:1341737:1341737 [7] NCCL INFO AllReduce: opCount 0 sendbuff 0x79485ea00000 recvbuff 0x79485ea00000 count 8192 datatype 7 op 0 root 0 comm 0x5b14ddc75e10 [nranks=8] stream 0x5b14dc6db8c0
h200-bar-200-075:1341737:1341737 [7] NCCL INFO AllReduce: opCount 0 sendbuff 0x79485f000000 recvbuff 0x79485f000000 count 8192 datatype 7 op 0 root 0 comm 0x5b14ddda1920 [nranks=8] stream 0x5b14dd210b40
h200-bar-200-075:1341737:1341737 [0] NCCL INFO AllReduce: 32768 Bytes -> Algo RING proto LL channel{Lo..Hi}={0..0}
    53.06    0.62    1.08       0
     1048576        262144     float     sum      -1h200-bar-200-075:1341737:1341737 [7] NCCL INFO AllReduce: opCount 0 sendbuff 0x79485c400000 recvbuff 0x79485c600000 count 262144 datatype 7 op 0 root 0 comm 0x5b14dd57cbe0 [nranks=8] stream 0x5b14d837a3d0
h200-bar-200-075:1341737:1341737 [7] NCCL INFO AllReduce: opCount 0 sendbuff 0x79485ca00000 recvbuff 0x79485cc00000 count 262144 datatype 7 op 0 root 0 comm 0x5b14dd6a1a60 [nranks=8] stream 0x5b14d8c2a140
h200-bar-200-075:1341737:1341737 [7] NCCL INFO AllReduce: opCount 0 sendbuff 0x79485d000000 recvbuff 0x79485d200000 count 262144 datatype 7 op 0 root 0 comm 0x5b14dd7c73f0 [nranks=8] stream 0x5b14d981c330
h200-bar-200-075:1341737:1341737 [7] NCCL INFO AllReduce: opCount 0 sendbuff 0x79485d600000 recvbuff 0x79485d800000 count 262144 datatype 7 op 0 root 0 comm 0x5b14dd8f2d40 [nranks=8] stream 0x5b14da3ade20
h200-bar-200-075:1341737:1341737 [7] NCCL INFO AllReduce: opCount 0 sendbuff 0x79485dc00000 recvbuff 0x79485de00000 count 262144 datatype 7 op 0 root 0 comm 0x5b14dda1e810 [nranks=8] stream 0x5b14daf91820
h200-bar-200-075:1341737:1341737 [7] NCCL INFO AllReduce: opCount 0 sendbuff 0x79485e200000 recvbuff 0x79485e400000 count 262144 datatype 7 op 0 root 0 comm 0x5b14ddb4a300 [nranks=8] stream 0x5b14dbb42640
h200-bar-200-075:1341737:1341737 [7] NCCL INFO AllReduce: opCount 0 sendbuff 0x79485e800000 recvbuff 0x79485ea00000 count 262144 datatype 7 op 0 root 0 comm 0x5b14ddc75e10 [nranks=8] stream 0x5b14dc6db8c0
h200-bar-200-075:1341737:1341737 [7] NCCL INFO AllReduce: opCount 0 sendbuff 0x79485ee00000 recvbuff 0x79485f000000 count 262144 datatype 7 op 0 root 0 comm 0x5b14ddda1920 [nranks=8] stream 0x5b14dd210b40
h200-bar-200-075:1341737:1341737 [0] NCCL INFO AllReduce: 1048576 Bytes -> Algo RING proto LL channel{Lo..Hi}={0..23}
h200-bar-200-075:1341737:1341737 [7] NCCL INFO AllReduce: opCount 0 sendbuff 0x79485c400000 recvbuff 0x79485c600000 count 262144 datatype 7 op 0 root 0 comm 0x5b14dd57cbe0 [nranks=8] stream 0x5b14d837a3d0
h200-bar-200-075:1341737:1341737 [7] NCCL INFO AllReduce: opCount 0 sendbuff 0x79485ca00000 recvbuff 0x79485cc00000 count 262144 datatype 7 op 0 root 0 comm 0x5b14dd6a1a60 [nranks=8] stream 0x5b14d8c2a140
h200-bar-200-075:1341737:1341737 [7] NCCL INFO AllReduce: opCount 0 sendbuff 0x79485d000000 recvbuff 0x79485d200000 count 262144 datatype 7 op 0 root 0 comm 0x5b14dd7c73f0 [nranks=8] stream 0x5b14d981c330
h200-bar-200-075:1341737:1341737 [7] NCCL INFO AllReduce: opCount 0 sendbuff 0x79485d600000 recvbuff 0x79485d800000 count 262144 datatype 7 op 0 root 0 comm 0x5b14dd8f2d40 [nranks=8] stream 0x5b14da3ade20
h200-bar-200-075:1341737:1341737 [7] NCCL INFO AllReduce: opCount 0 sendbuff 0x79485dc00000 recvbuff 0x79485de00000 count 262144 datatype 7 op 0 root 0 comm 0x5b14dda1e810 [nranks=8] stream 0x5b14daf91820
h200-bar-200-075:1341737:1341737 [7] NCCL INFO AllReduce: opCount 0 sendbuff 0x79485e200000 recvbuff 0x79485e400000 count 262144 datatype 7 op 0 root 0 comm 0x5b14ddb4a300 [nranks=8] stream 0x5b14dbb42640
h200-bar-200-075:1341737:1341737 [7] NCCL INFO AllReduce: opCount 0 sendbuff 0x79485e800000 recvbuff 0x79485ea00000 count 262144 datatype 7 op 0 root 0 comm 0x5b14ddc75e10 [nranks=8] stream 0x5b14dc6db8c0
h200-bar-200-075:1341737:1341737 [7] NCCL INFO AllReduce: opCount 0 sendbuff 0x79485ee00000 recvbuff 0x79485f000000 count 262144 datatype 7 op 0 root 0 comm 0x5b14ddda1920 [nranks=8] stream 0x5b14dd210b40
h200-bar-200-075:1341737:1341737 [0] NCCL INFO AllReduce: 1048576 Bytes -> Algo RING proto LL channel{Lo..Hi}={0..23}
h200-bar-200-075:1341737:1341737 [7] NCCL INFO AllReduce: opCount 0 sendbuff 0x79485c400000 recvbuff 0x79485c600000 count 262144 datatype 7 op 0 root 0 comm 0x5b14dd57cbe0 [nranks=8] stream 0x5b14d837a3d0
h200-bar-200-075:1341737:1341737 [7] NCCL INFO AllReduce: opCount 0 sendbuff 0x79485ca00000 recvbuff 0x79485cc00000 count 262144 datatype 7 op 0 root 0 comm 0x5b14dd6a1a60 [nranks=8] stream 0x5b14d8c2a140
h200-bar-200-075:1341737:1341737 [7] NCCL INFO AllReduce: opCount 0 sendbuff 0x79485d000000 recvbuff 0x79485d200000 count 262144 datatype 7 op 0 root 0 comm 0x5b14dd7c73f0 [nranks=8] stream 0x5b14d981c330
h200-bar-200-075:1341737:1341737 [7] NCCL INFO AllReduce: opCount 0 sendbuff 0x79485d600000 recvbuff 0x79485d800000 count 262144 datatype 7 op 0 root 0 comm 0x5b14dd8f2d40 [nranks=8] stream 0x5b14da3ade20
h200-bar-200-075:1341737:1341737 [7] NCCL INFO AllReduce: opCount 0 sendbuff 0x79485dc00000 recvbuff 0x79485de00000 count 262144 datatype 7 op 0 root 0 comm 0x5b14dda1e810 [nranks=8] stream 0x5b14daf91820
h200-bar-200-075:1341737:1341737 [7] NCCL INFO AllReduce: opCount 0 sendbuff 0x79485e200000 recvbuff 0x79485e400000 count 262144 datatype 7 op 0 root 0 comm 0x5b14ddb4a300 [nranks=8] stream 0x5b14dbb42640
h200-bar-200-075:1341737:1341737 [7] NCCL INFO AllReduce: opCount 0 sendbuff 0x79485e800000 recvbuff 0x79485ea00000 count 262144 datatype 7 op 0 root 0 comm 0x5b14ddc75e10 [nranks=8] stream 0x5b14dc6db8c0
h200-bar-200-075:1341737:1341737 [7] NCCL INFO AllReduce: opCount 0 sendbuff 0x79485ee00000 recvbuff 0x79485f000000 count 262144 datatype 7 op 0 root 0 comm 0x5b14ddda1920 [nranks=8] stream 0x5b14dd210b40
h200-bar-200-075:1341737:1341737 [0] NCCL INFO AllReduce: 1048576 Bytes -> Algo RING proto LL channel{Lo..Hi}={0..23}
h200-bar-200-075:1341737:1341737 [7] NCCL INFO AllReduce: opCount 0 sendbuff 0x79485c400000 recvbuff 0x79485c600000 count 262144 datatype 7 op 0 root 0 comm 0x5b14dd57cbe0 [nranks=8] stream 0x5b14d837a3d0
h200-bar-200-075:1341737:1341737 [7] NCCL INFO AllReduce: opCount 0 sendbuff 0x79485ca00000 recvbuff 0x79485cc00000 count 262144 datatype 7 op 0 root 0 comm 0x5b14dd6a1a60 [nranks=8] stream 0x5b14d8c2a140
h200-bar-200-075:1341737:1341737 [7] NCCL INFO AllReduce: opCount 0 sendbuff 0x79485d000000 recvbuff 0x79485d200000 count 262144 datatype 7 op 0 root 0 comm 0x5b14dd7c73f0 [nranks=8] stream 0x5b14d981c330
h200-bar-200-075:1341737:1341737 [7] NCCL INFO AllReduce: opCount 0 sendbuff 0x79485d600000 recvbuff 0x79485d800000 count 262144 datatype 7 op 0 root 0 comm 0x5b14dd8f2d40 [nranks=8] stream 0x5b14da3ade20
h200-bar-200-075:1341737:1341737 [7] NCCL INFO AllReduce: opCount 0 sendbuff 0x79485dc00000 recvbuff 0x79485de00000 count 262144 datatype 7 op 0 root 0 comm 0x5b14dda1e810 [nranks=8] stream 0x5b14daf91820
h200-bar-200-075:1341737:1341737 [7] NCCL INFO AllReduce: opCount 0 sendbuff 0x79485e200000 recvbuff 0x79485e400000 count 262144 datatype 7 op 0 root 0 comm 0x5b14ddb4a300 [nranks=8] stream 0x5b14dbb42640
h200-bar-200-075:1341737:1341737 [7] NCCL INFO AllReduce: opCount 0 sendbuff 0x79485e800000 recvbuff 0x79485ea00000 count 262144 datatype 7 op 0 root 0 comm 0x5b14ddc75e10 [nranks=8] stream 0x5b14dc6db8c0
h200-bar-200-075:1341737:1341737 [7] NCCL INFO AllReduce: opCount 0 sendbuff 0x79485ee00000 recvbuff 0x79485f000000 count 262144 datatype 7 op 0 root 0 comm 0x5b14ddda1920 [nranks=8] stream 0x5b14dd210b40
h200-bar-200-075:1341737:1341737 [0] NCCL INFO AllReduce: 1048576 Bytes -> Algo RING proto LL channel{Lo..Hi}={0..23}
h200-bar-200-075:1341737:1341737 [7] NCCL INFO AllReduce: opCount 0 sendbuff 0x79485c400000 recvbuff 0x79485c600000 count 262144 datatype 7 op 0 root 0 comm 0x5b14dd57cbe0 [nranks=8] stream 0x5b14d837a3d0
h200-bar-200-075:1341737:1341737 [7] NCCL INFO AllReduce: opCount 0 sendbuff 0x79485ca00000 recvbuff 0x79485cc00000 count 262144 datatype 7 op 0 root 0 comm 0x5b14dd6a1a60 [nranks=8] stream 0x5b14d8c2a140
h200-bar-200-075:1341737:1341737 [7] NCCL INFO AllReduce: opCount 0 sendbuff 0x79485d000000 recvbuff 0x79485d200000 count 262144 datatype 7 op 0 root 0 comm 0x5b14dd7c73f0 [nranks=8] stream 0x5b14d981c330
h200-bar-200-075:1341737:1341737 [7] NCCL INFO AllReduce: opCount 0 sendbuff 0x79485d600000 recvbuff 0x79485d800000 count 262144 datatype 7 op 0 root 0 comm 0x5b14dd8f2d40 [nranks=8] stream 0x5b14da3ade20
h200-bar-200-075:1341737:1341737 [7] NCCL INFO AllReduce: opCount 0 sendbuff 0x79485dc00000 recvbuff 0x79485de00000 count 262144 datatype 7 op 0 root 0 comm 0x5b14dda1e810 [nranks=8] stream 0x5b14daf91820
h200-bar-200-075:1341737:1341737 [7] NCCL INFO AllReduce: opCount 0 sendbuff 0x79485e200000 recvbuff 0x79485e400000 count 262144 datatype 7 op 0 root 0 comm 0x5b14ddb4a300 [nranks=8] stream 0x5b14dbb42640
h200-bar-200-075:1341737:1341737 [7] NCCL INFO AllReduce: opCount 0 sendbuff 0x79485e800000 recvbuff 0x79485ea00000 count 262144 datatype 7 op 0 root 0 comm 0x5b14ddc75e10 [nranks=8] stream 0x5b14dc6db8c0
h200-bar-200-075:1341737:1341737 [7] NCCL INFO AllReduce: opCount 0 sendbuff 0x79485ee00000 recvbuff 0x79485f000000 count 262144 datatype 7 op 0 root 0 comm 0x5b14ddda1920 [nranks=8] stream 0x5b14dd210b40
h200-bar-200-075:1341737:1341737 [0] NCCL INFO AllReduce: 1048576 Bytes -> Algo RING proto LL channel{Lo..Hi}={0..23}
h200-bar-200-075:1341737:1341737 [7] NCCL INFO AllReduce: opCount 0 sendbuff 0x79485c400000 recvbuff 0x79485c600000 count 262144 datatype 7 op 0 root 0 comm 0x5b14dd57cbe0 [nranks=8] stream 0x5b14d837a3d0
h200-bar-200-075:1341737:1341737 [7] NCCL INFO AllReduce: opCount 0 sendbuff 0x79485ca00000 recvbuff 0x79485cc00000 count 262144 datatype 7 op 0 root 0 comm 0x5b14dd6a1a60 [nranks=8] stream 0x5b14d8c2a140
h200-bar-200-075:1341737:1341737 [7] NCCL INFO AllReduce: opCount 0 sendbuff 0x79485d000000 recvbuff 0x79485d200000 count 262144 datatype 7 op 0 root 0 comm 0x5b14dd7c73f0 [nranks=8] stream 0x5b14d981c330
h200-bar-200-075:1341737:1341737 [7] NCCL INFO AllReduce: opCount 0 sendbuff 0x79485d600000 recvbuff 0x79485d800000 count 262144 datatype 7 op 0 root 0 comm 0x5b14dd8f2d40 [nranks=8] stream 0x5b14da3ade20
h200-bar-200-075:1341737:1341737 [7] NCCL INFO AllReduce: opCount 0 sendbuff 0x79485dc00000 recvbuff 0x79485de00000 count 262144 datatype 7 op 0 root 0 comm 0x5b14dda1e810 [nranks=8] stream 0x5b14daf91820
h200-bar-200-075:1341737:1341737 [7] NCCL INFO AllReduce: opCount 0 sendbuff 0x79485e200000 recvbuff 0x79485e400000 count 262144 datatype 7 op 0 root 0 comm 0x5b14ddb4a300 [nranks=8] stream 0x5b14dbb42640
h200-bar-200-075:1341737:1341737 [7] NCCL INFO AllReduce: opCount 0 sendbuff 0x79485e800000 recvbuff 0x79485ea00000 count 262144 datatype 7 op 0 root 0 comm 0x5b14ddc75e10 [nranks=8] stream 0x5b14dc6db8c0
h200-bar-200-075:1341737:1341737 [7] NCCL INFO AllReduce: opCount 0 sendbuff 0x79485ee00000 recvbuff 0x79485f000000 count 262144 datatype 7 op 0 root 0 comm 0x5b14ddda1920 [nranks=8] stream 0x5b14dd210b40
h200-bar-200-075:1341737:1341737 [0] NCCL INFO AllReduce: 1048576 Bytes -> Algo RING proto LL channel{Lo..Hi}={0..23}
h200-bar-200-075:1341737:1341737 [7] NCCL INFO AllReduce: opCount 0 sendbuff 0x79485c400000 recvbuff 0x79485c600000 count 262144 datatype 7 op 0 root 0 comm 0x5b14dd57cbe0 [nranks=8] stream 0x5b14d837a3d0
h200-bar-200-075:1341737:1341737 [7] NCCL INFO AllReduce: opCount 0 sendbuff 0x79485ca00000 recvbuff 0x79485cc00000 count 262144 datatype 7 op 0 root 0 comm 0x5b14dd6a1a60 [nranks=8] stream 0x5b14d8c2a140
h200-bar-200-075:1341737:1341737 [7] NCCL INFO AllReduce: opCount 0 sendbuff 0x79485d000000 recvbuff 0x79485d200000 count 262144 datatype 7 op 0 root 0 comm 0x5b14dd7c73f0 [nranks=8] stream 0x5b14d981c330
h200-bar-200-075:1341737:1341737 [7] NCCL INFO AllReduce: opCount 0 sendbuff 0x79485d600000 recvbuff 0x79485d800000 count 262144 datatype 7 op 0 root 0 comm 0x5b14dd8f2d40 [nranks=8] stream 0x5b14da3ade20
h200-bar-200-075:1341737:1341737 [7] NCCL INFO AllReduce: opCount 0 sendbuff 0x79485dc00000 recvbuff 0x79485de00000 count 262144 datatype 7 op 0 root 0 comm 0x5b14dda1e810 [nranks=8] stream 0x5b14daf91820
h200-bar-200-075:1341737:1341737 [7] NCCL INFO AllReduce: opCount 0 sendbuff 0x79485e200000 recvbuff 0x79485e400000 count 262144 datatype 7 op 0 root 0 comm 0x5b14ddb4a300 [nranks=8] stream 0x5b14dbb42640
h200-bar-200-075:1341737:1341737 [7] NCCL INFO AllReduce: opCount 0 sendbuff 0x79485e800000 recvbuff 0x79485ea00000 count 262144 datatype 7 op 0 root 0 comm 0x5b14ddc75e10 [nranks=8] stream 0x5b14dc6db8c0
h200-bar-200-075:1341737:1341737 [7] NCCL INFO AllReduce: opCount 0 sendbuff 0x79485ee00000 recvbuff 0x79485f000000 count 262144 datatype 7 op 0 root 0 comm 0x5b14ddda1920 [nranks=8] stream 0x5b14dd210b40
h200-bar-200-075:1341737:1341737 [0] NCCL INFO AllReduce: 1048576 Bytes -> Algo RING proto LL channel{Lo..Hi}={0..23}
    64.10   16.36   28.63       0h200-bar-200-075:1341737:1341737 [7] NCCL INFO AllReduce: opCount 0 sendbuff 0x79485c600000 recvbuff 0x79485c600000 count 262144 datatype 7 op 0 root 0 comm 0x5b14dd57cbe0 [nranks=8] stream 0x5b14d837a3d0
h200-bar-200-075:1341737:1341737 [7] NCCL INFO AllReduce: opCount 0 sendbuff 0x79485cc00000 recvbuff 0x79485cc00000 count 262144 datatype 7 op 0 root 0 comm 0x5b14dd6a1a60 [nranks=8] stream 0x5b14d8c2a140
h200-bar-200-075:1341737:1341737 [7] NCCL INFO AllReduce: opCount 0 sendbuff 0x79485d200000 recvbuff 0x79485d200000 count 262144 datatype 7 op 0 root 0 comm 0x5b14dd7c73f0 [nranks=8] stream 0x5b14d981c330
h200-bar-200-075:1341737:1341737 [7] NCCL INFO AllReduce: opCount 0 sendbuff 0x79485d800000 recvbuff 0x79485d800000 count 262144 datatype 7 op 0 root 0 comm 0x5b14dd8f2d40 [nranks=8] stream 0x5b14da3ade20
h200-bar-200-075:1341737:1341737 [7] NCCL INFO AllReduce: opCount 0 sendbuff 0x79485de00000 recvbuff 0x79485de00000 count 262144 datatype 7 op 0 root 0 comm 0x5b14dda1e810 [nranks=8] stream 0x5b14daf91820
h200-bar-200-075:1341737:1341737 [7] NCCL INFO AllReduce: opCount 0 sendbuff 0x79485e400000 recvbuff 0x79485e400000 count 262144 datatype 7 op 0 root 0 comm 0x5b14ddb4a300 [nranks=8] stream 0x5b14dbb42640
h200-bar-200-075:1341737:1341737 [7] NCCL INFO AllReduce: opCount 0 sendbuff 0x79485ea00000 recvbuff 0x79485ea00000 count 262144 datatype 7 op 0 root 0 comm 0x5b14ddc75e10 [nranks=8] stream 0x5b14dc6db8c0
h200-bar-200-075:1341737:1341737 [7] NCCL INFO AllReduce: opCount 0 sendbuff 0x79485f000000 recvbuff 0x79485f000000 count 262144 datatype 7 op 0 root 0 comm 0x5b14ddda1920 [nranks=8] stream 0x5b14dd210b40
h200-bar-200-075:1341737:1341737 [0] NCCL INFO AllReduce: 1048576 Bytes -> Algo RING proto LL channel{Lo..Hi}={0..23}
h200-bar-200-075:1341737:1341737 [7] NCCL INFO AllReduce: opCount 0 sendbuff 0x79485c600000 recvbuff 0x79485c600000 count 262144 datatype 7 op 0 root 0 comm 0x5b14dd57cbe0 [nranks=8] stream 0x5b14d837a3d0
h200-bar-200-075:1341737:1341737 [7] NCCL INFO AllReduce: opCount 0 sendbuff 0x79485cc00000 recvbuff 0x79485cc00000 count 262144 datatype 7 op 0 root 0 comm 0x5b14dd6a1a60 [nranks=8] stream 0x5b14d8c2a140
h200-bar-200-075:1341737:1341737 [7] NCCL INFO AllReduce: opCount 0 sendbuff 0x79485d200000 recvbuff 0x79485d200000 count 262144 datatype 7 op 0 root 0 comm 0x5b14dd7c73f0 [nranks=8] stream 0x5b14d981c330
h200-bar-200-075:1341737:1341737 [7] NCCL INFO AllReduce: opCount 0 sendbuff 0x79485d800000 recvbuff 0x79485d800000 count 262144 datatype 7 op 0 root 0 comm 0x5b14dd8f2d40 [nranks=8] stream 0x5b14da3ade20
h200-bar-200-075:1341737:1341737 [7] NCCL INFO AllReduce: opCount 0 sendbuff 0x79485de00000 recvbuff 0x79485de00000 count 262144 datatype 7 op 0 root 0 comm 0x5b14dda1e810 [nranks=8] stream 0x5b14daf91820
h200-bar-200-075:1341737:1341737 [7] NCCL INFO AllReduce: opCount 0 sendbuff 0x79485e400000 recvbuff 0x79485e400000 count 262144 datatype 7 op 0 root 0 comm 0x5b14ddb4a300 [nranks=8] stream 0x5b14dbb42640
h200-bar-200-075:1341737:1341737 [7] NCCL INFO AllReduce: opCount 0 sendbuff 0x79485ea00000 recvbuff 0x79485ea00000 count 262144 datatype 7 op 0 root 0 comm 0x5b14ddc75e10 [nranks=8] stream 0x5b14dc6db8c0
h200-bar-200-075:1341737:1341737 [7] NCCL INFO AllReduce: opCount 0 sendbuff 0x79485f000000 recvbuff 0x79485f000000 count 262144 datatype 7 op 0 root 0 comm 0x5b14ddda1920 [nranks=8] stream 0x5b14dd210b40
h200-bar-200-075:1341737:1341737 [0] NCCL INFO AllReduce: 1048576 Bytes -> Algo RING proto LL channel{Lo..Hi}={0..23}
h200-bar-200-075:1341737:1341737 [7] NCCL INFO AllReduce: opCount 0 sendbuff 0x79485c600000 recvbuff 0x79485c600000 count 262144 datatype 7 op 0 root 0 comm 0x5b14dd57cbe0 [nranks=8] stream 0x5b14d837a3d0
h200-bar-200-075:1341737:1341737 [7] NCCL INFO AllReduce: opCount 0 sendbuff 0x79485cc00000 recvbuff 0x79485cc00000 count 262144 datatype 7 op 0 root 0 comm 0x5b14dd6a1a60 [nranks=8] stream 0x5b14d8c2a140
h200-bar-200-075:1341737:1341737 [7] NCCL INFO AllReduce: opCount 0 sendbuff 0x79485d200000 recvbuff 0x79485d200000 count 262144 datatype 7 op 0 root 0 comm 0x5b14dd7c73f0 [nranks=8] stream 0x5b14d981c330
h200-bar-200-075:1341737:1341737 [7] NCCL INFO AllReduce: opCount 0 sendbuff 0x79485d800000 recvbuff 0x79485d800000 count 262144 datatype 7 op 0 root 0 comm 0x5b14dd8f2d40 [nranks=8] stream 0x5b14da3ade20
h200-bar-200-075:1341737:1341737 [7] NCCL INFO AllReduce: opCount 0 sendbuff 0x79485de00000 recvbuff 0x79485de00000 count 262144 datatype 7 op 0 root 0 comm 0x5b14dda1e810 [nranks=8] stream 0x5b14daf91820
h200-bar-200-075:1341737:1341737 [7] NCCL INFO AllReduce: opCount 0 sendbuff 0x79485e400000 recvbuff 0x79485e400000 count 262144 datatype 7 op 0 root 0 comm 0x5b14ddb4a300 [nranks=8] stream 0x5b14dbb42640
h200-bar-200-075:1341737:1341737 [7] NCCL INFO AllReduce: opCount 0 sendbuff 0x79485ea00000 recvbuff 0x79485ea00000 count 262144 datatype 7 op 0 root 0 comm 0x5b14ddc75e10 [nranks=8] stream 0x5b14dc6db8c0
h200-bar-200-075:1341737:1341737 [7] NCCL INFO AllReduce: opCount 0 sendbuff 0x79485f000000 recvbuff 0x79485f000000 count 262144 datatype 7 op 0 root 0 comm 0x5b14ddda1920 [nranks=8] stream 0x5b14dd210b40
h200-bar-200-075:1341737:1341737 [0] NCCL INFO AllReduce: 1048576 Bytes -> Algo RING proto LL channel{Lo..Hi}={0..23}
h200-bar-200-075:1341737:1341737 [7] NCCL INFO AllReduce: opCount 0 sendbuff 0x79485c600000 recvbuff 0x79485c600000 count 262144 datatype 7 op 0 root 0 comm 0x5b14dd57cbe0 [nranks=8] stream 0x5b14d837a3d0
h200-bar-200-075:1341737:1341737 [7] NCCL INFO AllReduce: opCount 0 sendbuff 0x79485cc00000 recvbuff 0x79485cc00000 count 262144 datatype 7 op 0 root 0 comm 0x5b14dd6a1a60 [nranks=8] stream 0x5b14d8c2a140
h200-bar-200-075:1341737:1341737 [7] NCCL INFO AllReduce: opCount 0 sendbuff 0x79485d200000 recvbuff 0x79485d200000 count 262144 datatype 7 op 0 root 0 comm 0x5b14dd7c73f0 [nranks=8] stream 0x5b14d981c330
h200-bar-200-075:1341737:1341737 [7] NCCL INFO AllReduce: opCount 0 sendbuff 0x79485d800000 recvbuff 0x79485d800000 count 262144 datatype 7 op 0 root 0 comm 0x5b14dd8f2d40 [nranks=8] stream 0x5b14da3ade20
h200-bar-200-075:1341737:1341737 [7] NCCL INFO AllReduce: opCount 0 sendbuff 0x79485de00000 recvbuff 0x79485de00000 count 262144 datatype 7 op 0 root 0 comm 0x5b14dda1e810 [nranks=8] stream 0x5b14daf91820
h200-bar-200-075:1341737:1341737 [7] NCCL INFO AllReduce: opCount 0 sendbuff 0x79485e400000 recvbuff 0x79485e400000 count 262144 datatype 7 op 0 root 0 comm 0x5b14ddb4a300 [nranks=8] stream 0x5b14dbb42640
h200-bar-200-075:1341737:1341737 [7] NCCL INFO AllReduce: opCount 0 sendbuff 0x79485ea00000 recvbuff 0x79485ea00000 count 262144 datatype 7 op 0 root 0 comm 0x5b14ddc75e10 [nranks=8] stream 0x5b14dc6db8c0
h200-bar-200-075:1341737:1341737 [7] NCCL INFO AllReduce: opCount 0 sendbuff 0x79485f000000 recvbuff 0x79485f000000 count 262144 datatype 7 op 0 root 0 comm 0x5b14ddda1920 [nranks=8] stream 0x5b14dd210b40
h200-bar-200-075:1341737:1341737 [0] NCCL INFO AllReduce: 1048576 Bytes -> Algo RING proto LL channel{Lo..Hi}={0..23}
h200-bar-200-075:1341737:1341737 [7] NCCL INFO AllReduce: opCount 0 sendbuff 0x79485c600000 recvbuff 0x79485c600000 count 262144 datatype 7 op 0 root 0 comm 0x5b14dd57cbe0 [nranks=8] stream 0x5b14d837a3d0
h200-bar-200-075:1341737:1341737 [7] NCCL INFO AllReduce: opCount 0 sendbuff 0x79485cc00000 recvbuff 0x79485cc00000 count 262144 datatype 7 op 0 root 0 comm 0x5b14dd6a1a60 [nranks=8] stream 0x5b14d8c2a140
h200-bar-200-075:1341737:1341737 [7] NCCL INFO AllReduce: opCount 0 sendbuff 0x79485d200000 recvbuff 0x79485d200000 count 262144 datatype 7 op 0 root 0 comm 0x5b14dd7c73f0 [nranks=8] stream 0x5b14d981c330
h200-bar-200-075:1341737:1341737 [7] NCCL INFO AllReduce: opCount 0 sendbuff 0x79485d800000 recvbuff 0x79485d800000 count 262144 datatype 7 op 0 root 0 comm 0x5b14dd8f2d40 [nranks=8] stream 0x5b14da3ade20
h200-bar-200-075:1341737:1341737 [7] NCCL INFO AllReduce: opCount 0 sendbuff 0x79485de00000 recvbuff 0x79485de00000 count 262144 datatype 7 op 0 root 0 comm 0x5b14dda1e810 [nranks=8] stream 0x5b14daf91820
h200-bar-200-075:1341737:1341737 [7] NCCL INFO AllReduce: opCount 0 sendbuff 0x79485e400000 recvbuff 0x79485e400000 count 262144 datatype 7 op 0 root 0 comm 0x5b14ddb4a300 [nranks=8] stream 0x5b14dbb42640
h200-bar-200-075:1341737:1341737 [7] NCCL INFO AllReduce: opCount 0 sendbuff 0x79485ea00000 recvbuff 0x79485ea00000 count 262144 datatype 7 op 0 root 0 comm 0x5b14ddc75e10 [nranks=8] stream 0x5b14dc6db8c0
h200-bar-200-075:1341737:1341737 [7] NCCL INFO AllReduce: opCount 0 sendbuff 0x79485f000000 recvbuff 0x79485f000000 count 262144 datatype 7 op 0 root 0 comm 0x5b14ddda1920 [nranks=8] stream 0x5b14dd210b40
h200-bar-200-075:1341737:1341737 [0] NCCL INFO AllReduce: 1048576 Bytes -> Algo RING proto LL channel{Lo..Hi}={0..23}
h200-bar-200-075:1341737:1341737 [7] NCCL INFO AllReduce: opCount 0 sendbuff 0x79485c600000 recvbuff 0x79485c600000 count 262144 datatype 7 op 0 root 0 comm 0x5b14dd57cbe0 [nranks=8] stream 0x5b14d837a3d0
h200-bar-200-075:1341737:1341737 [7] NCCL INFO AllReduce: opCount 0 sendbuff 0x79485cc00000 recvbuff 0x79485cc00000 count 262144 datatype 7 op 0 root 0 comm 0x5b14dd6a1a60 [nranks=8] stream 0x5b14d8c2a140
h200-bar-200-075:1341737:1341737 [7] NCCL INFO AllReduce: opCount 0 sendbuff 0x79485d200000 recvbuff 0x79485d200000 count 262144 datatype 7 op 0 root 0 comm 0x5b14dd7c73f0 [nranks=8] stream 0x5b14d981c330
h200-bar-200-075:1341737:1341737 [7] NCCL INFO AllReduce: opCount 0 sendbuff 0x79485d800000 recvbuff 0x79485d800000 count 262144 datatype 7 op 0 root 0 comm 0x5b14dd8f2d40 [nranks=8] stream 0x5b14da3ade20
h200-bar-200-075:1341737:1341737 [7] NCCL INFO AllReduce: opCount 0 sendbuff 0x79485de00000 recvbuff 0x79485de00000 count 262144 datatype 7 op 0 root 0 comm 0x5b14dda1e810 [nranks=8] stream 0x5b14daf91820
h200-bar-200-075:1341737:1341737 [7] NCCL INFO AllReduce: opCount 0 sendbuff 0x79485e400000 recvbuff 0x79485e400000 count 262144 datatype 7 op 0 root 0 comm 0x5b14ddb4a300 [nranks=8] stream 0x5b14dbb42640
h200-bar-200-075:1341737:1341737 [7] NCCL INFO AllReduce: opCount 0 sendbuff 0x79485ea00000 recvbuff 0x79485ea00000 count 262144 datatype 7 op 0 root 0 comm 0x5b14ddc75e10 [nranks=8] stream 0x5b14dc6db8c0
h200-bar-200-075:1341737:1341737 [7] NCCL INFO AllReduce: opCount 0 sendbuff 0x79485f000000 recvbuff 0x79485f000000 count 262144 datatype 7 op 0 root 0 comm 0x5b14ddda1920 [nranks=8] stream 0x5b14dd210b40
h200-bar-200-075:1341737:1341737 [0] NCCL INFO AllReduce: 1048576 Bytes -> Algo RING proto LL channel{Lo..Hi}={0..23}
h200-bar-200-075:1341737:1341737 [7] NCCL INFO AllReduce: opCount 0 sendbuff 0x79485c600000 recvbuff 0x79485c600000 count 262144 datatype 7 op 0 root 0 comm 0x5b14dd57cbe0 [nranks=8] stream 0x5b14d837a3d0
h200-bar-200-075:1341737:1341737 [7] NCCL INFO AllReduce: opCount 0 sendbuff 0x79485cc00000 recvbuff 0x79485cc00000 count 262144 datatype 7 op 0 root 0 comm 0x5b14dd6a1a60 [nranks=8] stream 0x5b14d8c2a140
h200-bar-200-075:1341737:1341737 [7] NCCL INFO AllReduce: opCount 0 sendbuff 0x79485d200000 recvbuff 0x79485d200000 count 262144 datatype 7 op 0 root 0 comm 0x5b14dd7c73f0 [nranks=8] stream 0x5b14d981c330
h200-bar-200-075:1341737:1341737 [7] NCCL INFO AllReduce: opCount 0 sendbuff 0x79485d800000 recvbuff 0x79485d800000 count 262144 datatype 7 op 0 root 0 comm 0x5b14dd8f2d40 [nranks=8] stream 0x5b14da3ade20
h200-bar-200-075:1341737:1341737 [7] NCCL INFO AllReduce: opCount 0 sendbuff 0x79485de00000 recvbuff 0x79485de00000 count 262144 datatype 7 op 0 root 0 comm 0x5b14dda1e810 [nranks=8] stream 0x5b14daf91820
h200-bar-200-075:1341737:1341737 [7] NCCL INFO AllReduce: opCount 0 sendbuff 0x79485e400000 recvbuff 0x79485e400000 count 262144 datatype 7 op 0 root 0 comm 0x5b14ddb4a300 [nranks=8] stream 0x5b14dbb42640
h200-bar-200-075:1341737:1341737 [7] NCCL INFO AllReduce: opCount 0 sendbuff 0x79485ea00000 recvbuff 0x79485ea00000 count 262144 datatype 7 op 0 root 0 comm 0x5b14ddc75e10 [nranks=8] stream 0x5b14dc6db8c0
h200-bar-200-075:1341737:1341737 [7] NCCL INFO AllReduce: opCount 0 sendbuff 0x79485f000000 recvbuff 0x79485f000000 count 262144 datatype 7 op 0 root 0 comm 0x5b14ddda1920 [nranks=8] stream 0x5b14dd210b40
h200-bar-200-075:1341737:1341737 [0] NCCL INFO AllReduce: 1048576 Bytes -> Algo RING proto LL channel{Lo..Hi}={0..23}
    59.56   17.60   30.81       0
# Out of bounds values : 0 OK
# Avg bus bandwidth    : 10.2724 
#
# Collective test concluded: all_reduce_perf
#

