# nccl-tests version 2.18.3 nccl-headers=23004 nccl-library=23004
# Collective test starting: all_reduce_perf
# nThread 1 nGpus 8 minBytes 1024 maxBytes 1048576 step: 32(factor) warmup iters: 2 iters: 5 agg iters: 1 validation: 1 graph: 0 unalign: 0
#
# Using devices
#  Rank  0 Group  0 Pid 1342114 on h200-bar-200-075 device  0 [0000:19:00] NVIDIA H200
#  Rank  1 Group  0 Pid 1342114 on h200-bar-200-075 device  1 [0000:2d:00] NVIDIA H200
#  Rank  2 Group  0 Pid 1342114 on h200-bar-200-075 device  2 [0000:3f:00] NVIDIA H200
#  Rank  3 Group  0 Pid 1342114 on h200-bar-200-075 device  3 [0000:66:00] NVIDIA H200
#  Rank  4 Group  0 Pid 1342114 on h200-bar-200-075 device  4 [0000:9b:00] NVIDIA H200
#  Rank  5 Group  0 Pid 1342114 on h200-bar-200-075 device  5 [0000:ae:00] NVIDIA H200
#  Rank  6 Group  0 Pid 1342114 on h200-bar-200-075 device  6 [0000:bf:00] NVIDIA H200
#  Rank  7 Group  0 Pid 1342114 on h200-bar-200-075 device  7 [0000:e4:00] NVIDIA H200
h200-bar-200-075:1342114:1342114 [0] NCCL INFO NCCL version 2.30.4+cuda13.2
h200-bar-200-075:1342114:1342114 [0] NCCL INFO NCCL git version HEAD 747384637
h200-bar-200-075:1342114:1342368 [3] NCCL INFO TUNER/Plugin: Could not find: libnccl-tuner.so
h200-bar-200-075:1342114:1342365 [0] NCCL INFO   Algorithm   |                            Tree                  |                            Ring                  |                   CollNetDirect                  |
h200-bar-200-075:1342114:1342365 [0] NCCL INFO   Protocol    |             LL |          LL128 |         Simple |             LL |          LL128 |         Simple |             LL |          LL128 |         Simple |
h200-bar-200-075:1342114:1342365 [0] NCCL INFO  Max NThreads |            512 |            640 |            512 |            512 |            640 |            512 |              0 |              0 |            640 |
h200-bar-200-075:1342114:1342365 [0] NCCL INFO     Broadcast |     0.0/   0.0 |     0.0/   0.0 |     0.0/   0.0 |     7.2/ 141.0 |    15.9/ 331.2 |    11.8/ 360.0 |     0.0/   0.0 |     0.0/   0.0 |     0.0/   0.0 |
h200-bar-200-075:1342114:1342365 [0] NCCL INFO        Reduce |     0.0/   0.0 |     0.0/   0.0 |     0.0/   0.0 |     7.2/ 141.0 |    15.9/ 331.2 |    11.8/ 360.0 |     0.0/   0.0 |     0.0/   0.0 |     0.0/   0.0 |
h200-bar-200-075:1342114:1342365 [0] NCCL INFO     AllGather |     0.0/   0.0 |     0.0/   0.0 |     0.0/   0.0 |    10.8/ 161.1 |    27.3/ 378.5 |    32.2/ 411.4 |     5.6/   0.0 |     5.6/   0.0 |    44.0/   0.0 |
h200-bar-200-075:1342114:1342365 [0] NCCL INFO ReduceScatter |     0.0/   0.0 |     0.0/   0.0 |     0.0/   0.0 |    10.8/ 161.1 |    27.3/ 378.5 |    32.2/ 411.4 |     5.6/   0.0 |     5.6/   0.0 |    44.0/   0.0 |
h200-bar-200-075:1342114:1342365 [0] NCCL INFO     AllReduce |    15.2/  43.6 |    31.5/ 128.8 |    64.4/ 165.6 |    15.0/  80.6 |    40.6/ 189.3 |    56.0/ 205.7 |     5.6/   0.0 |     5.6/   0.0 |    44.0/   0.0 |
h200-bar-200-075:1342114:1342365 [0] NCCL INFO   Algorithm   |                    CollNetChain                  |                            NVLS                  |                        NVLSTree                  |
h200-bar-200-075:1342114:1342365 [0] NCCL INFO   Protocol    |             LL |          LL128 |         Simple |             LL |          LL128 |         Simple |             LL |          LL128 |         Simple |
h200-bar-200-075:1342114:1342365 [0] NCCL INFO  Max NThreads |              0 |              0 |            640 |              0 |              0 |            640 |              0 |              0 |            640 |
h200-bar-200-075:1342114:1342365 [0] NCCL INFO     Broadcast |     0.0/   0.0 |     0.0/   0.0 |     0.0/   0.0 |     0.0/   0.0 |     0.0/   0.0 |     0.0/   0.0 |     0.0/   0.0 |     0.0/   0.0 |     0.0/   0.0 |
h200-bar-200-075:1342114:1342365 [0] NCCL INFO        Reduce |     0.0/   0.0 |     0.0/   0.0 |     0.0/   0.0 |     0.0/   0.0 |     0.0/   0.0 |     0.0/   0.0 |     0.0/   0.0 |     0.0/   0.0 |     0.0/   0.0 |
h200-bar-200-075:1342114:1342365 [0] NCCL INFO     AllGather |     0.0/   0.0 |     0.0/   0.0 |     0.0/   0.0 |     0.0/   0.0 |     0.0/   0.0 |     0.0/   0.0 |     0.0/   0.0 |     0.0/   0.0 |     0.0/   0.0 |
h200-bar-200-075:1342114:1342365 [0] NCCL INFO ReduceScatter |     0.0/   0.0 |     0.0/   0.0 |     0.0/   0.0 |     0.0/   0.0 |     0.0/   0.0 |     0.0/   0.0 |     0.0/   0.0 |     0.0/   0.0 |     0.0/   0.0 |
h200-bar-200-075:1342114:1342365 [0] NCCL INFO     AllReduce |     0.0/   0.0 |     0.0/   0.0 |    69.2/   0.0 |     0.0/   0.0 |     0.0/   0.0 |     0.0/   0.0 |     0.0/   0.0 |     0.0/   0.0 |     0.0/   0.0 |
h200-bar-200-075:1342114:1342365 [0] NCCL INFO   Algorithm   |                             PAT                  |
h200-bar-200-075:1342114:1342365 [0] NCCL INFO   Protocol    |             LL |          LL128 |         Simple |             LL |          LL128 |         Simple |             LL |          LL128 |         Simple |
h200-bar-200-075:1342114:1342365 [0] NCCL INFO  Max NThreads |              0 |              0 |              0 |
h200-bar-200-075:1342114:1342365 [0] NCCL INFO     Broadcast |     0.0/   0.0 |     0.0/   0.0 |     0.0/   0.0 |
h200-bar-200-075:1342114:1342365 [0] NCCL INFO        Reduce |     0.0/   0.0 |     0.0/   0.0 |     0.0/   0.0 |
h200-bar-200-075:1342114:1342365 [0] NCCL INFO     AllGather |     0.0/   0.0 |     0.0/   0.0 |     0.0/   0.0 |
h200-bar-200-075:1342114:1342365 [0] NCCL INFO ReduceScatter |     0.0/   0.0 |     0.0/   0.0 |     0.0/   0.0 |
h200-bar-200-075:1342114:1342365 [0] NCCL INFO     AllReduce |     0.0/   0.0 |     0.0/   0.0 |     0.0/   0.0 |
#
#                                                              out-of-place                       in-place          
#       size         count      type   redop    root     time   algbw   busbw  #wrong     time   algbw   busbw  #wrong 
#        (B)    (elements)                               (us)  (GB/s)  (GB/s)             (us)  (GB/s)  (GB/s)         
h200-bar-200-075:1342114:1342114 [0] NCCL INFO AllReduce: opCount 0 sendbuff 0x72ff1a800000 recvbuff 0x72ff1aa00000 count 256 datatype 7 op 0 root 0 comm 0x5fe82af13220 [nranks=8] stream 0x5fe825d10e00
h200-bar-200-075:1342114:1342114 [0] NCCL INFO AllReduce: opCount 0 sendbuff 0x72ff1ae00000 recvbuff 0x72ff1b000000 count 256 datatype 7 op 0 root 0 comm 0x5fe82b0380a0 [nranks=8] stream 0x5fe826598e70
h200-bar-200-075:1342114:1342114 [0] NCCL INFO AllReduce: opCount 0 sendbuff 0x72ff1b400000 recvbuff 0x72ff1b600000 count 256 datatype 7 op 0 root 0 comm 0x5fe82b15d9a0 [nranks=8] stream 0x5fe8271a4b90
h200-bar-200-075:1342114:1342114 [0] NCCL INFO AllReduce: opCount 0 sendbuff 0x72ff1ba00000 recvbuff 0x72ff1bc00000 count 256 datatype 7 op 0 root 0 comm 0x5fe82b2892f0 [nranks=8] stream 0x5fe827cff640
h200-bar-200-075:1342114:1342114 [0] NCCL INFO AllReduce: opCount 0 sendbuff 0x72ff1c000000 recvbuff 0x72ff1c200000 count 256 datatype 7 op 0 root 0 comm 0x5fe82b3b4dc0 [nranks=8] stream 0x5fe828878df0
h200-bar-200-075:1342114:1342114 [0] NCCL INFO AllReduce: opCount 0 sendbuff 0x72ff1c600000 recvbuff 0x72ff1c800000 count 256 datatype 7 op 0 root 0 comm 0x5fe82b4e08b0 [nranks=8] stream 0x5fe8293cf1e0
h200-bar-200-075:1342114:1342114 [0] NCCL INFO AllReduce: opCount 0 sendbuff 0x72ff1cc00000 recvbuff 0x72ff1ce00000 count 256 datatype 7 op 0 root 0 comm 0x5fe82b60c3c0 [nranks=8] stream 0x5fe82a087200
h200-bar-200-075:1342114:1342114 [0] NCCL INFO AllReduce: opCount 0 sendbuff 0x72ff1d200000 recvbuff 0x72ff1d400000 count 256 datatype 7 op 0 root 0 comm 0x5fe82b737ed0 [nranks=8] stream 0x5fe82ab82bc0
h200-bar-200-075:1342114:1342114 [0] NCCL INFO AllReduce: 1024 Bytes -> Algo RING proto LL channel{Lo..Hi}={0..0}
h200-bar-200-075:1342114:1342114 [0] NCCL INFO AllReduce: opCount 0 sendbuff 0x72ff1a800400 recvbuff 0x72ff1aa00400 count 256 datatype 7 op 0 root 0 comm 0x5fe82af13220 [nranks=8] stream 0x5fe825d10e00
h200-bar-200-075:1342114:1342114 [0] NCCL INFO AllReduce: opCount 0 sendbuff 0x72ff1ae00400 recvbuff 0x72ff1b000400 count 256 datatype 7 op 0 root 0 comm 0x5fe82b0380a0 [nranks=8] stream 0x5fe826598e70
h200-bar-200-075:1342114:1342114 [0] NCCL INFO AllReduce: opCount 0 sendbuff 0x72ff1b400400 recvbuff 0x72ff1b600400 count 256 datatype 7 op 0 root 0 comm 0x5fe82b15d9a0 [nranks=8] stream 0x5fe8271a4b90
h200-bar-200-075:1342114:1342114 [0] NCCL INFO AllReduce: opCount 0 sendbuff 0x72ff1ba00400 recvbuff 0x72ff1bc00400 count 256 datatype 7 op 0 root 0 comm 0x5fe82b2892f0 [nranks=8] stream 0x5fe827cff640
h200-bar-200-075:1342114:1342114 [0] NCCL INFO AllReduce: opCount 0 sendbuff 0x72ff1c000400 recvbuff 0x72ff1c200400 count 256 datatype 7 op 0 root 0 comm 0x5fe82b3b4dc0 [nranks=8] stream 0x5fe828878df0
h200-bar-200-075:1342114:1342114 [0] NCCL INFO AllReduce: opCount 0 sendbuff 0x72ff1c600400 recvbuff 0x72ff1c800400 count 256 datatype 7 op 0 root 0 comm 0x5fe82b4e08b0 [nranks=8] stream 0x5fe8293cf1e0
h200-bar-200-075:1342114:1342114 [0] NCCL INFO AllReduce: opCount 0 sendbuff 0x72ff1cc00400 recvbuff 0x72ff1ce00400 count 256 datatype 7 op 0 root 0 comm 0x5fe82b60c3c0 [nranks=8] stream 0x5fe82a087200
h200-bar-200-075:1342114:1342114 [0] NCCL INFO AllReduce: opCount 0 sendbuff 0x72ff1d200400 recvbuff 0x72ff1d400400 count 256 datatype 7 op 0 root 0 comm 0x5fe82b737ed0 [nranks=8] stream 0x5fe82ab82bc0
h200-bar-200-075:1342114:1342114 [0] NCCL INFO AllReduce: 1024 Bytes -> Algo RING proto LL channel{Lo..Hi}={0..0}
h200-bar-200-075:1342114:1342114 [0] NCCL INFO AllReduce: opCount 0 sendbuff 0x72ff1a800000 recvbuff 0x72ff1aa00000 count 512 datatype 7 op 0 root 0 comm 0x5fe82af13220 [nranks=8] stream 0x5fe825d10e00
h200-bar-200-075:1342114:1342114 [0] NCCL INFO AllReduce: opCount 0 sendbuff 0x72ff1ae00000 recvbuff 0x72ff1b000000 count 512 datatype 7 op 0 root 0 comm 0x5fe82b0380a0 [nranks=8] stream 0x5fe826598e70
h200-bar-200-075:1342114:1342114 [0] NCCL INFO AllReduce: opCount 0 sendbuff 0x72ff1b400000 recvbuff 0x72ff1b600000 count 512 datatype 7 op 0 root 0 comm 0x5fe82b15d9a0 [nranks=8] stream 0x5fe8271a4b90
h200-bar-200-075:1342114:1342114 [0] NCCL INFO AllReduce: opCount 0 sendbuff 0x72ff1ba00000 recvbuff 0x72ff1bc00000 count 512 datatype 7 op 0 root 0 comm 0x5fe82b2892f0 [nranks=8] stream 0x5fe827cff640
h200-bar-200-075:1342114:1342114 [0] NCCL INFO AllReduce: opCount 0 sendbuff 0x72ff1c000000 recvbuff 0x72ff1c200000 count 512 datatype 7 op 0 root 0 comm 0x5fe82b3b4dc0 [nranks=8] stream 0x5fe828878df0
h200-bar-200-075:1342114:1342114 [0] NCCL INFO AllReduce: opCount 0 sendbuff 0x72ff1c600000 recvbuff 0x72ff1c800000 count 512 datatype 7 op 0 root 0 comm 0x5fe82b4e08b0 [nranks=8] stream 0x5fe8293cf1e0
h200-bar-200-075:1342114:1342114 [0] NCCL INFO AllReduce: opCount 0 sendbuff 0x72ff1cc00000 recvbuff 0x72ff1ce00000 count 512 datatype 7 op 0 root 0 comm 0x5fe82b60c3c0 [nranks=8] stream 0x5fe82a087200
h200-bar-200-075:1342114:1342114 [0] NCCL INFO AllReduce: opCount 0 sendbuff 0x72ff1d200000 recvbuff 0x72ff1d400000 count 512 datatype 7 op 0 root 0 comm 0x5fe82b737ed0 [nranks=8] stream 0x5fe82ab82bc0
h200-bar-200-075:1342114:1342114 [0] NCCL INFO AllReduce: 2048 Bytes -> Algo RING proto LL channel{Lo..Hi}={0..0}
h200-bar-200-075:1342114:1342114 [0] NCCL INFO AllReduce: opCount 0 sendbuff 0x72ff1a800800 recvbuff 0x72ff1aa00800 count 512 datatype 7 op 0 root 0 comm 0x5fe82af13220 [nranks=8] stream 0x5fe825d10e00
h200-bar-200-075:1342114:1342114 [0] NCCL INFO AllReduce: opCount 0 sendbuff 0x72ff1ae00800 recvbuff 0x72ff1b000800 count 512 datatype 7 op 0 root 0 comm 0x5fe82b0380a0 [nranks=8] stream 0x5fe826598e70
h200-bar-200-075:1342114:1342114 [0] NCCL INFO AllReduce: opCount 0 sendbuff 0x72ff1b400800 recvbuff 0x72ff1b600800 count 512 datatype 7 op 0 root 0 comm 0x5fe82b15d9a0 [nranks=8] stream 0x5fe8271a4b90
h200-bar-200-075:1342114:1342114 [0] NCCL INFO AllReduce: opCount 0 sendbuff 0x72ff1ba00800 recvbuff 0x72ff1bc00800 count 512 datatype 7 op 0 root 0 comm 0x5fe82b2892f0 [nranks=8] stream 0x5fe827cff640
h200-bar-200-075:1342114:1342114 [0] NCCL INFO AllReduce: opCount 0 sendbuff 0x72ff1c000800 recvbuff 0x72ff1c200800 count 512 datatype 7 op 0 root 0 comm 0x5fe82b3b4dc0 [nranks=8] stream 0x5fe828878df0
h200-bar-200-075:1342114:1342114 [0] NCCL INFO AllReduce: opCount 0 sendbuff 0x72ff1c600800 recvbuff 0x72ff1c800800 count 512 datatype 7 op 0 root 0 comm 0x5fe82b4e08b0 [nranks=8] stream 0x5fe8293cf1e0
h200-bar-200-075:1342114:1342114 [0] NCCL INFO AllReduce: opCount 0 sendbuff 0x72ff1cc00800 recvbuff 0x72ff1ce00800 count 512 datatype 7 op 0 root 0 comm 0x5fe82b60c3c0 [nranks=8] stream 0x5fe82a087200
h200-bar-200-075:1342114:1342114 [0] NCCL INFO AllReduce: opCount 0 sendbuff 0x72ff1d200800 recvbuff 0x72ff1d400800 count 512 datatype 7 op 0 root 0 comm 0x5fe82b737ed0 [nranks=8] stream 0x5fe82ab82bc0
h200-bar-200-075:1342114:1342114 [0] NCCL INFO AllReduce: 2048 Bytes -> Algo RING proto LL channel{Lo..Hi}={0..0}
h200-bar-200-075:1342114:1342114 [0] NCCL INFO AllReduce: opCount 0 sendbuff 0x72ff1a800000 recvbuff 0x72ff1aa00000 count 1024 datatype 7 op 0 root 0 comm 0x5fe82af13220 [nranks=8] stream 0x5fe825d10e00
h200-bar-200-075:1342114:1342114 [0] NCCL INFO AllReduce: opCount 0 sendbuff 0x72ff1ae00000 recvbuff 0x72ff1b000000 count 1024 datatype 7 op 0 root 0 comm 0x5fe82b0380a0 [nranks=8] stream 0x5fe826598e70
h200-bar-200-075:1342114:1342114 [0] NCCL INFO AllReduce: opCount 0 sendbuff 0x72ff1b400000 recvbuff 0x72ff1b600000 count 1024 datatype 7 op 0 root 0 comm 0x5fe82b15d9a0 [nranks=8] stream 0x5fe8271a4b90
h200-bar-200-075:1342114:1342114 [0] NCCL INFO AllReduce: opCount 0 sendbuff 0x72ff1ba00000 recvbuff 0x72ff1bc00000 count 1024 datatype 7 op 0 root 0 comm 0x5fe82b2892f0 [nranks=8] stream 0x5fe827cff640
h200-bar-200-075:1342114:1342114 [0] NCCL INFO AllReduce: opCount 0 sendbuff 0x72ff1c000000 recvbuff 0x72ff1c200000 count 1024 datatype 7 op 0 root 0 comm 0x5fe82b3b4dc0 [nranks=8] stream 0x5fe828878df0
h200-bar-200-075:1342114:1342114 [0] NCCL INFO AllReduce: opCount 0 sendbuff 0x72ff1c600000 recvbuff 0x72ff1c800000 count 1024 datatype 7 op 0 root 0 comm 0x5fe82b4e08b0 [nranks=8] stream 0x5fe8293cf1e0
h200-bar-200-075:1342114:1342114 [0] NCCL INFO AllReduce: opCount 0 sendbuff 0x72ff1cc00000 recvbuff 0x72ff1ce00000 count 1024 datatype 7 op 0 root 0 comm 0x5fe82b60c3c0 [nranks=8] stream 0x5fe82a087200
h200-bar-200-075:1342114:1342114 [0] NCCL INFO AllReduce: opCount 0 sendbuff 0x72ff1d200000 recvbuff 0x72ff1d400000 count 1024 datatype 7 op 0 root 0 comm 0x5fe82b737ed0 [nranks=8] stream 0x5fe82ab82bc0
h200-bar-200-075:1342114:1342114 [0] NCCL INFO AllReduce: 4096 Bytes -> Algo RING proto LL channel{Lo..Hi}={0..0}
h200-bar-200-075:1342114:1342114 [0] NCCL INFO AllReduce: opCount 0 sendbuff 0x72ff1a801000 recvbuff 0x72ff1aa01000 count 1024 datatype 7 op 0 root 0 comm 0x5fe82af13220 [nranks=8] stream 0x5fe825d10e00
h200-bar-200-075:1342114:1342114 [0] NCCL INFO AllReduce: opCount 0 sendbuff 0x72ff1ae01000 recvbuff 0x72ff1b001000 count 1024 datatype 7 op 0 root 0 comm 0x5fe82b0380a0 [nranks=8] stream 0x5fe826598e70
h200-bar-200-075:1342114:1342114 [0] NCCL INFO AllReduce: opCount 0 sendbuff 0x72ff1b401000 recvbuff 0x72ff1b601000 count 1024 datatype 7 op 0 root 0 comm 0x5fe82b15d9a0 [nranks=8] stream 0x5fe8271a4b90
h200-bar-200-075:1342114:1342114 [0] NCCL INFO AllReduce: opCount 0 sendbuff 0x72ff1ba01000 recvbuff 0x72ff1bc01000 count 1024 datatype 7 op 0 root 0 comm 0x5fe82b2892f0 [nranks=8] stream 0x5fe827cff640
h200-bar-200-075:1342114:1342114 [0] NCCL INFO AllReduce: opCount 0 sendbuff 0x72ff1c001000 recvbuff 0x72ff1c201000 count 1024 datatype 7 op 0 root 0 comm 0x5fe82b3b4dc0 [nranks=8] stream 0x5fe828878df0
h200-bar-200-075:1342114:1342114 [0] NCCL INFO AllReduce: opCount 0 sendbuff 0x72ff1c601000 recvbuff 0x72ff1c801000 count 1024 datatype 7 op 0 root 0 comm 0x5fe82b4e08b0 [nranks=8] stream 0x5fe8293cf1e0
h200-bar-200-075:1342114:1342114 [0] NCCL INFO AllReduce: opCount 0 sendbuff 0x72ff1cc01000 recvbuff 0x72ff1ce01000 count 1024 datatype 7 op 0 root 0 comm 0x5fe82b60c3c0 [nranks=8] stream 0x5fe82a087200
h200-bar-200-075:1342114:1342114 [0] NCCL INFO AllReduce: opCount 0 sendbuff 0x72ff1d201000 recvbuff 0x72ff1d401000 count 1024 datatype 7 op 0 root 0 comm 0x5fe82b737ed0 [nranks=8] stream 0x5fe82ab82bc0
h200-bar-200-075:1342114:1342114 [0] NCCL INFO AllReduce: 4096 Bytes -> Algo RING proto LL channel{Lo..Hi}={0..0}
h200-bar-200-075:1342114:1342114 [0] NCCL INFO AllReduce: opCount 0 sendbuff 0x72ff1a800000 recvbuff 0x72ff1aa00000 count 2048 datatype 7 op 0 root 0 comm 0x5fe82af13220 [nranks=8] stream 0x5fe825d10e00
h200-bar-200-075:1342114:1342114 [0] NCCL INFO AllReduce: opCount 0 sendbuff 0x72ff1ae00000 recvbuff 0x72ff1b000000 count 2048 datatype 7 op 0 root 0 comm 0x5fe82b0380a0 [nranks=8] stream 0x5fe826598e70
h200-bar-200-075:1342114:1342114 [0] NCCL INFO AllReduce: opCount 0 sendbuff 0x72ff1b400000 recvbuff 0x72ff1b600000 count 2048 datatype 7 op 0 root 0 comm 0x5fe82b15d9a0 [nranks=8] stream 0x5fe8271a4b90
h200-bar-200-075:1342114:1342114 [0] NCCL INFO AllReduce: opCount 0 sendbuff 0x72ff1ba00000 recvbuff 0x72ff1bc00000 count 2048 datatype 7 op 0 root 0 comm 0x5fe82b2892f0 [nranks=8] stream 0x5fe827cff640
h200-bar-200-075:1342114:1342114 [0] NCCL INFO AllReduce: opCount 0 sendbuff 0x72ff1c000000 recvbuff 0x72ff1c200000 count 2048 datatype 7 op 0 root 0 comm 0x5fe82b3b4dc0 [nranks=8] stream 0x5fe828878df0
h200-bar-200-075:1342114:1342114 [0] NCCL INFO AllReduce: opCount 0 sendbuff 0x72ff1c600000 recvbuff 0x72ff1c800000 count 2048 datatype 7 op 0 root 0 comm 0x5fe82b4e08b0 [nranks=8] stream 0x5fe8293cf1e0
h200-bar-200-075:1342114:1342114 [0] NCCL INFO AllReduce: opCount 0 sendbuff 0x72ff1cc00000 recvbuff 0x72ff1ce00000 count 2048 datatype 7 op 0 root 0 comm 0x5fe82b60c3c0 [nranks=8] stream 0x5fe82a087200
h200-bar-200-075:1342114:1342114 [0] NCCL INFO AllReduce: opCount 0 sendbuff 0x72ff1d200000 recvbuff 0x72ff1d400000 count 2048 datatype 7 op 0 root 0 comm 0x5fe82b737ed0 [nranks=8] stream 0x5fe82ab82bc0
h200-bar-200-075:1342114:1342114 [0] NCCL INFO AllReduce: 8192 Bytes -> Algo RING proto LL channel{Lo..Hi}={0..0}
h200-bar-200-075:1342114:1342114 [0] NCCL INFO AllReduce: opCount 0 sendbuff 0x72ff1a802000 recvbuff 0x72ff1aa02000 count 2048 datatype 7 op 0 root 0 comm 0x5fe82af13220 [nranks=8] stream 0x5fe825d10e00
h200-bar-200-075:1342114:1342114 [0] NCCL INFO AllReduce: opCount 0 sendbuff 0x72ff1ae02000 recvbuff 0x72ff1b002000 count 2048 datatype 7 op 0 root 0 comm 0x5fe82b0380a0 [nranks=8] stream 0x5fe826598e70
h200-bar-200-075:1342114:1342114 [0] NCCL INFO AllReduce: opCount 0 sendbuff 0x72ff1b402000 recvbuff 0x72ff1b602000 count 2048 datatype 7 op 0 root 0 comm 0x5fe82b15d9a0 [nranks=8] stream 0x5fe8271a4b90
h200-bar-200-075:1342114:1342114 [0] NCCL INFO AllReduce: opCount 0 sendbuff 0x72ff1ba02000 recvbuff 0x72ff1bc02000 count 2048 datatype 7 op 0 root 0 comm 0x5fe82b2892f0 [nranks=8] stream 0x5fe827cff640
h200-bar-200-075:1342114:1342114 [0] NCCL INFO AllReduce: opCount 0 sendbuff 0x72ff1c002000 recvbuff 0x72ff1c202000 count 2048 datatype 7 op 0 root 0 comm 0x5fe82b3b4dc0 [nranks=8] stream 0x5fe828878df0
h200-bar-200-075:1342114:1342114 [0] NCCL INFO AllReduce: opCount 0 sendbuff 0x72ff1c602000 recvbuff 0x72ff1c802000 count 2048 datatype 7 op 0 root 0 comm 0x5fe82b4e08b0 [nranks=8] stream 0x5fe8293cf1e0
h200-bar-200-075:1342114:1342114 [0] NCCL INFO AllReduce: opCount 0 sendbuff 0x72ff1cc02000 recvbuff 0x72ff1ce02000 count 2048 datatype 7 op 0 root 0 comm 0x5fe82b60c3c0 [nranks=8] stream 0x5fe82a087200
h200-bar-200-075:1342114:1342114 [0] NCCL INFO AllReduce: opCount 0 sendbuff 0x72ff1d202000 recvbuff 0x72ff1d402000 count 2048 datatype 7 op 0 root 0 comm 0x5fe82b737ed0 [nranks=8] stream 0x5fe82ab82bc0
h200-bar-200-075:1342114:1342114 [0] NCCL INFO AllReduce: 8192 Bytes -> Algo RING proto LL channel{Lo..Hi}={0..0}
h200-bar-200-075:1342114:1342114 [0] NCCL INFO AllReduce: opCount 0 sendbuff 0x72ff1a800000 recvbuff 0x72ff1aa00000 count 4096 datatype 7 op 0 root 0 comm 0x5fe82af13220 [nranks=8] stream 0x5fe825d10e00
h200-bar-200-075:1342114:1342114 [0] NCCL INFO AllReduce: opCount 0 sendbuff 0x72ff1ae00000 recvbuff 0x72ff1b000000 count 4096 datatype 7 op 0 root 0 comm 0x5fe82b0380a0 [nranks=8] stream 0x5fe826598e70
h200-bar-200-075:1342114:1342114 [0] NCCL INFO AllReduce: opCount 0 sendbuff 0x72ff1b400000 recvbuff 0x72ff1b600000 count 4096 datatype 7 op 0 root 0 comm 0x5fe82b15d9a0 [nranks=8] stream 0x5fe8271a4b90
h200-bar-200-075:1342114:1342114 [0] NCCL INFO AllReduce: opCount 0 sendbuff 0x72ff1ba00000 recvbuff 0x72ff1bc00000 count 4096 datatype 7 op 0 root 0 comm 0x5fe82b2892f0 [nranks=8] stream 0x5fe827cff640
h200-bar-200-075:1342114:1342114 [0] NCCL INFO AllReduce: opCount 0 sendbuff 0x72ff1c000000 recvbuff 0x72ff1c200000 count 4096 datatype 7 op 0 root 0 comm 0x5fe82b3b4dc0 [nranks=8] stream 0x5fe828878df0
h200-bar-200-075:1342114:1342114 [0] NCCL INFO AllReduce: opCount 0 sendbuff 0x72ff1c600000 recvbuff 0x72ff1c800000 count 4096 datatype 7 op 0 root 0 comm 0x5fe82b4e08b0 [nranks=8] stream 0x5fe8293cf1e0
h200-bar-200-075:1342114:1342114 [0] NCCL INFO AllReduce: opCount 0 sendbuff 0x72ff1cc00000 recvbuff 0x72ff1ce00000 count 4096 datatype 7 op 0 root 0 comm 0x5fe82b60c3c0 [nranks=8] stream 0x5fe82a087200
h200-bar-200-075:1342114:1342114 [0] NCCL INFO AllReduce: opCount 0 sendbuff 0x72ff1d200000 recvbuff 0x72ff1d400000 count 4096 datatype 7 op 0 root 0 comm 0x5fe82b737ed0 [nranks=8] stream 0x5fe82ab82bc0
h200-bar-200-075:1342114:1342114 [0] NCCL INFO AllReduce: 16384 Bytes -> Algo RING proto LL channel{Lo..Hi}={0..0}
h200-bar-200-075:1342114:1342114 [0] NCCL INFO AllReduce: opCount 0 sendbuff 0x72ff1a804000 recvbuff 0x72ff1aa04000 count 4096 datatype 7 op 0 root 0 comm 0x5fe82af13220 [nranks=8] stream 0x5fe825d10e00
h200-bar-200-075:1342114:1342114 [0] NCCL INFO AllReduce: opCount 0 sendbuff 0x72ff1ae04000 recvbuff 0x72ff1b004000 count 4096 datatype 7 op 0 root 0 comm 0x5fe82b0380a0 [nranks=8] stream 0x5fe826598e70
h200-bar-200-075:1342114:1342114 [0] NCCL INFO AllReduce: opCount 0 sendbuff 0x72ff1b404000 recvbuff 0x72ff1b604000 count 4096 datatype 7 op 0 root 0 comm 0x5fe82b15d9a0 [nranks=8] stream 0x5fe8271a4b90
h200-bar-200-075:1342114:1342114 [0] NCCL INFO AllReduce: opCount 0 sendbuff 0x72ff1ba04000 recvbuff 0x72ff1bc04000 count 4096 datatype 7 op 0 root 0 comm 0x5fe82b2892f0 [nranks=8] stream 0x5fe827cff640
h200-bar-200-075:1342114:1342114 [0] NCCL INFO AllReduce: opCount 0 sendbuff 0x72ff1c004000 recvbuff 0x72ff1c204000 count 4096 datatype 7 op 0 root 0 comm 0x5fe82b3b4dc0 [nranks=8] stream 0x5fe828878df0
h200-bar-200-075:1342114:1342114 [0] NCCL INFO AllReduce: opCount 0 sendbuff 0x72ff1c604000 recvbuff 0x72ff1c804000 count 4096 datatype 7 op 0 root 0 comm 0x5fe82b4e08b0 [nranks=8] stream 0x5fe8293cf1e0
h200-bar-200-075:1342114:1342114 [0] NCCL INFO AllReduce: opCount 0 sendbuff 0x72ff1cc04000 recvbuff 0x72ff1ce04000 count 4096 datatype 7 op 0 root 0 comm 0x5fe82b60c3c0 [nranks=8] stream 0x5fe82a087200
h200-bar-200-075:1342114:1342114 [0] NCCL INFO AllReduce: opCount 0 sendbuff 0x72ff1d204000 recvbuff 0x72ff1d404000 count 4096 datatype 7 op 0 root 0 comm 0x5fe82b737ed0 [nranks=8] stream 0x5fe82ab82bc0
h200-bar-200-075:1342114:1342114 [0] NCCL INFO AllReduce: 16384 Bytes -> Algo RING proto LL channel{Lo..Hi}={0..0}
h200-bar-200-075:1342114:1342114 [0] NCCL INFO AllReduce: opCount 0 sendbuff 0x72ff1a800000 recvbuff 0x72ff1aa00000 count 8192 datatype 7 op 0 root 0 comm 0x5fe82af13220 [nranks=8] stream 0x5fe825d10e00
h200-bar-200-075:1342114:1342114 [0] NCCL INFO AllReduce: opCount 0 sendbuff 0x72ff1ae00000 recvbuff 0x72ff1b000000 count 8192 datatype 7 op 0 root 0 comm 0x5fe82b0380a0 [nranks=8] stream 0x5fe826598e70
h200-bar-200-075:1342114:1342114 [0] NCCL INFO AllReduce: opCount 0 sendbuff 0x72ff1b400000 recvbuff 0x72ff1b600000 count 8192 datatype 7 op 0 root 0 comm 0x5fe82b15d9a0 [nranks=8] stream 0x5fe8271a4b90
h200-bar-200-075:1342114:1342114 [0] NCCL INFO AllReduce: opCount 0 sendbuff 0x72ff1ba00000 recvbuff 0x72ff1bc00000 count 8192 datatype 7 op 0 root 0 comm 0x5fe82b2892f0 [nranks=8] stream 0x5fe827cff640
h200-bar-200-075:1342114:1342114 [0] NCCL INFO AllReduce: opCount 0 sendbuff 0x72ff1c000000 recvbuff 0x72ff1c200000 count 8192 datatype 7 op 0 root 0 comm 0x5fe82b3b4dc0 [nranks=8] stream 0x5fe828878df0
h200-bar-200-075:1342114:1342114 [0] NCCL INFO AllReduce: opCount 0 sendbuff 0x72ff1c600000 recvbuff 0x72ff1c800000 count 8192 datatype 7 op 0 root 0 comm 0x5fe82b4e08b0 [nranks=8] stream 0x5fe8293cf1e0
h200-bar-200-075:1342114:1342114 [0] NCCL INFO AllReduce: opCount 0 sendbuff 0x72ff1cc00000 recvbuff 0x72ff1ce00000 count 8192 datatype 7 op 0 root 0 comm 0x5fe82b60c3c0 [nranks=8] stream 0x5fe82a087200
h200-bar-200-075:1342114:1342114 [0] NCCL INFO AllReduce: opCount 0 sendbuff 0x72ff1d200000 recvbuff 0x72ff1d400000 count 8192 datatype 7 op 0 root 0 comm 0x5fe82b737ed0 [nranks=8] stream 0x5fe82ab82bc0
h200-bar-200-075:1342114:1342114 [0] NCCL INFO AllReduce: 32768 Bytes -> Algo RING proto LL channel{Lo..Hi}={0..0}
h200-bar-200-075:1342114:1342114 [0] NCCL INFO AllReduce: opCount 0 sendbuff 0x72ff1a808000 recvbuff 0x72ff1aa08000 count 8192 datatype 7 op 0 root 0 comm 0x5fe82af13220 [nranks=8] stream 0x5fe825d10e00
h200-bar-200-075:1342114:1342114 [0] NCCL INFO AllReduce: opCount 0 sendbuff 0x72ff1ae08000 recvbuff 0x72ff1b008000 count 8192 datatype 7 op 0 root 0 comm 0x5fe82b0380a0 [nranks=8] stream 0x5fe826598e70
h200-bar-200-075:1342114:1342114 [0] NCCL INFO AllReduce: opCount 0 sendbuff 0x72ff1b408000 recvbuff 0x72ff1b608000 count 8192 datatype 7 op 0 root 0 comm 0x5fe82b15d9a0 [nranks=8] stream 0x5fe8271a4b90
h200-bar-200-075:1342114:1342114 [0] NCCL INFO AllReduce: opCount 0 sendbuff 0x72ff1ba08000 recvbuff 0x72ff1bc08000 count 8192 datatype 7 op 0 root 0 comm 0x5fe82b2892f0 [nranks=8] stream 0x5fe827cff640
h200-bar-200-075:1342114:1342114 [0] NCCL INFO AllReduce: opCount 0 sendbuff 0x72ff1c008000 recvbuff 0x72ff1c208000 count 8192 datatype 7 op 0 root 0 comm 0x5fe82b3b4dc0 [nranks=8] stream 0x5fe828878df0
h200-bar-200-075:1342114:1342114 [0] NCCL INFO AllReduce: opCount 0 sendbuff 0x72ff1c608000 recvbuff 0x72ff1c808000 count 8192 datatype 7 op 0 root 0 comm 0x5fe82b4e08b0 [nranks=8] stream 0x5fe8293cf1e0
h200-bar-200-075:1342114:1342114 [0] NCCL INFO AllReduce: opCount 0 sendbuff 0x72ff1cc08000 recvbuff 0x72ff1ce08000 count 8192 datatype 7 op 0 root 0 comm 0x5fe82b60c3c0 [nranks=8] stream 0x5fe82a087200
h200-bar-200-075:1342114:1342114 [0] NCCL INFO AllReduce: opCount 0 sendbuff 0x72ff1d208000 recvbuff 0x72ff1d408000 count 8192 datatype 7 op 0 root 0 comm 0x5fe82b737ed0 [nranks=8] stream 0x5fe82ab82bc0
h200-bar-200-075:1342114:1342114 [0] NCCL INFO AllReduce: 32768 Bytes -> Algo RING proto LL channel{Lo..Hi}={0..0}
h200-bar-200-075:1342114:1342114 [0] NCCL INFO AllReduce: opCount 0 sendbuff 0x72ff1a800000 recvbuff 0x72ff1aa00000 count 16384 datatype 7 op 0 root 0 comm 0x5fe82af13220 [nranks=8] stream 0x5fe825d10e00
h200-bar-200-075:1342114:1342114 [0] NCCL INFO AllReduce: opCount 0 sendbuff 0x72ff1ae00000 recvbuff 0x72ff1b000000 count 16384 datatype 7 op 0 root 0 comm 0x5fe82b0380a0 [nranks=8] stream 0x5fe826598e70
h200-bar-200-075:1342114:1342114 [0] NCCL INFO AllReduce: opCount 0 sendbuff 0x72ff1b400000 recvbuff 0x72ff1b600000 count 16384 datatype 7 op 0 root 0 comm 0x5fe82b15d9a0 [nranks=8] stream 0x5fe8271a4b90
h200-bar-200-075:1342114:1342114 [0] NCCL INFO AllReduce: opCount 0 sendbuff 0x72ff1ba00000 recvbuff 0x72ff1bc00000 count 16384 datatype 7 op 0 root 0 comm 0x5fe82b2892f0 [nranks=8] stream 0x5fe827cff640
h200-bar-200-075:1342114:1342114 [0] NCCL INFO AllReduce: opCount 0 sendbuff 0x72ff1c000000 recvbuff 0x72ff1c200000 count 16384 datatype 7 op 0 root 0 comm 0x5fe82b3b4dc0 [nranks=8] stream 0x5fe828878df0
h200-bar-200-075:1342114:1342114 [0] NCCL INFO AllReduce: opCount 0 sendbuff 0x72ff1c600000 recvbuff 0x72ff1c800000 count 16384 datatype 7 op 0 root 0 comm 0x5fe82b4e08b0 [nranks=8] stream 0x5fe8293cf1e0
h200-bar-200-075:1342114:1342114 [0] NCCL INFO AllReduce: opCount 0 sendbuff 0x72ff1cc00000 recvbuff 0x72ff1ce00000 count 16384 datatype 7 op 0 root 0 comm 0x5fe82b60c3c0 [nranks=8] stream 0x5fe82a087200
h200-bar-200-075:1342114:1342114 [0] NCCL INFO AllReduce: opCount 0 sendbuff 0x72ff1d200000 recvbuff 0x72ff1d400000 count 16384 datatype 7 op 0 root 0 comm 0x5fe82b737ed0 [nranks=8] stream 0x5fe82ab82bc0
h200-bar-200-075:1342114:1342114 [0] NCCL INFO AllReduce: 65536 Bytes -> Algo RING proto LL channel{Lo..Hi}={0..1}
h200-bar-200-075:1342114:1342114 [0] NCCL INFO AllReduce: opCount 0 sendbuff 0x72ff1a810000 recvbuff 0x72ff1aa10000 count 16384 datatype 7 op 0 root 0 comm 0x5fe82af13220 [nranks=8] stream 0x5fe825d10e00
h200-bar-200-075:1342114:1342114 [0] NCCL INFO AllReduce: opCount 0 sendbuff 0x72ff1ae10000 recvbuff 0x72ff1b010000 count 16384 datatype 7 op 0 root 0 comm 0x5fe82b0380a0 [nranks=8] stream 0x5fe826598e70
h200-bar-200-075:1342114:1342114 [0] NCCL INFO AllReduce: opCount 0 sendbuff 0x72ff1b410000 recvbuff 0x72ff1b610000 count 16384 datatype 7 op 0 root 0 comm 0x5fe82b15d9a0 [nranks=8] stream 0x5fe8271a4b90
h200-bar-200-075:1342114:1342114 [0] NCCL INFO AllReduce: opCount 0 sendbuff 0x72ff1ba10000 recvbuff 0x72ff1bc10000 count 16384 datatype 7 op 0 root 0 comm 0x5fe82b2892f0 [nranks=8] stream 0x5fe827cff640
h200-bar-200-075:1342114:1342114 [0] NCCL INFO AllReduce: opCount 0 sendbuff 0x72ff1c010000 recvbuff 0x72ff1c210000 count 16384 datatype 7 op 0 root 0 comm 0x5fe82b3b4dc0 [nranks=8] stream 0x5fe828878df0
h200-bar-200-075:1342114:1342114 [0] NCCL INFO AllReduce: opCount 0 sendbuff 0x72ff1c610000 recvbuff 0x72ff1c810000 count 16384 datatype 7 op 0 root 0 comm 0x5fe82b4e08b0 [nranks=8] stream 0x5fe8293cf1e0
h200-bar-200-075:1342114:1342114 [0] NCCL INFO AllReduce: opCount 0 sendbuff 0x72ff1cc10000 recvbuff 0x72ff1ce10000 count 16384 datatype 7 op 0 root 0 comm 0x5fe82b60c3c0 [nranks=8] stream 0x5fe82a087200
h200-bar-200-075:1342114:1342114 [0] NCCL INFO AllReduce: opCount 0 sendbuff 0x72ff1d210000 recvbuff 0x72ff1d410000 count 16384 datatype 7 op 0 root 0 comm 0x5fe82b737ed0 [nranks=8] stream 0x5fe82ab82bc0
h200-bar-200-075:1342114:1342114 [0] NCCL INFO AllReduce: 65536 Bytes -> Algo RING proto LL channel{Lo..Hi}={0..1}
h200-bar-200-075:1342114:1342114 [0] NCCL INFO AllReduce: opCount 0 sendbuff 0x72ff1a800000 recvbuff 0x72ff1aa00000 count 32768 datatype 7 op 0 root 0 comm 0x5fe82af13220 [nranks=8] stream 0x5fe825d10e00
h200-bar-200-075:1342114:1342114 [0] NCCL INFO AllReduce: opCount 0 sendbuff 0x72ff1ae00000 recvbuff 0x72ff1b000000 count 32768 datatype 7 op 0 root 0 comm 0x5fe82b0380a0 [nranks=8] stream 0x5fe826598e70
h200-bar-200-075:1342114:1342114 [0] NCCL INFO AllReduce: opCount 0 sendbuff 0x72ff1b400000 recvbuff 0x72ff1b600000 count 32768 datatype 7 op 0 root 0 comm 0x5fe82b15d9a0 [nranks=8] stream 0x5fe8271a4b90
h200-bar-200-075:1342114:1342114 [0] NCCL INFO AllReduce: opCount 0 sendbuff 0x72ff1ba00000 recvbuff 0x72ff1bc00000 count 32768 datatype 7 op 0 root 0 comm 0x5fe82b2892f0 [nranks=8] stream 0x5fe827cff640
h200-bar-200-075:1342114:1342114 [0] NCCL INFO AllReduce: opCount 0 sendbuff 0x72ff1c000000 recvbuff 0x72ff1c200000 count 32768 datatype 7 op 0 root 0 comm 0x5fe82b3b4dc0 [nranks=8] stream 0x5fe828878df0
h200-bar-200-075:1342114:1342114 [0] NCCL INFO AllReduce: opCount 0 sendbuff 0x72ff1c600000 recvbuff 0x72ff1c800000 count 32768 datatype 7 op 0 root 0 comm 0x5fe82b4e08b0 [nranks=8] stream 0x5fe8293cf1e0
h200-bar-200-075:1342114:1342114 [0] NCCL INFO AllReduce: opCount 0 sendbuff 0x72ff1cc00000 recvbuff 0x72ff1ce00000 count 32768 datatype 7 op 0 root 0 comm 0x5fe82b60c3c0 [nranks=8] stream 0x5fe82a087200
h200-bar-200-075:1342114:1342114 [0] NCCL INFO AllReduce: opCount 0 sendbuff 0x72ff1d200000 recvbuff 0x72ff1d400000 count 32768 datatype 7 op 0 root 0 comm 0x5fe82b737ed0 [nranks=8] stream 0x5fe82ab82bc0
h200-bar-200-075:1342114:1342114 [0] NCCL INFO AllReduce: 131072 Bytes -> Algo RING proto LL channel{Lo..Hi}={0..3}
h200-bar-200-075:1342114:1342114 [0] NCCL INFO AllReduce: opCount 0 sendbuff 0x72ff1a820000 recvbuff 0x72ff1aa20000 count 32768 datatype 7 op 0 root 0 comm 0x5fe82af13220 [nranks=8] stream 0x5fe825d10e00
h200-bar-200-075:1342114:1342114 [0] NCCL INFO AllReduce: opCount 0 sendbuff 0x72ff1ae20000 recvbuff 0x72ff1b020000 count 32768 datatype 7 op 0 root 0 comm 0x5fe82b0380a0 [nranks=8] stream 0x5fe826598e70
h200-bar-200-075:1342114:1342114 [0] NCCL INFO AllReduce: opCount 0 sendbuff 0x72ff1b420000 recvbuff 0x72ff1b620000 count 32768 datatype 7 op 0 root 0 comm 0x5fe82b15d9a0 [nranks=8] stream 0x5fe8271a4b90
h200-bar-200-075:1342114:1342114 [0] NCCL INFO AllReduce: opCount 0 sendbuff 0x72ff1ba20000 recvbuff 0x72ff1bc20000 count 32768 datatype 7 op 0 root 0 comm 0x5fe82b2892f0 [nranks=8] stream 0x5fe827cff640
h200-bar-200-075:1342114:1342114 [0] NCCL INFO AllReduce: opCount 0 sendbuff 0x72ff1c020000 recvbuff 0x72ff1c220000 count 32768 datatype 7 op 0 root 0 comm 0x5fe82b3b4dc0 [nranks=8] stream 0x5fe828878df0
h200-bar-200-075:1342114:1342114 [0] NCCL INFO AllReduce: opCount 0 sendbuff 0x72ff1c620000 recvbuff 0x72ff1c820000 count 32768 datatype 7 op 0 root 0 comm 0x5fe82b4e08b0 [nranks=8] stream 0x5fe8293cf1e0
h200-bar-200-075:1342114:1342114 [0] NCCL INFO AllReduce: opCount 0 sendbuff 0x72ff1cc20000 recvbuff 0x72ff1ce20000 count 32768 datatype 7 op 0 root 0 comm 0x5fe82b60c3c0 [nranks=8] stream 0x5fe82a087200
h200-bar-200-075:1342114:1342114 [0] NCCL INFO AllReduce: opCount 0 sendbuff 0x72ff1d220000 recvbuff 0x72ff1d420000 count 32768 datatype 7 op 0 root 0 comm 0x5fe82b737ed0 [nranks=8] stream 0x5fe82ab82bc0
h200-bar-200-075:1342114:1342114 [0] NCCL INFO AllReduce: 131072 Bytes -> Algo RING proto LL channel{Lo..Hi}={0..3}
h200-bar-200-075:1342114:1342114 [0] NCCL INFO AllReduce: opCount 0 sendbuff 0x72ff1a800000 recvbuff 0x72ff1aa00000 count 65536 datatype 7 op 0 root 0 comm 0x5fe82af13220 [nranks=8] stream 0x5fe825d10e00
h200-bar-200-075:1342114:1342114 [0] NCCL INFO AllReduce: opCount 0 sendbuff 0x72ff1ae00000 recvbuff 0x72ff1b000000 count 65536 datatype 7 op 0 root 0 comm 0x5fe82b0380a0 [nranks=8] stream 0x5fe826598e70
h200-bar-200-075:1342114:1342114 [0] NCCL INFO AllReduce: opCount 0 sendbuff 0x72ff1b400000 recvbuff 0x72ff1b600000 count 65536 datatype 7 op 0 root 0 comm 0x5fe82b15d9a0 [nranks=8] stream 0x5fe8271a4b90
h200-bar-200-075:1342114:1342114 [0] NCCL INFO AllReduce: opCount 0 sendbuff 0x72ff1ba00000 recvbuff 0x72ff1bc00000 count 65536 datatype 7 op 0 root 0 comm 0x5fe82b2892f0 [nranks=8] stream 0x5fe827cff640
h200-bar-200-075:1342114:1342114 [0] NCCL INFO AllReduce: opCount 0 sendbuff 0x72ff1c000000 recvbuff 0x72ff1c200000 count 65536 datatype 7 op 0 root 0 comm 0x5fe82b3b4dc0 [nranks=8] stream 0x5fe828878df0
h200-bar-200-075:1342114:1342114 [0] NCCL INFO AllReduce: opCount 0 sendbuff 0x72ff1c600000 recvbuff 0x72ff1c800000 count 65536 datatype 7 op 0 root 0 comm 0x5fe82b4e08b0 [nranks=8] stream 0x5fe8293cf1e0
h200-bar-200-075:1342114:1342114 [0] NCCL INFO AllReduce: opCount 0 sendbuff 0x72ff1cc00000 recvbuff 0x72ff1ce00000 count 65536 datatype 7 op 0 root 0 comm 0x5fe82b60c3c0 [nranks=8] stream 0x5fe82a087200
h200-bar-200-075:1342114:1342114 [0] NCCL INFO AllReduce: opCount 0 sendbuff 0x72ff1d200000 recvbuff 0x72ff1d400000 count 65536 datatype 7 op 0 root 0 comm 0x5fe82b737ed0 [nranks=8] stream 0x5fe82ab82bc0
h200-bar-200-075:1342114:1342114 [0] NCCL INFO AllReduce: 262144 Bytes -> Algo RING proto LL channel{Lo..Hi}={0..7}
h200-bar-200-075:1342114:1342114 [0] NCCL INFO AllReduce: opCount 0 sendbuff 0x72ff1a840000 recvbuff 0x72ff1aa40000 count 65536 datatype 7 op 0 root 0 comm 0x5fe82af13220 [nranks=8] stream 0x5fe825d10e00
h200-bar-200-075:1342114:1342114 [0] NCCL INFO AllReduce: opCount 0 sendbuff 0x72ff1ae40000 recvbuff 0x72ff1b040000 count 65536 datatype 7 op 0 root 0 comm 0x5fe82b0380a0 [nranks=8] stream 0x5fe826598e70
h200-bar-200-075:1342114:1342114 [0] NCCL INFO AllReduce: opCount 0 sendbuff 0x72ff1b440000 recvbuff 0x72ff1b640000 count 65536 datatype 7 op 0 root 0 comm 0x5fe82b15d9a0 [nranks=8] stream 0x5fe8271a4b90
h200-bar-200-075:1342114:1342114 [0] NCCL INFO AllReduce: opCount 0 sendbuff 0x72ff1ba40000 recvbuff 0x72ff1bc40000 count 65536 datatype 7 op 0 root 0 comm 0x5fe82b2892f0 [nranks=8] stream 0x5fe827cff640
h200-bar-200-075:1342114:1342114 [0] NCCL INFO AllReduce: opCount 0 sendbuff 0x72ff1c040000 recvbuff 0x72ff1c240000 count 65536 datatype 7 op 0 root 0 comm 0x5fe82b3b4dc0 [nranks=8] stream 0x5fe828878df0
h200-bar-200-075:1342114:1342114 [0] NCCL INFO AllReduce: opCount 0 sendbuff 0x72ff1c640000 recvbuff 0x72ff1c840000 count 65536 datatype 7 op 0 root 0 comm 0x5fe82b4e08b0 [nranks=8] stream 0x5fe8293cf1e0
h200-bar-200-075:1342114:1342114 [0] NCCL INFO AllReduce: opCount 0 sendbuff 0x72ff1cc40000 recvbuff 0x72ff1ce40000 count 65536 datatype 7 op 0 root 0 comm 0x5fe82b60c3c0 [nranks=8] stream 0x5fe82a087200
h200-bar-200-075:1342114:1342114 [0] NCCL INFO AllReduce: opCount 0 sendbuff 0x72ff1d240000 recvbuff 0x72ff1d440000 count 65536 datatype 7 op 0 root 0 comm 0x5fe82b737ed0 [nranks=8] stream 0x5fe82ab82bc0
h200-bar-200-075:1342114:1342114 [0] NCCL INFO AllReduce: 262144 Bytes -> Algo RING proto LL channel{Lo..Hi}={0..7}
h200-bar-200-075:1342114:1342114 [0] NCCL INFO AllReduce: opCount 0 sendbuff 0x72ff1a800000 recvbuff 0x72ff1aa00000 count 131072 datatype 7 op 0 root 0 comm 0x5fe82af13220 [nranks=8] stream 0x5fe825d10e00
h200-bar-200-075:1342114:1342114 [0] NCCL INFO AllReduce: opCount 0 sendbuff 0x72ff1ae00000 recvbuff 0x72ff1b000000 count 131072 datatype 7 op 0 root 0 comm 0x5fe82b0380a0 [nranks=8] stream 0x5fe826598e70
h200-bar-200-075:1342114:1342114 [0] NCCL INFO AllReduce: opCount 0 sendbuff 0x72ff1b400000 recvbuff 0x72ff1b600000 count 131072 datatype 7 op 0 root 0 comm 0x5fe82b15d9a0 [nranks=8] stream 0x5fe8271a4b90
h200-bar-200-075:1342114:1342114 [0] NCCL INFO AllReduce: opCount 0 sendbuff 0x72ff1ba00000 recvbuff 0x72ff1bc00000 count 131072 datatype 7 op 0 root 0 comm 0x5fe82b2892f0 [nranks=8] stream 0x5fe827cff640
h200-bar-200-075:1342114:1342114 [0] NCCL INFO AllReduce: opCount 0 sendbuff 0x72ff1c000000 recvbuff 0x72ff1c200000 count 131072 datatype 7 op 0 root 0 comm 0x5fe82b3b4dc0 [nranks=8] stream 0x5fe828878df0
h200-bar-200-075:1342114:1342114 [0] NCCL INFO AllReduce: opCount 0 sendbuff 0x72ff1c600000 recvbuff 0x72ff1c800000 count 131072 datatype 7 op 0 root 0 comm 0x5fe82b4e08b0 [nranks=8] stream 0x5fe8293cf1e0
h200-bar-200-075:1342114:1342114 [0] NCCL INFO AllReduce: opCount 0 sendbuff 0x72ff1cc00000 recvbuff 0x72ff1ce00000 count 131072 datatype 7 op 0 root 0 comm 0x5fe82b60c3c0 [nranks=8] stream 0x5fe82a087200
h200-bar-200-075:1342114:1342114 [0] NCCL INFO AllReduce: opCount 0 sendbuff 0x72ff1d200000 recvbuff 0x72ff1d400000 count 131072 datatype 7 op 0 root 0 comm 0x5fe82b737ed0 [nranks=8] stream 0x5fe82ab82bc0
h200-bar-200-075:1342114:1342114 [0] NCCL INFO AllReduce: 524288 Bytes -> Algo RING proto LL channel{Lo..Hi}={0..15}
h200-bar-200-075:1342114:1342114 [0] NCCL INFO AllReduce: opCount 0 sendbuff 0x72ff1a880000 recvbuff 0x72ff1aa80000 count 131072 datatype 7 op 0 root 0 comm 0x5fe82af13220 [nranks=8] stream 0x5fe825d10e00
h200-bar-200-075:1342114:1342114 [0] NCCL INFO AllReduce: opCount 0 sendbuff 0x72ff1ae80000 recvbuff 0x72ff1b080000 count 131072 datatype 7 op 0 root 0 comm 0x5fe82b0380a0 [nranks=8] stream 0x5fe826598e70
h200-bar-200-075:1342114:1342114 [0] NCCL INFO AllReduce: opCount 0 sendbuff 0x72ff1b480000 recvbuff 0x72ff1b680000 count 131072 datatype 7 op 0 root 0 comm 0x5fe82b15d9a0 [nranks=8] stream 0x5fe8271a4b90
h200-bar-200-075:1342114:1342114 [0] NCCL INFO AllReduce: opCount 0 sendbuff 0x72ff1ba80000 recvbuff 0x72ff1bc80000 count 131072 datatype 7 op 0 root 0 comm 0x5fe82b2892f0 [nranks=8] stream 0x5fe827cff640
h200-bar-200-075:1342114:1342114 [0] NCCL INFO AllReduce: opCount 0 sendbuff 0x72ff1c080000 recvbuff 0x72ff1c280000 count 131072 datatype 7 op 0 root 0 comm 0x5fe82b3b4dc0 [nranks=8] stream 0x5fe828878df0
h200-bar-200-075:1342114:1342114 [0] NCCL INFO AllReduce: opCount 0 sendbuff 0x72ff1c680000 recvbuff 0x72ff1c880000 count 131072 datatype 7 op 0 root 0 comm 0x5fe82b4e08b0 [nranks=8] stream 0x5fe8293cf1e0
h200-bar-200-075:1342114:1342114 [0] NCCL INFO AllReduce: opCount 0 sendbuff 0x72ff1cc80000 recvbuff 0x72ff1ce80000 count 131072 datatype 7 op 0 root 0 comm 0x5fe82b60c3c0 [nranks=8] stream 0x5fe82a087200
h200-bar-200-075:1342114:1342114 [0] NCCL INFO AllReduce: opCount 0 sendbuff 0x72ff1d280000 recvbuff 0x72ff1d480000 count 131072 datatype 7 op 0 root 0 comm 0x5fe82b737ed0 [nranks=8] stream 0x5fe82ab82bc0
h200-bar-200-075:1342114:1342114 [0] NCCL INFO AllReduce: 524288 Bytes -> Algo RING proto LL channel{Lo..Hi}={0..15}
h200-bar-200-075:1342114:1342114 [0] NCCL INFO AllReduce: opCount 0 sendbuff 0x72ff1a800000 recvbuff 0x72ff1aa00000 count 262144 datatype 7 op 0 root 0 comm 0x5fe82af13220 [nranks=8] stream 0x5fe825d10e00
h200-bar-200-075:1342114:1342114 [0] NCCL INFO AllReduce: opCount 0 sendbuff 0x72ff1ae00000 recvbuff 0x72ff1b000000 count 262144 datatype 7 op 0 root 0 comm 0x5fe82b0380a0 [nranks=8] stream 0x5fe826598e70
h200-bar-200-075:1342114:1342114 [0] NCCL INFO AllReduce: opCount 0 sendbuff 0x72ff1b400000 recvbuff 0x72ff1b600000 count 262144 datatype 7 op 0 root 0 comm 0x5fe82b15d9a0 [nranks=8] stream 0x5fe8271a4b90
h200-bar-200-075:1342114:1342114 [0] NCCL INFO AllReduce: opCount 0 sendbuff 0x72ff1ba00000 recvbuff 0x72ff1bc00000 count 262144 datatype 7 op 0 root 0 comm 0x5fe82b2892f0 [nranks=8] stream 0x5fe827cff640
h200-bar-200-075:1342114:1342114 [0] NCCL INFO AllReduce: opCount 0 sendbuff 0x72ff1c000000 recvbuff 0x72ff1c200000 count 262144 datatype 7 op 0 root 0 comm 0x5fe82b3b4dc0 [nranks=8] stream 0x5fe828878df0
h200-bar-200-075:1342114:1342114 [0] NCCL INFO AllReduce: opCount 0 sendbuff 0x72ff1c600000 recvbuff 0x72ff1c800000 count 262144 datatype 7 op 0 root 0 comm 0x5fe82b4e08b0 [nranks=8] stream 0x5fe8293cf1e0
h200-bar-200-075:1342114:1342114 [0] NCCL INFO AllReduce: opCount 0 sendbuff 0x72ff1cc00000 recvbuff 0x72ff1ce00000 count 262144 datatype 7 op 0 root 0 comm 0x5fe82b60c3c0 [nranks=8] stream 0x5fe82a087200
h200-bar-200-075:1342114:1342114 [0] NCCL INFO AllReduce: opCount 0 sendbuff 0x72ff1d200000 recvbuff 0x72ff1d400000 count 262144 datatype 7 op 0 root 0 comm 0x5fe82b737ed0 [nranks=8] stream 0x5fe82ab82bc0
h200-bar-200-075:1342114:1342114 [0] NCCL INFO AllReduce: 1048576 Bytes -> Algo RING proto LL channel{Lo..Hi}={0..23}
h200-bar-200-075:1342114:1342114 [0] NCCL INFO AllReduce: opCount 0 sendbuff 0x72ff1a800000 recvbuff 0x72ff1aa00000 count 262144 datatype 7 op 0 root 0 comm 0x5fe82af13220 [nranks=8] stream 0x5fe825d10e00
h200-bar-200-075:1342114:1342114 [0] NCCL INFO AllReduce: opCount 0 sendbuff 0x72ff1ae00000 recvbuff 0x72ff1b000000 count 262144 datatype 7 op 0 root 0 comm 0x5fe82b0380a0 [nranks=8] stream 0x5fe826598e70
h200-bar-200-075:1342114:1342114 [0] NCCL INFO AllReduce: opCount 0 sendbuff 0x72ff1b400000 recvbuff 0x72ff1b600000 count 262144 datatype 7 op 0 root 0 comm 0x5fe82b15d9a0 [nranks=8] stream 0x5fe8271a4b90
h200-bar-200-075:1342114:1342114 [0] NCCL INFO AllReduce: opCount 0 sendbuff 0x72ff1ba00000 recvbuff 0x72ff1bc00000 count 262144 datatype 7 op 0 root 0 comm 0x5fe82b2892f0 [nranks=8] stream 0x5fe827cff640
h200-bar-200-075:1342114:1342114 [0] NCCL INFO AllReduce: opCount 0 sendbuff 0x72ff1c000000 recvbuff 0x72ff1c200000 count 262144 datatype 7 op 0 root 0 comm 0x5fe82b3b4dc0 [nranks=8] stream 0x5fe828878df0
h200-bar-200-075:1342114:1342114 [0] NCCL INFO AllReduce: opCount 0 sendbuff 0x72ff1c600000 recvbuff 0x72ff1c800000 count 262144 datatype 7 op 0 root 0 comm 0x5fe82b4e08b0 [nranks=8] stream 0x5fe8293cf1e0
h200-bar-200-075:1342114:1342114 [0] NCCL INFO AllReduce: opCount 0 sendbuff 0x72ff1cc00000 recvbuff 0x72ff1ce00000 count 262144 datatype 7 op 0 root 0 comm 0x5fe82b60c3c0 [nranks=8] stream 0x5fe82a087200
h200-bar-200-075:1342114:1342114 [0] NCCL INFO AllReduce: opCount 0 sendbuff 0x72ff1d200000 recvbuff 0x72ff1d400000 count 262144 datatype 7 op 0 root 0 comm 0x5fe82b737ed0 [nranks=8] stream 0x5fe82ab82bc0
h200-bar-200-075:1342114:1342114 [0] NCCL INFO AllReduce: 1048576 Bytes -> Algo RING proto LL channel{Lo..Hi}={0..23}
        1024           256     float     sum      -1h200-bar-200-075:1342114:1342114 [7] NCCL INFO AllReduce: opCount 0 sendbuff 0x72ff1a800000 recvbuff 0x72ff1aa00000 count 256 datatype 7 op 0 root 0 comm 0x5fe82af13220 [nranks=8] stream 0x5fe825d10e00
h200-bar-200-075:1342114:1342114 [7] NCCL INFO AllReduce: opCount 0 sendbuff 0x72ff1ae00000 recvbuff 0x72ff1b000000 count 256 datatype 7 op 0 root 0 comm 0x5fe82b0380a0 [nranks=8] stream 0x5fe826598e70
h200-bar-200-075:1342114:1342114 [7] NCCL INFO AllReduce: opCount 0 sendbuff 0x72ff1b400000 recvbuff 0x72ff1b600000 count 256 datatype 7 op 0 root 0 comm 0x5fe82b15d9a0 [nranks=8] stream 0x5fe8271a4b90
h200-bar-200-075:1342114:1342114 [7] NCCL INFO AllReduce: opCount 0 sendbuff 0x72ff1ba00000 recvbuff 0x72ff1bc00000 count 256 datatype 7 op 0 root 0 comm 0x5fe82b2892f0 [nranks=8] stream 0x5fe827cff640
h200-bar-200-075:1342114:1342114 [7] NCCL INFO AllReduce: opCount 0 sendbuff 0x72ff1c000000 recvbuff 0x72ff1c200000 count 256 datatype 7 op 0 root 0 comm 0x5fe82b3b4dc0 [nranks=8] stream 0x5fe828878df0
h200-bar-200-075:1342114:1342114 [7] NCCL INFO AllReduce: opCount 0 sendbuff 0x72ff1c600000 recvbuff 0x72ff1c800000 count 256 datatype 7 op 0 root 0 comm 0x5fe82b4e08b0 [nranks=8] stream 0x5fe8293cf1e0
h200-bar-200-075:1342114:1342114 [7] NCCL INFO AllReduce: opCount 0 sendbuff 0x72ff1cc00000 recvbuff 0x72ff1ce00000 count 256 datatype 7 op 0 root 0 comm 0x5fe82b60c3c0 [nranks=8] stream 0x5fe82a087200
h200-bar-200-075:1342114:1342114 [7] NCCL INFO AllReduce: opCount 0 sendbuff 0x72ff1d200000 recvbuff 0x72ff1d400000 count 256 datatype 7 op 0 root 0 comm 0x5fe82b737ed0 [nranks=8] stream 0x5fe82ab82bc0
h200-bar-200-075:1342114:1342114 [0] NCCL INFO AllReduce: 1024 Bytes -> Algo RING proto LL channel{Lo..Hi}={0..0}
h200-bar-200-075:1342114:1342114 [7] NCCL INFO AllReduce: opCount 0 sendbuff 0x72ff1a800000 recvbuff 0x72ff1aa00000 count 256 datatype 7 op 0 root 0 comm 0x5fe82af13220 [nranks=8] stream 0x5fe825d10e00
h200-bar-200-075:1342114:1342114 [7] NCCL INFO AllReduce: opCount 0 sendbuff 0x72ff1ae00000 recvbuff 0x72ff1b000000 count 256 datatype 7 op 0 root 0 comm 0x5fe82b0380a0 [nranks=8] stream 0x5fe826598e70
h200-bar-200-075:1342114:1342114 [7] NCCL INFO AllReduce: opCount 0 sendbuff 0x72ff1b400000 recvbuff 0x72ff1b600000 count 256 datatype 7 op 0 root 0 comm 0x5fe82b15d9a0 [nranks=8] stream 0x5fe8271a4b90
h200-bar-200-075:1342114:1342114 [7] NCCL INFO AllReduce: opCount 0 sendbuff 0x72ff1ba00000 recvbuff 0x72ff1bc00000 count 256 datatype 7 op 0 root 0 comm 0x5fe82b2892f0 [nranks=8] stream 0x5fe827cff640
h200-bar-200-075:1342114:1342114 [7] NCCL INFO AllReduce: opCount 0 sendbuff 0x72ff1c000000 recvbuff 0x72ff1c200000 count 256 datatype 7 op 0 root 0 comm 0x5fe82b3b4dc0 [nranks=8] stream 0x5fe828878df0
h200-bar-200-075:1342114:1342114 [7] NCCL INFO AllReduce: opCount 0 sendbuff 0x72ff1c600000 recvbuff 0x72ff1c800000 count 256 datatype 7 op 0 root 0 comm 0x5fe82b4e08b0 [nranks=8] stream 0x5fe8293cf1e0
h200-bar-200-075:1342114:1342114 [7] NCCL INFO AllReduce: opCount 0 sendbuff 0x72ff1cc00000 recvbuff 0x72ff1ce00000 count 256 datatype 7 op 0 root 0 comm 0x5fe82b60c3c0 [nranks=8] stream 0x5fe82a087200
h200-bar-200-075:1342114:1342114 [7] NCCL INFO AllReduce: opCount 0 sendbuff 0x72ff1d200000 recvbuff 0x72ff1d400000 count 256 datatype 7 op 0 root 0 comm 0x5fe82b737ed0 [nranks=8] stream 0x5fe82ab82bc0
h200-bar-200-075:1342114:1342114 [0] NCCL INFO AllReduce: 1024 Bytes -> Algo RING proto LL channel{Lo..Hi}={0..0}
h200-bar-200-075:1342114:1342114 [7] NCCL INFO AllReduce: opCount 0 sendbuff 0x72ff1a800400 recvbuff 0x72ff1aa00400 count 256 datatype 7 op 0 root 0 comm 0x5fe82af13220 [nranks=8] stream 0x5fe825d10e00
h200-bar-200-075:1342114:1342114 [7] NCCL INFO AllReduce: opCount 0 sendbuff 0x72ff1ae00400 recvbuff 0x72ff1b000400 count 256 datatype 7 op 0 root 0 comm 0x5fe82b0380a0 [nranks=8] stream 0x5fe826598e70
h200-bar-200-075:1342114:1342114 [7] NCCL INFO AllReduce: opCount 0 sendbuff 0x72ff1b400400 recvbuff 0x72ff1b600400 count 256 datatype 7 op 0 root 0 comm 0x5fe82b15d9a0 [nranks=8] stream 0x5fe8271a4b90
h200-bar-200-075:1342114:1342114 [7] NCCL INFO AllReduce: opCount 0 sendbuff 0x72ff1ba00400 recvbuff 0x72ff1bc00400 count 256 datatype 7 op 0 root 0 comm 0x5fe82b2892f0 [nranks=8] stream 0x5fe827cff640
h200-bar-200-075:1342114:1342114 [7] NCCL INFO AllReduce: opCount 0 sendbuff 0x72ff1c000400 recvbuff 0x72ff1c200400 count 256 datatype 7 op 0 root 0 comm 0x5fe82b3b4dc0 [nranks=8] stream 0x5fe828878df0
h200-bar-200-075:1342114:1342114 [7] NCCL INFO AllReduce: opCount 0 sendbuff 0x72ff1c600400 recvbuff 0x72ff1c800400 count 256 datatype 7 op 0 root 0 comm 0x5fe82b4e08b0 [nranks=8] stream 0x5fe8293cf1e0
h200-bar-200-075:1342114:1342114 [7] NCCL INFO AllReduce: opCount 0 sendbuff 0x72ff1cc00400 recvbuff 0x72ff1ce00400 count 256 datatype 7 op 0 root 0 comm 0x5fe82b60c3c0 [nranks=8] stream 0x5fe82a087200
h200-bar-200-075:1342114:1342114 [7] NCCL INFO AllReduce: opCount 0 sendbuff 0x72ff1d200400 recvbuff 0x72ff1d400400 count 256 datatype 7 op 0 root 0 comm 0x5fe82b737ed0 [nranks=8] stream 0x5fe82ab82bc0
h200-bar-200-075:1342114:1342114 [0] NCCL INFO AllReduce: 1024 Bytes -> Algo RING proto LL channel{Lo..Hi}={0..0}
h200-bar-200-075:1342114:1342114 [7] NCCL INFO AllReduce: opCount 0 sendbuff 0x72ff1a800800 recvbuff 0x72ff1aa00800 count 256 datatype 7 op 0 root 0 comm 0x5fe82af13220 [nranks=8] stream 0x5fe825d10e00
h200-bar-200-075:1342114:1342114 [7] NCCL INFO AllReduce: opCount 0 sendbuff 0x72ff1ae00800 recvbuff 0x72ff1b000800 count 256 datatype 7 op 0 root 0 comm 0x5fe82b0380a0 [nranks=8] stream 0x5fe826598e70
h200-bar-200-075:1342114:1342114 [7] NCCL INFO AllReduce: opCount 0 sendbuff 0x72ff1b400800 recvbuff 0x72ff1b600800 count 256 datatype 7 op 0 root 0 comm 0x5fe82b15d9a0 [nranks=8] stream 0x5fe8271a4b90
h200-bar-200-075:1342114:1342114 [7] NCCL INFO AllReduce: opCount 0 sendbuff 0x72ff1ba00800 recvbuff 0x72ff1bc00800 count 256 datatype 7 op 0 root 0 comm 0x5fe82b2892f0 [nranks=8] stream 0x5fe827cff640
h200-bar-200-075:1342114:1342114 [7] NCCL INFO AllReduce: opCount 0 sendbuff 0x72ff1c000800 recvbuff 0x72ff1c200800 count 256 datatype 7 op 0 root 0 comm 0x5fe82b3b4dc0 [nranks=8] stream 0x5fe828878df0
h200-bar-200-075:1342114:1342114 [7] NCCL INFO AllReduce: opCount 0 sendbuff 0x72ff1c600800 recvbuff 0x72ff1c800800 count 256 datatype 7 op 0 root 0 comm 0x5fe82b4e08b0 [nranks=8] stream 0x5fe8293cf1e0
h200-bar-200-075:1342114:1342114 [7] NCCL INFO AllReduce: opCount 0 sendbuff 0x72ff1cc00800 recvbuff 0x72ff1ce00800 count 256 datatype 7 op 0 root 0 comm 0x5fe82b60c3c0 [nranks=8] stream 0x5fe82a087200
h200-bar-200-075:1342114:1342114 [7] NCCL INFO AllReduce: opCount 0 sendbuff 0x72ff1d200800 recvbuff 0x72ff1d400800 count 256 datatype 7 op 0 root 0 comm 0x5fe82b737ed0 [nranks=8] stream 0x5fe82ab82bc0
h200-bar-200-075:1342114:1342114 [0] NCCL INFO AllReduce: 1024 Bytes -> Algo RING proto LL channel{Lo..Hi}={0..0}
h200-bar-200-075:1342114:1342114 [7] NCCL INFO AllReduce: opCount 0 sendbuff 0x72ff1a800c00 recvbuff 0x72ff1aa00c00 count 256 datatype 7 op 0 root 0 comm 0x5fe82af13220 [nranks=8] stream 0x5fe825d10e00
h200-bar-200-075:1342114:1342114 [7] NCCL INFO AllReduce: opCount 0 sendbuff 0x72ff1ae00c00 recvbuff 0x72ff1b000c00 count 256 datatype 7 op 0 root 0 comm 0x5fe82b0380a0 [nranks=8] stream 0x5fe826598e70
h200-bar-200-075:1342114:1342114 [7] NCCL INFO AllReduce: opCount 0 sendbuff 0x72ff1b400c00 recvbuff 0x72ff1b600c00 count 256 datatype 7 op 0 root 0 comm 0x5fe82b15d9a0 [nranks=8] stream 0x5fe8271a4b90
h200-bar-200-075:1342114:1342114 [7] NCCL INFO AllReduce: opCount 0 sendbuff 0x72ff1ba00c00 recvbuff 0x72ff1bc00c00 count 256 datatype 7 op 0 root 0 comm 0x5fe82b2892f0 [nranks=8] stream 0x5fe827cff640
h200-bar-200-075:1342114:1342114 [7] NCCL INFO AllReduce: opCount 0 sendbuff 0x72ff1c000c00 recvbuff 0x72ff1c200c00 count 256 datatype 7 op 0 root 0 comm 0x5fe82b3b4dc0 [nranks=8] stream 0x5fe828878df0
h200-bar-200-075:1342114:1342114 [7] NCCL INFO AllReduce: opCount 0 sendbuff 0x72ff1c600c00 recvbuff 0x72ff1c800c00 count 256 datatype 7 op 0 root 0 comm 0x5fe82b4e08b0 [nranks=8] stream 0x5fe8293cf1e0
h200-bar-200-075:1342114:1342114 [7] NCCL INFO AllReduce: opCount 0 sendbuff 0x72ff1cc00c00 recvbuff 0x72ff1ce00c00 count 256 datatype 7 op 0 root 0 comm 0x5fe82b60c3c0 [nranks=8] stream 0x5fe82a087200
h200-bar-200-075:1342114:1342114 [7] NCCL INFO AllReduce: opCount 0 sendbuff 0x72ff1d200c00 recvbuff 0x72ff1d400c00 count 256 datatype 7 op 0 root 0 comm 0x5fe82b737ed0 [nranks=8] stream 0x5fe82ab82bc0
h200-bar-200-075:1342114:1342114 [0] NCCL INFO AllReduce: 1024 Bytes -> Algo RING proto LL channel{Lo..Hi}={0..0}
h200-bar-200-075:1342114:1342114 [7] NCCL INFO AllReduce: opCount 0 sendbuff 0x72ff1a801000 recvbuff 0x72ff1aa01000 count 256 datatype 7 op 0 root 0 comm 0x5fe82af13220 [nranks=8] stream 0x5fe825d10e00
h200-bar-200-075:1342114:1342114 [7] NCCL INFO AllReduce: opCount 0 sendbuff 0x72ff1ae01000 recvbuff 0x72ff1b001000 count 256 datatype 7 op 0 root 0 comm 0x5fe82b0380a0 [nranks=8] stream 0x5fe826598e70
h200-bar-200-075:1342114:1342114 [7] NCCL INFO AllReduce: opCount 0 sendbuff 0x72ff1b401000 recvbuff 0x72ff1b601000 count 256 datatype 7 op 0 root 0 comm 0x5fe82b15d9a0 [nranks=8] stream 0x5fe8271a4b90
h200-bar-200-075:1342114:1342114 [7] NCCL INFO AllReduce: opCount 0 sendbuff 0x72ff1ba01000 recvbuff 0x72ff1bc01000 count 256 datatype 7 op 0 root 0 comm 0x5fe82b2892f0 [nranks=8] stream 0x5fe827cff640
h200-bar-200-075:1342114:1342114 [7] NCCL INFO AllReduce: opCount 0 sendbuff 0x72ff1c001000 recvbuff 0x72ff1c201000 count 256 datatype 7 op 0 root 0 comm 0x5fe82b3b4dc0 [nranks=8] stream 0x5fe828878df0
h200-bar-200-075:1342114:1342114 [7] NCCL INFO AllReduce: opCount 0 sendbuff 0x72ff1c601000 recvbuff 0x72ff1c801000 count 256 datatype 7 op 0 root 0 comm 0x5fe82b4e08b0 [nranks=8] stream 0x5fe8293cf1e0
h200-bar-200-075:1342114:1342114 [7] NCCL INFO AllReduce: opCount 0 sendbuff 0x72ff1cc01000 recvbuff 0x72ff1ce01000 count 256 datatype 7 op 0 root 0 comm 0x5fe82b60c3c0 [nranks=8] stream 0x5fe82a087200
h200-bar-200-075:1342114:1342114 [7] NCCL INFO AllReduce: opCount 0 sendbuff 0x72ff1d201000 recvbuff 0x72ff1d401000 count 256 datatype 7 op 0 root 0 comm 0x5fe82b737ed0 [nranks=8] stream 0x5fe82ab82bc0
h200-bar-200-075:1342114:1342114 [0] NCCL INFO AllReduce: 1024 Bytes -> Algo RING proto LL channel{Lo..Hi}={0..0}
h200-bar-200-075:1342114:1342114 [7] NCCL INFO AllReduce: opCount 0 sendbuff 0x72ff1a800000 recvbuff 0x72ff1aa00000 count 256 datatype 7 op 0 root 0 comm 0x5fe82af13220 [nranks=8] stream 0x5fe825d10e00
h200-bar-200-075:1342114:1342114 [7] NCCL INFO AllReduce: opCount 0 sendbuff 0x72ff1ae00000 recvbuff 0x72ff1b000000 count 256 datatype 7 op 0 root 0 comm 0x5fe82b0380a0 [nranks=8] stream 0x5fe826598e70
h200-bar-200-075:1342114:1342114 [7] NCCL INFO AllReduce: opCount 0 sendbuff 0x72ff1b400000 recvbuff 0x72ff1b600000 count 256 datatype 7 op 0 root 0 comm 0x5fe82b15d9a0 [nranks=8] stream 0x5fe8271a4b90
h200-bar-200-075:1342114:1342114 [7] NCCL INFO AllReduce: opCount 0 sendbuff 0x72ff1ba00000 recvbuff 0x72ff1bc00000 count 256 datatype 7 op 0 root 0 comm 0x5fe82b2892f0 [nranks=8] stream 0x5fe827cff640
h200-bar-200-075:1342114:1342114 [7] NCCL INFO AllReduce: opCount 0 sendbuff 0x72ff1c000000 recvbuff 0x72ff1c200000 count 256 datatype 7 op 0 root 0 comm 0x5fe82b3b4dc0 [nranks=8] stream 0x5fe828878df0
h200-bar-200-075:1342114:1342114 [7] NCCL INFO AllReduce: opCount 0 sendbuff 0x72ff1c600000 recvbuff 0x72ff1c800000 count 256 datatype 7 op 0 root 0 comm 0x5fe82b4e08b0 [nranks=8] stream 0x5fe8293cf1e0
h200-bar-200-075:1342114:1342114 [7] NCCL INFO AllReduce: opCount 0 sendbuff 0x72ff1cc00000 recvbuff 0x72ff1ce00000 count 256 datatype 7 op 0 root 0 comm 0x5fe82b60c3c0 [nranks=8] stream 0x5fe82a087200
h200-bar-200-075:1342114:1342114 [7] NCCL INFO AllReduce: opCount 0 sendbuff 0x72ff1d200000 recvbuff 0x72ff1d400000 count 256 datatype 7 op 0 root 0 comm 0x5fe82b737ed0 [nranks=8] stream 0x5fe82ab82bc0
h200-bar-200-075:1342114:1342114 [0] NCCL INFO AllReduce: 1024 Bytes -> Algo RING proto LL channel{Lo..Hi}={0..0}
    51.75    0.02    0.03       0h200-bar-200-075:1342114:1342114 [7] NCCL INFO AllReduce: opCount 0 sendbuff 0x72ff1aa00000 recvbuff 0x72ff1aa00000 count 256 datatype 7 op 0 root 0 comm 0x5fe82af13220 [nranks=8] stream 0x5fe825d10e00
h200-bar-200-075:1342114:1342114 [7] NCCL INFO AllReduce: opCount 0 sendbuff 0x72ff1b000000 recvbuff 0x72ff1b000000 count 256 datatype 7 op 0 root 0 comm 0x5fe82b0380a0 [nranks=8] stream 0x5fe826598e70
h200-bar-200-075:1342114:1342114 [7] NCCL INFO AllReduce: opCount 0 sendbuff 0x72ff1b600000 recvbuff 0x72ff1b600000 count 256 datatype 7 op 0 root 0 comm 0x5fe82b15d9a0 [nranks=8] stream 0x5fe8271a4b90
h200-bar-200-075:1342114:1342114 [7] NCCL INFO AllReduce: opCount 0 sendbuff 0x72ff1bc00000 recvbuff 0x72ff1bc00000 count 256 datatype 7 op 0 root 0 comm 0x5fe82b2892f0 [nranks=8] stream 0x5fe827cff640
h200-bar-200-075:1342114:1342114 [7] NCCL INFO AllReduce: opCount 0 sendbuff 0x72ff1c200000 recvbuff 0x72ff1c200000 count 256 datatype 7 op 0 root 0 comm 0x5fe82b3b4dc0 [nranks=8] stream 0x5fe828878df0
h200-bar-200-075:1342114:1342114 [7] NCCL INFO AllReduce: opCount 0 sendbuff 0x72ff1c800000 recvbuff 0x72ff1c800000 count 256 datatype 7 op 0 root 0 comm 0x5fe82b4e08b0 [nranks=8] stream 0x5fe8293cf1e0
h200-bar-200-075:1342114:1342114 [7] NCCL INFO AllReduce: opCount 0 sendbuff 0x72ff1ce00000 recvbuff 0x72ff1ce00000 count 256 datatype 7 op 0 root 0 comm 0x5fe82b60c3c0 [nranks=8] stream 0x5fe82a087200
h200-bar-200-075:1342114:1342114 [7] NCCL INFO AllReduce: opCount 0 sendbuff 0x72ff1d400000 recvbuff 0x72ff1d400000 count 256 datatype 7 op 0 root 0 comm 0x5fe82b737ed0 [nranks=8] stream 0x5fe82ab82bc0
h200-bar-200-075:1342114:1342114 [0] NCCL INFO AllReduce: 1024 Bytes -> Algo RING proto LL channel{Lo..Hi}={0..0}
h200-bar-200-075:1342114:1342114 [7] NCCL INFO AllReduce: opCount 0 sendbuff 0x72ff1aa00000 recvbuff 0x72ff1aa00000 count 256 datatype 7 op 0 root 0 comm 0x5fe82af13220 [nranks=8] stream 0x5fe825d10e00
h200-bar-200-075:1342114:1342114 [7] NCCL INFO AllReduce: opCount 0 sendbuff 0x72ff1b000000 recvbuff 0x72ff1b000000 count 256 datatype 7 op 0 root 0 comm 0x5fe82b0380a0 [nranks=8] stream 0x5fe826598e70
h200-bar-200-075:1342114:1342114 [7] NCCL INFO AllReduce: opCount 0 sendbuff 0x72ff1b600000 recvbuff 0x72ff1b600000 count 256 datatype 7 op 0 root 0 comm 0x5fe82b15d9a0 [nranks=8] stream 0x5fe8271a4b90
h200-bar-200-075:1342114:1342114 [7] NCCL INFO AllReduce: opCount 0 sendbuff 0x72ff1bc00000 recvbuff 0x72ff1bc00000 count 256 datatype 7 op 0 root 0 comm 0x5fe82b2892f0 [nranks=8] stream 0x5fe827cff640
h200-bar-200-075:1342114:1342114 [7] NCCL INFO AllReduce: opCount 0 sendbuff 0x72ff1c200000 recvbuff 0x72ff1c200000 count 256 datatype 7 op 0 root 0 comm 0x5fe82b3b4dc0 [nranks=8] stream 0x5fe828878df0
h200-bar-200-075:1342114:1342114 [7] NCCL INFO AllReduce: opCount 0 sendbuff 0x72ff1c800000 recvbuff 0x72ff1c800000 count 256 datatype 7 op 0 root 0 comm 0x5fe82b4e08b0 [nranks=8] stream 0x5fe8293cf1e0
h200-bar-200-075:1342114:1342114 [7] NCCL INFO AllReduce: opCount 0 sendbuff 0x72ff1ce00000 recvbuff 0x72ff1ce00000 count 256 datatype 7 op 0 root 0 comm 0x5fe82b60c3c0 [nranks=8] stream 0x5fe82a087200
h200-bar-200-075:1342114:1342114 [7] NCCL INFO AllReduce: opCount 0 sendbuff 0x72ff1d400000 recvbuff 0x72ff1d400000 count 256 datatype 7 op 0 root 0 comm 0x5fe82b737ed0 [nranks=8] stream 0x5fe82ab82bc0
h200-bar-200-075:1342114:1342114 [0] NCCL INFO AllReduce: 1024 Bytes -> Algo RING proto LL channel{Lo..Hi}={0..0}
h200-bar-200-075:1342114:1342114 [7] NCCL INFO AllReduce: opCount 0 sendbuff 0x72ff1aa00400 recvbuff 0x72ff1aa00400 count 256 datatype 7 op 0 root 0 comm 0x5fe82af13220 [nranks=8] stream 0x5fe825d10e00
h200-bar-200-075:1342114:1342114 [7] NCCL INFO AllReduce: opCount 0 sendbuff 0x72ff1b000400 recvbuff 0x72ff1b000400 count 256 datatype 7 op 0 root 0 comm 0x5fe82b0380a0 [nranks=8] stream 0x5fe826598e70
h200-bar-200-075:1342114:1342114 [7] NCCL INFO AllReduce: opCount 0 sendbuff 0x72ff1b600400 recvbuff 0x72ff1b600400 count 256 datatype 7 op 0 root 0 comm 0x5fe82b15d9a0 [nranks=8] stream 0x5fe8271a4b90
h200-bar-200-075:1342114:1342114 [7] NCCL INFO AllReduce: opCount 0 sendbuff 0x72ff1bc00400 recvbuff 0x72ff1bc00400 count 256 datatype 7 op 0 root 0 comm 0x5fe82b2892f0 [nranks=8] stream 0x5fe827cff640
h200-bar-200-075:1342114:1342114 [7] NCCL INFO AllReduce: opCount 0 sendbuff 0x72ff1c200400 recvbuff 0x72ff1c200400 count 256 datatype 7 op 0 root 0 comm 0x5fe82b3b4dc0 [nranks=8] stream 0x5fe828878df0
h200-bar-200-075:1342114:1342114 [7] NCCL INFO AllReduce: opCount 0 sendbuff 0x72ff1c800400 recvbuff 0x72ff1c800400 count 256 datatype 7 op 0 root 0 comm 0x5fe82b4e08b0 [nranks=8] stream 0x5fe8293cf1e0
h200-bar-200-075:1342114:1342114 [7] NCCL INFO AllReduce: opCount 0 sendbuff 0x72ff1ce00400 recvbuff 0x72ff1ce00400 count 256 datatype 7 op 0 root 0 comm 0x5fe82b60c3c0 [nranks=8] stream 0x5fe82a087200
h200-bar-200-075:1342114:1342114 [7] NCCL INFO AllReduce: opCount 0 sendbuff 0x72ff1d400400 recvbuff 0x72ff1d400400 count 256 datatype 7 op 0 root 0 comm 0x5fe82b737ed0 [nranks=8] stream 0x5fe82ab82bc0
h200-bar-200-075:1342114:1342114 [0] NCCL INFO AllReduce: 1024 Bytes -> Algo RING proto LL channel{Lo..Hi}={0..0}
h200-bar-200-075:1342114:1342114 [7] NCCL INFO AllReduce: opCount 0 sendbuff 0x72ff1aa00800 recvbuff 0x72ff1aa00800 count 256 datatype 7 op 0 root 0 comm 0x5fe82af13220 [nranks=8] stream 0x5fe825d10e00
h200-bar-200-075:1342114:1342114 [7] NCCL INFO AllReduce: opCount 0 sendbuff 0x72ff1b000800 recvbuff 0x72ff1b000800 count 256 datatype 7 op 0 root 0 comm 0x5fe82b0380a0 [nranks=8] stream 0x5fe826598e70
h200-bar-200-075:1342114:1342114 [7] NCCL INFO AllReduce: opCount 0 sendbuff 0x72ff1b600800 recvbuff 0x72ff1b600800 count 256 datatype 7 op 0 root 0 comm 0x5fe82b15d9a0 [nranks=8] stream 0x5fe8271a4b90
h200-bar-200-075:1342114:1342114 [7] NCCL INFO AllReduce: opCount 0 sendbuff 0x72ff1bc00800 recvbuff 0x72ff1bc00800 count 256 datatype 7 op 0 root 0 comm 0x5fe82b2892f0 [nranks=8] stream 0x5fe827cff640
h200-bar-200-075:1342114:1342114 [7] NCCL INFO AllReduce: opCount 0 sendbuff 0x72ff1c200800 recvbuff 0x72ff1c200800 count 256 datatype 7 op 0 root 0 comm 0x5fe82b3b4dc0 [nranks=8] stream 0x5fe828878df0
h200-bar-200-075:1342114:1342114 [7] NCCL INFO AllReduce: opCount 0 sendbuff 0x72ff1c800800 recvbuff 0x72ff1c800800 count 256 datatype 7 op 0 root 0 comm 0x5fe82b4e08b0 [nranks=8] stream 0x5fe8293cf1e0
h200-bar-200-075:1342114:1342114 [7] NCCL INFO AllReduce: opCount 0 sendbuff 0x72ff1ce00800 recvbuff 0x72ff1ce00800 count 256 datatype 7 op 0 root 0 comm 0x5fe82b60c3c0 [nranks=8] stream 0x5fe82a087200
h200-bar-200-075:1342114:1342114 [7] NCCL INFO AllReduce: opCount 0 sendbuff 0x72ff1d400800 recvbuff 0x72ff1d400800 count 256 datatype 7 op 0 root 0 comm 0x5fe82b737ed0 [nranks=8] stream 0x5fe82ab82bc0
h200-bar-200-075:1342114:1342114 [0] NCCL INFO AllReduce: 1024 Bytes -> Algo RING proto LL channel{Lo..Hi}={0..0}
h200-bar-200-075:1342114:1342114 [7] NCCL INFO AllReduce: opCount 0 sendbuff 0x72ff1aa00c00 recvbuff 0x72ff1aa00c00 count 256 datatype 7 op 0 root 0 comm 0x5fe82af13220 [nranks=8] stream 0x5fe825d10e00
h200-bar-200-075:1342114:1342114 [7] NCCL INFO AllReduce: opCount 0 sendbuff 0x72ff1b000c00 recvbuff 0x72ff1b000c00 count 256 datatype 7 op 0 root 0 comm 0x5fe82b0380a0 [nranks=8] stream 0x5fe826598e70
h200-bar-200-075:1342114:1342114 [7] NCCL INFO AllReduce: opCount 0 sendbuff 0x72ff1b600c00 recvbuff 0x72ff1b600c00 count 256 datatype 7 op 0 root 0 comm 0x5fe82b15d9a0 [nranks=8] stream 0x5fe8271a4b90
h200-bar-200-075:1342114:1342114 [7] NCCL INFO AllReduce: opCount 0 sendbuff 0x72ff1bc00c00 recvbuff 0x72ff1bc00c00 count 256 datatype 7 op 0 root 0 comm 0x5fe82b2892f0 [nranks=8] stream 0x5fe827cff640
h200-bar-200-075:1342114:1342114 [7] NCCL INFO AllReduce: opCount 0 sendbuff 0x72ff1c200c00 recvbuff 0x72ff1c200c00 count 256 datatype 7 op 0 root 0 comm 0x5fe82b3b4dc0 [nranks=8] stream 0x5fe828878df0
h200-bar-200-075:1342114:1342114 [7] NCCL INFO AllReduce: opCount 0 sendbuff 0x72ff1c800c00 recvbuff 0x72ff1c800c00 count 256 datatype 7 op 0 root 0 comm 0x5fe82b4e08b0 [nranks=8] stream 0x5fe8293cf1e0
h200-bar-200-075:1342114:1342114 [7] NCCL INFO AllReduce: opCount 0 sendbuff 0x72ff1ce00c00 recvbuff 0x72ff1ce00c00 count 256 datatype 7 op 0 root 0 comm 0x5fe82b60c3c0 [nranks=8] stream 0x5fe82a087200
h200-bar-200-075:1342114:1342114 [7] NCCL INFO AllReduce: opCount 0 sendbuff 0x72ff1d400c00 recvbuff 0x72ff1d400c00 count 256 datatype 7 op 0 root 0 comm 0x5fe82b737ed0 [nranks=8] stream 0x5fe82ab82bc0
h200-bar-200-075:1342114:1342114 [0] NCCL INFO AllReduce: 1024 Bytes -> Algo RING proto LL channel{Lo..Hi}={0..0}
h200-bar-200-075:1342114:1342114 [7] NCCL INFO AllReduce: opCount 0 sendbuff 0x72ff1aa01000 recvbuff 0x72ff1aa01000 count 256 datatype 7 op 0 root 0 comm 0x5fe82af13220 [nranks=8] stream 0x5fe825d10e00
h200-bar-200-075:1342114:1342114 [7] NCCL INFO AllReduce: opCount 0 sendbuff 0x72ff1b001000 recvbuff 0x72ff1b001000 count 256 datatype 7 op 0 root 0 comm 0x5fe82b0380a0 [nranks=8] stream 0x5fe826598e70
h200-bar-200-075:1342114:1342114 [7] NCCL INFO AllReduce: opCount 0 sendbuff 0x72ff1b601000 recvbuff 0x72ff1b601000 count 256 datatype 7 op 0 root 0 comm 0x5fe82b15d9a0 [nranks=8] stream 0x5fe8271a4b90
h200-bar-200-075:1342114:1342114 [7] NCCL INFO AllReduce: opCount 0 sendbuff 0x72ff1bc01000 recvbuff 0x72ff1bc01000 count 256 datatype 7 op 0 root 0 comm 0x5fe82b2892f0 [nranks=8] stream 0x5fe827cff640
h200-bar-200-075:1342114:1342114 [7] NCCL INFO AllReduce: opCount 0 sendbuff 0x72ff1c201000 recvbuff 0x72ff1c201000 count 256 datatype 7 op 0 root 0 comm 0x5fe82b3b4dc0 [nranks=8] stream 0x5fe828878df0
h200-bar-200-075:1342114:1342114 [7] NCCL INFO AllReduce: opCount 0 sendbuff 0x72ff1c801000 recvbuff 0x72ff1c801000 count 256 datatype 7 op 0 root 0 comm 0x5fe82b4e08b0 [nranks=8] stream 0x5fe8293cf1e0
h200-bar-200-075:1342114:1342114 [7] NCCL INFO AllReduce: opCount 0 sendbuff 0x72ff1ce01000 recvbuff 0x72ff1ce01000 count 256 datatype 7 op 0 root 0 comm 0x5fe82b60c3c0 [nranks=8] stream 0x5fe82a087200
h200-bar-200-075:1342114:1342114 [7] NCCL INFO AllReduce: opCount 0 sendbuff 0x72ff1d401000 recvbuff 0x72ff1d401000 count 256 datatype 7 op 0 root 0 comm 0x5fe82b737ed0 [nranks=8] stream 0x5fe82ab82bc0
h200-bar-200-075:1342114:1342114 [0] NCCL INFO AllReduce: 1024 Bytes -> Algo RING proto LL channel{Lo..Hi}={0..0}
h200-bar-200-075:1342114:1342114 [7] NCCL INFO AllReduce: opCount 0 sendbuff 0x72ff1aa00000 recvbuff 0x72ff1aa00000 count 256 datatype 7 op 0 root 0 comm 0x5fe82af13220 [nranks=8] stream 0x5fe825d10e00
h200-bar-200-075:1342114:1342114 [7] NCCL INFO AllReduce: opCount 0 sendbuff 0x72ff1b000000 recvbuff 0x72ff1b000000 count 256 datatype 7 op 0 root 0 comm 0x5fe82b0380a0 [nranks=8] stream 0x5fe826598e70
h200-bar-200-075:1342114:1342114 [7] NCCL INFO AllReduce: opCount 0 sendbuff 0x72ff1b600000 recvbuff 0x72ff1b600000 count 256 datatype 7 op 0 root 0 comm 0x5fe82b15d9a0 [nranks=8] stream 0x5fe8271a4b90
h200-bar-200-075:1342114:1342114 [7] NCCL INFO AllReduce: opCount 0 sendbuff 0x72ff1bc00000 recvbuff 0x72ff1bc00000 count 256 datatype 7 op 0 root 0 comm 0x5fe82b2892f0 [nranks=8] stream 0x5fe827cff640
h200-bar-200-075:1342114:1342114 [7] NCCL INFO AllReduce: opCount 0 sendbuff 0x72ff1c200000 recvbuff 0x72ff1c200000 count 256 datatype 7 op 0 root 0 comm 0x5fe82b3b4dc0 [nranks=8] stream 0x5fe828878df0
h200-bar-200-075:1342114:1342114 [7] NCCL INFO AllReduce: opCount 0 sendbuff 0x72ff1c800000 recvbuff 0x72ff1c800000 count 256 datatype 7 op 0 root 0 comm 0x5fe82b4e08b0 [nranks=8] stream 0x5fe8293cf1e0
h200-bar-200-075:1342114:1342114 [7] NCCL INFO AllReduce: opCount 0 sendbuff 0x72ff1ce00000 recvbuff 0x72ff1ce00000 count 256 datatype 7 op 0 root 0 comm 0x5fe82b60c3c0 [nranks=8] stream 0x5fe82a087200
h200-bar-200-075:1342114:1342114 [7] NCCL INFO AllReduce: opCount 0 sendbuff 0x72ff1d400000 recvbuff 0x72ff1d400000 count 256 datatype 7 op 0 root 0 comm 0x5fe82b737ed0 [nranks=8] stream 0x5fe82ab82bc0
h200-bar-200-075:1342114:1342114 [0] NCCL INFO AllReduce: 1024 Bytes -> Algo RING proto LL channel{Lo..Hi}={0..0}
    51.93    0.02    0.03       0
       32768          8192     float     sum      -1h200-bar-200-075:1342114:1342114 [7] NCCL INFO AllReduce: opCount 0 sendbuff 0x72ff1a800000 recvbuff 0x72ff1aa00000 count 8192 datatype 7 op 0 root 0 comm 0x5fe82af13220 [nranks=8] stream 0x5fe825d10e00
h200-bar-200-075:1342114:1342114 [7] NCCL INFO AllReduce: opCount 0 sendbuff 0x72ff1ae00000 recvbuff 0x72ff1b000000 count 8192 datatype 7 op 0 root 0 comm 0x5fe82b0380a0 [nranks=8] stream 0x5fe826598e70
h200-bar-200-075:1342114:1342114 [7] NCCL INFO AllReduce: opCount 0 sendbuff 0x72ff1b400000 recvbuff 0x72ff1b600000 count 8192 datatype 7 op 0 root 0 comm 0x5fe82b15d9a0 [nranks=8] stream 0x5fe8271a4b90
h200-bar-200-075:1342114:1342114 [7] NCCL INFO AllReduce: opCount 0 sendbuff 0x72ff1ba00000 recvbuff 0x72ff1bc00000 count 8192 datatype 7 op 0 root 0 comm 0x5fe82b2892f0 [nranks=8] stream 0x5fe827cff640
h200-bar-200-075:1342114:1342114 [7] NCCL INFO AllReduce: opCount 0 sendbuff 0x72ff1c000000 recvbuff 0x72ff1c200000 count 8192 datatype 7 op 0 root 0 comm 0x5fe82b3b4dc0 [nranks=8] stream 0x5fe828878df0
h200-bar-200-075:1342114:1342114 [7] NCCL INFO AllReduce: opCount 0 sendbuff 0x72ff1c600000 recvbuff 0x72ff1c800000 count 8192 datatype 7 op 0 root 0 comm 0x5fe82b4e08b0 [nranks=8] stream 0x5fe8293cf1e0
h200-bar-200-075:1342114:1342114 [7] NCCL INFO AllReduce: opCount 0 sendbuff 0x72ff1cc00000 recvbuff 0x72ff1ce00000 count 8192 datatype 7 op 0 root 0 comm 0x5fe82b60c3c0 [nranks=8] stream 0x5fe82a087200
h200-bar-200-075:1342114:1342114 [7] NCCL INFO AllReduce: opCount 0 sendbuff 0x72ff1d200000 recvbuff 0x72ff1d400000 count 8192 datatype 7 op 0 root 0 comm 0x5fe82b737ed0 [nranks=8] stream 0x5fe82ab82bc0
h200-bar-200-075:1342114:1342114 [0] NCCL INFO AllReduce: 32768 Bytes -> Algo RING proto LL channel{Lo..Hi}={0..0}
h200-bar-200-075:1342114:1342114 [7] NCCL INFO AllReduce: opCount 0 sendbuff 0x72ff1a800000 recvbuff 0x72ff1aa00000 count 8192 datatype 7 op 0 root 0 comm 0x5fe82af13220 [nranks=8] stream 0x5fe825d10e00
h200-bar-200-075:1342114:1342114 [7] NCCL INFO AllReduce: opCount 0 sendbuff 0x72ff1ae00000 recvbuff 0x72ff1b000000 count 8192 datatype 7 op 0 root 0 comm 0x5fe82b0380a0 [nranks=8] stream 0x5fe826598e70
h200-bar-200-075:1342114:1342114 [7] NCCL INFO AllReduce: opCount 0 sendbuff 0x72ff1b400000 recvbuff 0x72ff1b600000 count 8192 datatype 7 op 0 root 0 comm 0x5fe82b15d9a0 [nranks=8] stream 0x5fe8271a4b90
h200-bar-200-075:1342114:1342114 [7] NCCL INFO AllReduce: opCount 0 sendbuff 0x72ff1ba00000 recvbuff 0x72ff1bc00000 count 8192 datatype 7 op 0 root 0 comm 0x5fe82b2892f0 [nranks=8] stream 0x5fe827cff640
h200-bar-200-075:1342114:1342114 [7] NCCL INFO AllReduce: opCount 0 sendbuff 0x72ff1c000000 recvbuff 0x72ff1c200000 count 8192 datatype 7 op 0 root 0 comm 0x5fe82b3b4dc0 [nranks=8] stream 0x5fe828878df0
h200-bar-200-075:1342114:1342114 [7] NCCL INFO AllReduce: opCount 0 sendbuff 0x72ff1c600000 recvbuff 0x72ff1c800000 count 8192 datatype 7 op 0 root 0 comm 0x5fe82b4e08b0 [nranks=8] stream 0x5fe8293cf1e0
h200-bar-200-075:1342114:1342114 [7] NCCL INFO AllReduce: opCount 0 sendbuff 0x72ff1cc00000 recvbuff 0x72ff1ce00000 count 8192 datatype 7 op 0 root 0 comm 0x5fe82b60c3c0 [nranks=8] stream 0x5fe82a087200
h200-bar-200-075:1342114:1342114 [7] NCCL INFO AllReduce: opCount 0 sendbuff 0x72ff1d200000 recvbuff 0x72ff1d400000 count 8192 datatype 7 op 0 root 0 comm 0x5fe82b737ed0 [nranks=8] stream 0x5fe82ab82bc0
h200-bar-200-075:1342114:1342114 [0] NCCL INFO AllReduce: 32768 Bytes -> Algo RING proto LL channel{Lo..Hi}={0..0}
h200-bar-200-075:1342114:1342114 [7] NCCL INFO AllReduce: opCount 0 sendbuff 0x72ff1a808000 recvbuff 0x72ff1aa08000 count 8192 datatype 7 op 0 root 0 comm 0x5fe82af13220 [nranks=8] stream 0x5fe825d10e00
h200-bar-200-075:1342114:1342114 [7] NCCL INFO AllReduce: opCount 0 sendbuff 0x72ff1ae08000 recvbuff 0x72ff1b008000 count 8192 datatype 7 op 0 root 0 comm 0x5fe82b0380a0 [nranks=8] stream 0x5fe826598e70
h200-bar-200-075:1342114:1342114 [7] NCCL INFO AllReduce: opCount 0 sendbuff 0x72ff1b408000 recvbuff 0x72ff1b608000 count 8192 datatype 7 op 0 root 0 comm 0x5fe82b15d9a0 [nranks=8] stream 0x5fe8271a4b90
h200-bar-200-075:1342114:1342114 [7] NCCL INFO AllReduce: opCount 0 sendbuff 0x72ff1ba08000 recvbuff 0x72ff1bc08000 count 8192 datatype 7 op 0 root 0 comm 0x5fe82b2892f0 [nranks=8] stream 0x5fe827cff640
h200-bar-200-075:1342114:1342114 [7] NCCL INFO AllReduce: opCount 0 sendbuff 0x72ff1c008000 recvbuff 0x72ff1c208000 count 8192 datatype 7 op 0 root 0 comm 0x5fe82b3b4dc0 [nranks=8] stream 0x5fe828878df0
h200-bar-200-075:1342114:1342114 [7] NCCL INFO AllReduce: opCount 0 sendbuff 0x72ff1c608000 recvbuff 0x72ff1c808000 count 8192 datatype 7 op 0 root 0 comm 0x5fe82b4e08b0 [nranks=8] stream 0x5fe8293cf1e0
h200-bar-200-075:1342114:1342114 [7] NCCL INFO AllReduce: opCount 0 sendbuff 0x72ff1cc08000 recvbuff 0x72ff1ce08000 count 8192 datatype 7 op 0 root 0 comm 0x5fe82b60c3c0 [nranks=8] stream 0x5fe82a087200
h200-bar-200-075:1342114:1342114 [7] NCCL INFO AllReduce: opCount 0 sendbuff 0x72ff1d208000 recvbuff 0x72ff1d408000 count 8192 datatype 7 op 0 root 0 comm 0x5fe82b737ed0 [nranks=8] stream 0x5fe82ab82bc0
h200-bar-200-075:1342114:1342114 [0] NCCL INFO AllReduce: 32768 Bytes -> Algo RING proto LL channel{Lo..Hi}={0..0}
h200-bar-200-075:1342114:1342114 [7] NCCL INFO AllReduce: opCount 0 sendbuff 0x72ff1a810000 recvbuff 0x72ff1aa10000 count 8192 datatype 7 op 0 root 0 comm 0x5fe82af13220 [nranks=8] stream 0x5fe825d10e00
h200-bar-200-075:1342114:1342114 [7] NCCL INFO AllReduce: opCount 0 sendbuff 0x72ff1ae10000 recvbuff 0x72ff1b010000 count 8192 datatype 7 op 0 root 0 comm 0x5fe82b0380a0 [nranks=8] stream 0x5fe826598e70
h200-bar-200-075:1342114:1342114 [7] NCCL INFO AllReduce: opCount 0 sendbuff 0x72ff1b410000 recvbuff 0x72ff1b610000 count 8192 datatype 7 op 0 root 0 comm 0x5fe82b15d9a0 [nranks=8] stream 0x5fe8271a4b90
h200-bar-200-075:1342114:1342114 [7] NCCL INFO AllReduce: opCount 0 sendbuff 0x72ff1ba10000 recvbuff 0x72ff1bc10000 count 8192 datatype 7 op 0 root 0 comm 0x5fe82b2892f0 [nranks=8] stream 0x5fe827cff640
h200-bar-200-075:1342114:1342114 [7] NCCL INFO AllReduce: opCount 0 sendbuff 0x72ff1c010000 recvbuff 0x72ff1c210000 count 8192 datatype 7 op 0 root 0 comm 0x5fe82b3b4dc0 [nranks=8] stream 0x5fe828878df0
h200-bar-200-075:1342114:1342114 [7] NCCL INFO AllReduce: opCount 0 sendbuff 0x72ff1c610000 recvbuff 0x72ff1c810000 count 8192 datatype 7 op 0 root 0 comm 0x5fe82b4e08b0 [nranks=8] stream 0x5fe8293cf1e0
h200-bar-200-075:1342114:1342114 [7] NCCL INFO AllReduce: opCount 0 sendbuff 0x72ff1cc10000 recvbuff 0x72ff1ce10000 count 8192 datatype 7 op 0 root 0 comm 0x5fe82b60c3c0 [nranks=8] stream 0x5fe82a087200
h200-bar-200-075:1342114:1342114 [7] NCCL INFO AllReduce: opCount 0 sendbuff 0x72ff1d210000 recvbuff 0x72ff1d410000 count 8192 datatype 7 op 0 root 0 comm 0x5fe82b737ed0 [nranks=8] stream 0x5fe82ab82bc0
h200-bar-200-075:1342114:1342114 [0] NCCL INFO AllReduce: 32768 Bytes -> Algo RING proto LL channel{Lo..Hi}={0..0}
h200-bar-200-075:1342114:1342114 [7] NCCL INFO AllReduce: opCount 0 sendbuff 0x72ff1a818000 recvbuff 0x72ff1aa18000 count 8192 datatype 7 op 0 root 0 comm 0x5fe82af13220 [nranks=8] stream 0x5fe825d10e00
h200-bar-200-075:1342114:1342114 [7] NCCL INFO AllReduce: opCount 0 sendbuff 0x72ff1ae18000 recvbuff 0x72ff1b018000 count 8192 datatype 7 op 0 root 0 comm 0x5fe82b0380a0 [nranks=8] stream 0x5fe826598e70
h200-bar-200-075:1342114:1342114 [7] NCCL INFO AllReduce: opCount 0 sendbuff 0x72ff1b418000 recvbuff 0x72ff1b618000 count 8192 datatype 7 op 0 root 0 comm 0x5fe82b15d9a0 [nranks=8] stream 0x5fe8271a4b90
h200-bar-200-075:1342114:1342114 [7] NCCL INFO AllReduce: opCount 0 sendbuff 0x72ff1ba18000 recvbuff 0x72ff1bc18000 count 8192 datatype 7 op 0 root 0 comm 0x5fe82b2892f0 [nranks=8] stream 0x5fe827cff640
h200-bar-200-075:1342114:1342114 [7] NCCL INFO AllReduce: opCount 0 sendbuff 0x72ff1c018000 recvbuff 0x72ff1c218000 count 8192 datatype 7 op 0 root 0 comm 0x5fe82b3b4dc0 [nranks=8] stream 0x5fe828878df0
h200-bar-200-075:1342114:1342114 [7] NCCL INFO AllReduce: opCount 0 sendbuff 0x72ff1c618000 recvbuff 0x72ff1c818000 count 8192 datatype 7 op 0 root 0 comm 0x5fe82b4e08b0 [nranks=8] stream 0x5fe8293cf1e0
h200-bar-200-075:1342114:1342114 [7] NCCL INFO AllReduce: opCount 0 sendbuff 0x72ff1cc18000 recvbuff 0x72ff1ce18000 count 8192 datatype 7 op 0 root 0 comm 0x5fe82b60c3c0 [nranks=8] stream 0x5fe82a087200
h200-bar-200-075:1342114:1342114 [7] NCCL INFO AllReduce: opCount 0 sendbuff 0x72ff1d218000 recvbuff 0x72ff1d418000 count 8192 datatype 7 op 0 root 0 comm 0x5fe82b737ed0 [nranks=8] stream 0x5fe82ab82bc0
h200-bar-200-075:1342114:1342114 [0] NCCL INFO AllReduce: 32768 Bytes -> Algo RING proto LL channel{Lo..Hi}={0..0}
h200-bar-200-075:1342114:1342114 [7] NCCL INFO AllReduce: opCount 0 sendbuff 0x72ff1a820000 recvbuff 0x72ff1aa20000 count 8192 datatype 7 op 0 root 0 comm 0x5fe82af13220 [nranks=8] stream 0x5fe825d10e00
h200-bar-200-075:1342114:1342114 [7] NCCL INFO AllReduce: opCount 0 sendbuff 0x72ff1ae20000 recvbuff 0x72ff1b020000 count 8192 datatype 7 op 0 root 0 comm 0x5fe82b0380a0 [nranks=8] stream 0x5fe826598e70
h200-bar-200-075:1342114:1342114 [7] NCCL INFO AllReduce: opCount 0 sendbuff 0x72ff1b420000 recvbuff 0x72ff1b620000 count 8192 datatype 7 op 0 root 0 comm 0x5fe82b15d9a0 [nranks=8] stream 0x5fe8271a4b90
h200-bar-200-075:1342114:1342114 [7] NCCL INFO AllReduce: opCount 0 sendbuff 0x72ff1ba20000 recvbuff 0x72ff1bc20000 count 8192 datatype 7 op 0 root 0 comm 0x5fe82b2892f0 [nranks=8] stream 0x5fe827cff640
h200-bar-200-075:1342114:1342114 [7] NCCL INFO AllReduce: opCount 0 sendbuff 0x72ff1c020000 recvbuff 0x72ff1c220000 count 8192 datatype 7 op 0 root 0 comm 0x5fe82b3b4dc0 [nranks=8] stream 0x5fe828878df0
h200-bar-200-075:1342114:1342114 [7] NCCL INFO AllReduce: opCount 0 sendbuff 0x72ff1c620000 recvbuff 0x72ff1c820000 count 8192 datatype 7 op 0 root 0 comm 0x5fe82b4e08b0 [nranks=8] stream 0x5fe8293cf1e0
h200-bar-200-075:1342114:1342114 [7] NCCL INFO AllReduce: opCount 0 sendbuff 0x72ff1cc20000 recvbuff 0x72ff1ce20000 count 8192 datatype 7 op 0 root 0 comm 0x5fe82b60c3c0 [nranks=8] stream 0x5fe82a087200
h200-bar-200-075:1342114:1342114 [7] NCCL INFO AllReduce: opCount 0 sendbuff 0x72ff1d220000 recvbuff 0x72ff1d420000 count 8192 datatype 7 op 0 root 0 comm 0x5fe82b737ed0 [nranks=8] stream 0x5fe82ab82bc0
h200-bar-200-075:1342114:1342114 [0] NCCL INFO AllReduce: 32768 Bytes -> Algo RING proto LL channel{Lo..Hi}={0..0}
h200-bar-200-075:1342114:1342114 [7] NCCL INFO AllReduce: opCount 0 sendbuff 0x72ff1a800000 recvbuff 0x72ff1aa00000 count 8192 datatype 7 op 0 root 0 comm 0x5fe82af13220 [nranks=8] stream 0x5fe825d10e00
h200-bar-200-075:1342114:1342114 [7] NCCL INFO AllReduce: opCount 0 sendbuff 0x72ff1ae00000 recvbuff 0x72ff1b000000 count 8192 datatype 7 op 0 root 0 comm 0x5fe82b0380a0 [nranks=8] stream 0x5fe826598e70
h200-bar-200-075:1342114:1342114 [7] NCCL INFO AllReduce: opCount 0 sendbuff 0x72ff1b400000 recvbuff 0x72ff1b600000 count 8192 datatype 7 op 0 root 0 comm 0x5fe82b15d9a0 [nranks=8] stream 0x5fe8271a4b90
h200-bar-200-075:1342114:1342114 [7] NCCL INFO AllReduce: opCount 0 sendbuff 0x72ff1ba00000 recvbuff 0x72ff1bc00000 count 8192 datatype 7 op 0 root 0 comm 0x5fe82b2892f0 [nranks=8] stream 0x5fe827cff640
h200-bar-200-075:1342114:1342114 [7] NCCL INFO AllReduce: opCount 0 sendbuff 0x72ff1c000000 recvbuff 0x72ff1c200000 count 8192 datatype 7 op 0 root 0 comm 0x5fe82b3b4dc0 [nranks=8] stream 0x5fe828878df0
h200-bar-200-075:1342114:1342114 [7] NCCL INFO AllReduce: opCount 0 sendbuff 0x72ff1c600000 recvbuff 0x72ff1c800000 count 8192 datatype 7 op 0 root 0 comm 0x5fe82b4e08b0 [nranks=8] stream 0x5fe8293cf1e0
h200-bar-200-075:1342114:1342114 [7] NCCL INFO AllReduce: opCount 0 sendbuff 0x72ff1cc00000 recvbuff 0x72ff1ce00000 count 8192 datatype 7 op 0 root 0 comm 0x5fe82b60c3c0 [nranks=8] stream 0x5fe82a087200
h200-bar-200-075:1342114:1342114 [7] NCCL INFO AllReduce: opCount 0 sendbuff 0x72ff1d200000 recvbuff 0x72ff1d400000 count 8192 datatype 7 op 0 root 0 comm 0x5fe82b737ed0 [nranks=8] stream 0x5fe82ab82bc0
h200-bar-200-075:1342114:1342114 [0] NCCL INFO AllReduce: 32768 Bytes -> Algo RING proto LL channel{Lo..Hi}={0..0}
    53.45    0.61    1.07       0h200-bar-200-075:1342114:1342114 [7] NCCL INFO AllReduce: opCount 0 sendbuff 0x72ff1aa00000 recvbuff 0x72ff1aa00000 count 8192 datatype 7 op 0 root 0 comm 0x5fe82af13220 [nranks=8] stream 0x5fe825d10e00
h200-bar-200-075:1342114:1342114 [7] NCCL INFO AllReduce: opCount 0 sendbuff 0x72ff1b000000 recvbuff 0x72ff1b000000 count 8192 datatype 7 op 0 root 0 comm 0x5fe82b0380a0 [nranks=8] stream 0x5fe826598e70
h200-bar-200-075:1342114:1342114 [7] NCCL INFO AllReduce: opCount 0 sendbuff 0x72ff1b600000 recvbuff 0x72ff1b600000 count 8192 datatype 7 op 0 root 0 comm 0x5fe82b15d9a0 [nranks=8] stream 0x5fe8271a4b90
h200-bar-200-075:1342114:1342114 [7] NCCL INFO AllReduce: opCount 0 sendbuff 0x72ff1bc00000 recvbuff 0x72ff1bc00000 count 8192 datatype 7 op 0 root 0 comm 0x5fe82b2892f0 [nranks=8] stream 0x5fe827cff640
h200-bar-200-075:1342114:1342114 [7] NCCL INFO AllReduce: opCount 0 sendbuff 0x72ff1c200000 recvbuff 0x72ff1c200000 count 8192 datatype 7 op 0 root 0 comm 0x5fe82b3b4dc0 [nranks=8] stream 0x5fe828878df0
h200-bar-200-075:1342114:1342114 [7] NCCL INFO AllReduce: opCount 0 sendbuff 0x72ff1c800000 recvbuff 0x72ff1c800000 count 8192 datatype 7 op 0 root 0 comm 0x5fe82b4e08b0 [nranks=8] stream 0x5fe8293cf1e0
h200-bar-200-075:1342114:1342114 [7] NCCL INFO AllReduce: opCount 0 sendbuff 0x72ff1ce00000 recvbuff 0x72ff1ce00000 count 8192 datatype 7 op 0 root 0 comm 0x5fe82b60c3c0 [nranks=8] stream 0x5fe82a087200
h200-bar-200-075:1342114:1342114 [7] NCCL INFO AllReduce: opCount 0 sendbuff 0x72ff1d400000 recvbuff 0x72ff1d400000 count 8192 datatype 7 op 0 root 0 comm 0x5fe82b737ed0 [nranks=8] stream 0x5fe82ab82bc0
h200-bar-200-075:1342114:1342114 [0] NCCL INFO AllReduce: 32768 Bytes -> Algo RING proto LL channel{Lo..Hi}={0..0}
h200-bar-200-075:1342114:1342114 [7] NCCL INFO AllReduce: opCount 0 sendbuff 0x72ff1aa00000 recvbuff 0x72ff1aa00000 count 8192 datatype 7 op 0 root 0 comm 0x5fe82af13220 [nranks=8] stream 0x5fe825d10e00
h200-bar-200-075:1342114:1342114 [7] NCCL INFO AllReduce: opCount 0 sendbuff 0x72ff1b000000 recvbuff 0x72ff1b000000 count 8192 datatype 7 op 0 root 0 comm 0x5fe82b0380a0 [nranks=8] stream 0x5fe826598e70
h200-bar-200-075:1342114:1342114 [7] NCCL INFO AllReduce: opCount 0 sendbuff 0x72ff1b600000 recvbuff 0x72ff1b600000 count 8192 datatype 7 op 0 root 0 comm 0x5fe82b15d9a0 [nranks=8] stream 0x5fe8271a4b90
h200-bar-200-075:1342114:1342114 [7] NCCL INFO AllReduce: opCount 0 sendbuff 0x72ff1bc00000 recvbuff 0x72ff1bc00000 count 8192 datatype 7 op 0 root 0 comm 0x5fe82b2892f0 [nranks=8] stream 0x5fe827cff640
h200-bar-200-075:1342114:1342114 [7] NCCL INFO AllReduce: opCount 0 sendbuff 0x72ff1c200000 recvbuff 0x72ff1c200000 count 8192 datatype 7 op 0 root 0 comm 0x5fe82b3b4dc0 [nranks=8] stream 0x5fe828878df0
h200-bar-200-075:1342114:1342114 [7] NCCL INFO AllReduce: opCount 0 sendbuff 0x72ff1c800000 recvbuff 0x72ff1c800000 count 8192 datatype 7 op 0 root 0 comm 0x5fe82b4e08b0 [nranks=8] stream 0x5fe8293cf1e0
h200-bar-200-075:1342114:1342114 [7] NCCL INFO AllReduce: opCount 0 sendbuff 0x72ff1ce00000 recvbuff 0x72ff1ce00000 count 8192 datatype 7 op 0 root 0 comm 0x5fe82b60c3c0 [nranks=8] stream 0x5fe82a087200
h200-bar-200-075:1342114:1342114 [7] NCCL INFO AllReduce: opCount 0 sendbuff 0x72ff1d400000 recvbuff 0x72ff1d400000 count 8192 datatype 7 op 0 root 0 comm 0x5fe82b737ed0 [nranks=8] stream 0x5fe82ab82bc0
h200-bar-200-075:1342114:1342114 [0] NCCL INFO AllReduce: 32768 Bytes -> Algo RING proto LL channel{Lo..Hi}={0..0}
h200-bar-200-075:1342114:1342114 [7] NCCL INFO AllReduce: opCount 0 sendbuff 0x72ff1aa08000 recvbuff 0x72ff1aa08000 count 8192 datatype 7 op 0 root 0 comm 0x5fe82af13220 [nranks=8] stream 0x5fe825d10e00
h200-bar-200-075:1342114:1342114 [7] NCCL INFO AllReduce: opCount 0 sendbuff 0x72ff1b008000 recvbuff 0x72ff1b008000 count 8192 datatype 7 op 0 root 0 comm 0x5fe82b0380a0 [nranks=8] stream 0x5fe826598e70
h200-bar-200-075:1342114:1342114 [7] NCCL INFO AllReduce: opCount 0 sendbuff 0x72ff1b608000 recvbuff 0x72ff1b608000 count 8192 datatype 7 op 0 root 0 comm 0x5fe82b15d9a0 [nranks=8] stream 0x5fe8271a4b90
h200-bar-200-075:1342114:1342114 [7] NCCL INFO AllReduce: opCount 0 sendbuff 0x72ff1bc08000 recvbuff 0x72ff1bc08000 count 8192 datatype 7 op 0 root 0 comm 0x5fe82b2892f0 [nranks=8] stream 0x5fe827cff640
h200-bar-200-075:1342114:1342114 [7] NCCL INFO AllReduce: opCount 0 sendbuff 0x72ff1c208000 recvbuff 0x72ff1c208000 count 8192 datatype 7 op 0 root 0 comm 0x5fe82b3b4dc0 [nranks=8] stream 0x5fe828878df0
h200-bar-200-075:1342114:1342114 [7] NCCL INFO AllReduce: opCount 0 sendbuff 0x72ff1c808000 recvbuff 0x72ff1c808000 count 8192 datatype 7 op 0 root 0 comm 0x5fe82b4e08b0 [nranks=8] stream 0x5fe8293cf1e0
h200-bar-200-075:1342114:1342114 [7] NCCL INFO AllReduce: opCount 0 sendbuff 0x72ff1ce08000 recvbuff 0x72ff1ce08000 count 8192 datatype 7 op 0 root 0 comm 0x5fe82b60c3c0 [nranks=8] stream 0x5fe82a087200
h200-bar-200-075:1342114:1342114 [7] NCCL INFO AllReduce: opCount 0 sendbuff 0x72ff1d408000 recvbuff 0x72ff1d408000 count 8192 datatype 7 op 0 root 0 comm 0x5fe82b737ed0 [nranks=8] stream 0x5fe82ab82bc0
h200-bar-200-075:1342114:1342114 [0] NCCL INFO AllReduce: 32768 Bytes -> Algo RING proto LL channel{Lo..Hi}={0..0}
h200-bar-200-075:1342114:1342114 [7] NCCL INFO AllReduce: opCount 0 sendbuff 0x72ff1aa10000 recvbuff 0x72ff1aa10000 count 8192 datatype 7 op 0 root 0 comm 0x5fe82af13220 [nranks=8] stream 0x5fe825d10e00
h200-bar-200-075:1342114:1342114 [7] NCCL INFO AllReduce: opCount 0 sendbuff 0x72ff1b010000 recvbuff 0x72ff1b010000 count 8192 datatype 7 op 0 root 0 comm 0x5fe82b0380a0 [nranks=8] stream 0x5fe826598e70
h200-bar-200-075:1342114:1342114 [7] NCCL INFO AllReduce: opCount 0 sendbuff 0x72ff1b610000 recvbuff 0x72ff1b610000 count 8192 datatype 7 op 0 root 0 comm 0x5fe82b15d9a0 [nranks=8] stream 0x5fe8271a4b90
h200-bar-200-075:1342114:1342114 [7] NCCL INFO AllReduce: opCount 0 sendbuff 0x72ff1bc10000 recvbuff 0x72ff1bc10000 count 8192 datatype 7 op 0 root 0 comm 0x5fe82b2892f0 [nranks=8] stream 0x5fe827cff640
h200-bar-200-075:1342114:1342114 [7] NCCL INFO AllReduce: opCount 0 sendbuff 0x72ff1c210000 recvbuff 0x72ff1c210000 count 8192 datatype 7 op 0 root 0 comm 0x5fe82b3b4dc0 [nranks=8] stream 0x5fe828878df0
h200-bar-200-075:1342114:1342114 [7] NCCL INFO AllReduce: opCount 0 sendbuff 0x72ff1c810000 recvbuff 0x72ff1c810000 count 8192 datatype 7 op 0 root 0 comm 0x5fe82b4e08b0 [nranks=8] stream 0x5fe8293cf1e0
h200-bar-200-075:1342114:1342114 [7] NCCL INFO AllReduce: opCount 0 sendbuff 0x72ff1ce10000 recvbuff 0x72ff1ce10000 count 8192 datatype 7 op 0 root 0 comm 0x5fe82b60c3c0 [nranks=8] stream 0x5fe82a087200
h200-bar-200-075:1342114:1342114 [7] NCCL INFO AllReduce: opCount 0 sendbuff 0x72ff1d410000 recvbuff 0x72ff1d410000 count 8192 datatype 7 op 0 root 0 comm 0x5fe82b737ed0 [nranks=8] stream 0x5fe82ab82bc0
h200-bar-200-075:1342114:1342114 [0] NCCL INFO AllReduce: 32768 Bytes -> Algo RING proto LL channel{Lo..Hi}={0..0}
h200-bar-200-075:1342114:1342114 [7] NCCL INFO AllReduce: opCount 0 sendbuff 0x72ff1aa18000 recvbuff 0x72ff1aa18000 count 8192 datatype 7 op 0 root 0 comm 0x5fe82af13220 [nranks=8] stream 0x5fe825d10e00
h200-bar-200-075:1342114:1342114 [7] NCCL INFO AllReduce: opCount 0 sendbuff 0x72ff1b018000 recvbuff 0x72ff1b018000 count 8192 datatype 7 op 0 root 0 comm 0x5fe82b0380a0 [nranks=8] stream 0x5fe826598e70
h200-bar-200-075:1342114:1342114 [7] NCCL INFO AllReduce: opCount 0 sendbuff 0x72ff1b618000 recvbuff 0x72ff1b618000 count 8192 datatype 7 op 0 root 0 comm 0x5fe82b15d9a0 [nranks=8] stream 0x5fe8271a4b90
h200-bar-200-075:1342114:1342114 [7] NCCL INFO AllReduce: opCount 0 sendbuff 0x72ff1bc18000 recvbuff 0x72ff1bc18000 count 8192 datatype 7 op 0 root 0 comm 0x5fe82b2892f0 [nranks=8] stream 0x5fe827cff640
h200-bar-200-075:1342114:1342114 [7] NCCL INFO AllReduce: opCount 0 sendbuff 0x72ff1c218000 recvbuff 0x72ff1c218000 count 8192 datatype 7 op 0 root 0 comm 0x5fe82b3b4dc0 [nranks=8] stream 0x5fe828878df0
h200-bar-200-075:1342114:1342114 [7] NCCL INFO AllReduce: opCount 0 sendbuff 0x72ff1c818000 recvbuff 0x72ff1c818000 count 8192 datatype 7 op 0 root 0 comm 0x5fe82b4e08b0 [nranks=8] stream 0x5fe8293cf1e0
h200-bar-200-075:1342114:1342114 [7] NCCL INFO AllReduce: opCount 0 sendbuff 0x72ff1ce18000 recvbuff 0x72ff1ce18000 count 8192 datatype 7 op 0 root 0 comm 0x5fe82b60c3c0 [nranks=8] stream 0x5fe82a087200
h200-bar-200-075:1342114:1342114 [7] NCCL INFO AllReduce: opCount 0 sendbuff 0x72ff1d418000 recvbuff 0x72ff1d418000 count 8192 datatype 7 op 0 root 0 comm 0x5fe82b737ed0 [nranks=8] stream 0x5fe82ab82bc0
h200-bar-200-075:1342114:1342114 [0] NCCL INFO AllReduce: 32768 Bytes -> Algo RING proto LL channel{Lo..Hi}={0..0}
h200-bar-200-075:1342114:1342114 [7] NCCL INFO AllReduce: opCount 0 sendbuff 0x72ff1aa20000 recvbuff 0x72ff1aa20000 count 8192 datatype 7 op 0 root 0 comm 0x5fe82af13220 [nranks=8] stream 0x5fe825d10e00
h200-bar-200-075:1342114:1342114 [7] NCCL INFO AllReduce: opCount 0 sendbuff 0x72ff1b020000 recvbuff 0x72ff1b020000 count 8192 datatype 7 op 0 root 0 comm 0x5fe82b0380a0 [nranks=8] stream 0x5fe826598e70
h200-bar-200-075:1342114:1342114 [7] NCCL INFO AllReduce: opCount 0 sendbuff 0x72ff1b620000 recvbuff 0x72ff1b620000 count 8192 datatype 7 op 0 root 0 comm 0x5fe82b15d9a0 [nranks=8] stream 0x5fe8271a4b90
h200-bar-200-075:1342114:1342114 [7] NCCL INFO AllReduce: opCount 0 sendbuff 0x72ff1bc20000 recvbuff 0x72ff1bc20000 count 8192 datatype 7 op 0 root 0 comm 0x5fe82b2892f0 [nranks=8] stream 0x5fe827cff640
h200-bar-200-075:1342114:1342114 [7] NCCL INFO AllReduce: opCount 0 sendbuff 0x72ff1c220000 recvbuff 0x72ff1c220000 count 8192 datatype 7 op 0 root 0 comm 0x5fe82b3b4dc0 [nranks=8] stream 0x5fe828878df0
h200-bar-200-075:1342114:1342114 [7] NCCL INFO AllReduce: opCount 0 sendbuff 0x72ff1c820000 recvbuff 0x72ff1c820000 count 8192 datatype 7 op 0 root 0 comm 0x5fe82b4e08b0 [nranks=8] stream 0x5fe8293cf1e0
h200-bar-200-075:1342114:1342114 [7] NCCL INFO AllReduce: opCount 0 sendbuff 0x72ff1ce20000 recvbuff 0x72ff1ce20000 count 8192 datatype 7 op 0 root 0 comm 0x5fe82b60c3c0 [nranks=8] stream 0x5fe82a087200
h200-bar-200-075:1342114:1342114 [7] NCCL INFO AllReduce: opCount 0 sendbuff 0x72ff1d420000 recvbuff 0x72ff1d420000 count 8192 datatype 7 op 0 root 0 comm 0x5fe82b737ed0 [nranks=8] stream 0x5fe82ab82bc0
h200-bar-200-075:1342114:1342114 [0] NCCL INFO AllReduce: 32768 Bytes -> Algo RING proto LL channel{Lo..Hi}={0..0}
h200-bar-200-075:1342114:1342114 [7] NCCL INFO AllReduce: opCount 0 sendbuff 0x72ff1aa00000 recvbuff 0x72ff1aa00000 count 8192 datatype 7 op 0 root 0 comm 0x5fe82af13220 [nranks=8] stream 0x5fe825d10e00
h200-bar-200-075:1342114:1342114 [7] NCCL INFO AllReduce: opCount 0 sendbuff 0x72ff1b000000 recvbuff 0x72ff1b000000 count 8192 datatype 7 op 0 root 0 comm 0x5fe82b0380a0 [nranks=8] stream 0x5fe826598e70
h200-bar-200-075:1342114:1342114 [7] NCCL INFO AllReduce: opCount 0 sendbuff 0x72ff1b600000 recvbuff 0x72ff1b600000 count 8192 datatype 7 op 0 root 0 comm 0x5fe82b15d9a0 [nranks=8] stream 0x5fe8271a4b90
h200-bar-200-075:1342114:1342114 [7] NCCL INFO AllReduce: opCount 0 sendbuff 0x72ff1bc00000 recvbuff 0x72ff1bc00000 count 8192 datatype 7 op 0 root 0 comm 0x5fe82b2892f0 [nranks=8] stream 0x5fe827cff640
h200-bar-200-075:1342114:1342114 [7] NCCL INFO AllReduce: opCount 0 sendbuff 0x72ff1c200000 recvbuff 0x72ff1c200000 count 8192 datatype 7 op 0 root 0 comm 0x5fe82b3b4dc0 [nranks=8] stream 0x5fe828878df0
h200-bar-200-075:1342114:1342114 [7] NCCL INFO AllReduce: opCount 0 sendbuff 0x72ff1c800000 recvbuff 0x72ff1c800000 count 8192 datatype 7 op 0 root 0 comm 0x5fe82b4e08b0 [nranks=8] stream 0x5fe8293cf1e0
h200-bar-200-075:1342114:1342114 [7] NCCL INFO AllReduce: opCount 0 sendbuff 0x72ff1ce00000 recvbuff 0x72ff1ce00000 count 8192 datatype 7 op 0 root 0 comm 0x5fe82b60c3c0 [nranks=8] stream 0x5fe82a087200
h200-bar-200-075:1342114:1342114 [7] NCCL INFO AllReduce: opCount 0 sendbuff 0x72ff1d400000 recvbuff 0x72ff1d400000 count 8192 datatype 7 op 0 root 0 comm 0x5fe82b737ed0 [nranks=8] stream 0x5fe82ab82bc0
h200-bar-200-075:1342114:1342114 [0] NCCL INFO AllReduce: 32768 Bytes -> Algo RING proto LL channel{Lo..Hi}={0..0}
    53.90    0.61    1.06       0
     1048576        262144     float     sum      -1h200-bar-200-075:1342114:1342114 [7] NCCL INFO AllReduce: opCount 0 sendbuff 0x72ff1a800000 recvbuff 0x72ff1aa00000 count 262144 datatype 7 op 0 root 0 comm 0x5fe82af13220 [nranks=8] stream 0x5fe825d10e00
h200-bar-200-075:1342114:1342114 [7] NCCL INFO AllReduce: opCount 0 sendbuff 0x72ff1ae00000 recvbuff 0x72ff1b000000 count 262144 datatype 7 op 0 root 0 comm 0x5fe82b0380a0 [nranks=8] stream 0x5fe826598e70
h200-bar-200-075:1342114:1342114 [7] NCCL INFO AllReduce: opCount 0 sendbuff 0x72ff1b400000 recvbuff 0x72ff1b600000 count 262144 datatype 7 op 0 root 0 comm 0x5fe82b15d9a0 [nranks=8] stream 0x5fe8271a4b90
h200-bar-200-075:1342114:1342114 [7] NCCL INFO AllReduce: opCount 0 sendbuff 0x72ff1ba00000 recvbuff 0x72ff1bc00000 count 262144 datatype 7 op 0 root 0 comm 0x5fe82b2892f0 [nranks=8] stream 0x5fe827cff640
h200-bar-200-075:1342114:1342114 [7] NCCL INFO AllReduce: opCount 0 sendbuff 0x72ff1c000000 recvbuff 0x72ff1c200000 count 262144 datatype 7 op 0 root 0 comm 0x5fe82b3b4dc0 [nranks=8] stream 0x5fe828878df0
h200-bar-200-075:1342114:1342114 [7] NCCL INFO AllReduce: opCount 0 sendbuff 0x72ff1c600000 recvbuff 0x72ff1c800000 count 262144 datatype 7 op 0 root 0 comm 0x5fe82b4e08b0 [nranks=8] stream 0x5fe8293cf1e0
h200-bar-200-075:1342114:1342114 [7] NCCL INFO AllReduce: opCount 0 sendbuff 0x72ff1cc00000 recvbuff 0x72ff1ce00000 count 262144 datatype 7 op 0 root 0 comm 0x5fe82b60c3c0 [nranks=8] stream 0x5fe82a087200
h200-bar-200-075:1342114:1342114 [7] NCCL INFO AllReduce: opCount 0 sendbuff 0x72ff1d200000 recvbuff 0x72ff1d400000 count 262144 datatype 7 op 0 root 0 comm 0x5fe82b737ed0 [nranks=8] stream 0x5fe82ab82bc0
h200-bar-200-075:1342114:1342114 [0] NCCL INFO AllReduce: 1048576 Bytes -> Algo RING proto LL channel{Lo..Hi}={0..23}
h200-bar-200-075:1342114:1342114 [7] NCCL INFO AllReduce: opCount 0 sendbuff 0x72ff1a800000 recvbuff 0x72ff1aa00000 count 262144 datatype 7 op 0 root 0 comm 0x5fe82af13220 [nranks=8] stream 0x5fe825d10e00
h200-bar-200-075:1342114:1342114 [7] NCCL INFO AllReduce: opCount 0 sendbuff 0x72ff1ae00000 recvbuff 0x72ff1b000000 count 262144 datatype 7 op 0 root 0 comm 0x5fe82b0380a0 [nranks=8] stream 0x5fe826598e70
h200-bar-200-075:1342114:1342114 [7] NCCL INFO AllReduce: opCount 0 sendbuff 0x72ff1b400000 recvbuff 0x72ff1b600000 count 262144 datatype 7 op 0 root 0 comm 0x5fe82b15d9a0 [nranks=8] stream 0x5fe8271a4b90
h200-bar-200-075:1342114:1342114 [7] NCCL INFO AllReduce: opCount 0 sendbuff 0x72ff1ba00000 recvbuff 0x72ff1bc00000 count 262144 datatype 7 op 0 root 0 comm 0x5fe82b2892f0 [nranks=8] stream 0x5fe827cff640
h200-bar-200-075:1342114:1342114 [7] NCCL INFO AllReduce: opCount 0 sendbuff 0x72ff1c000000 recvbuff 0x72ff1c200000 count 262144 datatype 7 op 0 root 0 comm 0x5fe82b3b4dc0 [nranks=8] stream 0x5fe828878df0
h200-bar-200-075:1342114:1342114 [7] NCCL INFO AllReduce: opCount 0 sendbuff 0x72ff1c600000 recvbuff 0x72ff1c800000 count 262144 datatype 7 op 0 root 0 comm 0x5fe82b4e08b0 [nranks=8] stream 0x5fe8293cf1e0
h200-bar-200-075:1342114:1342114 [7] NCCL INFO AllReduce: opCount 0 sendbuff 0x72ff1cc00000 recvbuff 0x72ff1ce00000 count 262144 datatype 7 op 0 root 0 comm 0x5fe82b60c3c0 [nranks=8] stream 0x5fe82a087200
h200-bar-200-075:1342114:1342114 [7] NCCL INFO AllReduce: opCount 0 sendbuff 0x72ff1d200000 recvbuff 0x72ff1d400000 count 262144 datatype 7 op 0 root 0 comm 0x5fe82b737ed0 [nranks=8] stream 0x5fe82ab82bc0
h200-bar-200-075:1342114:1342114 [0] NCCL INFO AllReduce: 1048576 Bytes -> Algo RING proto LL channel{Lo..Hi}={0..23}
h200-bar-200-075:1342114:1342114 [7] NCCL INFO AllReduce: opCount 0 sendbuff 0x72ff1a800000 recvbuff 0x72ff1aa00000 count 262144 datatype 7 op 0 root 0 comm 0x5fe82af13220 [nranks=8] stream 0x5fe825d10e00
h200-bar-200-075:1342114:1342114 [7] NCCL INFO AllReduce: opCount 0 sendbuff 0x72ff1ae00000 recvbuff 0x72ff1b000000 count 262144 datatype 7 op 0 root 0 comm 0x5fe82b0380a0 [nranks=8] stream 0x5fe826598e70
h200-bar-200-075:1342114:1342114 [7] NCCL INFO AllReduce: opCount 0 sendbuff 0x72ff1b400000 recvbuff 0x72ff1b600000 count 262144 datatype 7 op 0 root 0 comm 0x5fe82b15d9a0 [nranks=8] stream 0x5fe8271a4b90
h200-bar-200-075:1342114:1342114 [7] NCCL INFO AllReduce: opCount 0 sendbuff 0x72ff1ba00000 recvbuff 0x72ff1bc00000 count 262144 datatype 7 op 0 root 0 comm 0x5fe82b2892f0 [nranks=8] stream 0x5fe827cff640
h200-bar-200-075:1342114:1342114 [7] NCCL INFO AllReduce: opCount 0 sendbuff 0x72ff1c000000 recvbuff 0x72ff1c200000 count 262144 datatype 7 op 0 root 0 comm 0x5fe82b3b4dc0 [nranks=8] stream 0x5fe828878df0
h200-bar-200-075:1342114:1342114 [7] NCCL INFO AllReduce: opCount 0 sendbuff 0x72ff1c600000 recvbuff 0x72ff1c800000 count 262144 datatype 7 op 0 root 0 comm 0x5fe82b4e08b0 [nranks=8] stream 0x5fe8293cf1e0
h200-bar-200-075:1342114:1342114 [7] NCCL INFO AllReduce: opCount 0 sendbuff 0x72ff1cc00000 recvbuff 0x72ff1ce00000 count 262144 datatype 7 op 0 root 0 comm 0x5fe82b60c3c0 [nranks=8] stream 0x5fe82a087200
h200-bar-200-075:1342114:1342114 [7] NCCL INFO AllReduce: opCount 0 sendbuff 0x72ff1d200000 recvbuff 0x72ff1d400000 count 262144 datatype 7 op 0 root 0 comm 0x5fe82b737ed0 [nranks=8] stream 0x5fe82ab82bc0
h200-bar-200-075:1342114:1342114 [0] NCCL INFO AllReduce: 1048576 Bytes -> Algo RING proto LL channel{Lo..Hi}={0..23}
h200-bar-200-075:1342114:1342114 [7] NCCL INFO AllReduce: opCount 0 sendbuff 0x72ff1a800000 recvbuff 0x72ff1aa00000 count 262144 datatype 7 op 0 root 0 comm 0x5fe82af13220 [nranks=8] stream 0x5fe825d10e00
h200-bar-200-075:1342114:1342114 [7] NCCL INFO AllReduce: opCount 0 sendbuff 0x72ff1ae00000 recvbuff 0x72ff1b000000 count 262144 datatype 7 op 0 root 0 comm 0x5fe82b0380a0 [nranks=8] stream 0x5fe826598e70
h200-bar-200-075:1342114:1342114 [7] NCCL INFO AllReduce: opCount 0 sendbuff 0x72ff1b400000 recvbuff 0x72ff1b600000 count 262144 datatype 7 op 0 root 0 comm 0x5fe82b15d9a0 [nranks=8] stream 0x5fe8271a4b90
h200-bar-200-075:1342114:1342114 [7] NCCL INFO AllReduce: opCount 0 sendbuff 0x72ff1ba00000 recvbuff 0x72ff1bc00000 count 262144 datatype 7 op 0 root 0 comm 0x5fe82b2892f0 [nranks=8] stream 0x5fe827cff640
h200-bar-200-075:1342114:1342114 [7] NCCL INFO AllReduce: opCount 0 sendbuff 0x72ff1c000000 recvbuff 0x72ff1c200000 count 262144 datatype 7 op 0 root 0 comm 0x5fe82b3b4dc0 [nranks=8] stream 0x5fe828878df0
h200-bar-200-075:1342114:1342114 [7] NCCL INFO AllReduce: opCount 0 sendbuff 0x72ff1c600000 recvbuff 0x72ff1c800000 count 262144 datatype 7 op 0 root 0 comm 0x5fe82b4e08b0 [nranks=8] stream 0x5fe8293cf1e0
h200-bar-200-075:1342114:1342114 [7] NCCL INFO AllReduce: opCount 0 sendbuff 0x72ff1cc00000 recvbuff 0x72ff1ce00000 count 262144 datatype 7 op 0 root 0 comm 0x5fe82b60c3c0 [nranks=8] stream 0x5fe82a087200
h200-bar-200-075:1342114:1342114 [7] NCCL INFO AllReduce: opCount 0 sendbuff 0x72ff1d200000 recvbuff 0x72ff1d400000 count 262144 datatype 7 op 0 root 0 comm 0x5fe82b737ed0 [nranks=8] stream 0x5fe82ab82bc0
h200-bar-200-075:1342114:1342114 [0] NCCL INFO AllReduce: 1048576 Bytes -> Algo RING proto LL channel{Lo..Hi}={0..23}
h200-bar-200-075:1342114:1342114 [7] NCCL INFO AllReduce: opCount 0 sendbuff 0x72ff1a800000 recvbuff 0x72ff1aa00000 count 262144 datatype 7 op 0 root 0 comm 0x5fe82af13220 [nranks=8] stream 0x5fe825d10e00
h200-bar-200-075:1342114:1342114 [7] NCCL INFO AllReduce: opCount 0 sendbuff 0x72ff1ae00000 recvbuff 0x72ff1b000000 count 262144 datatype 7 op 0 root 0 comm 0x5fe82b0380a0 [nranks=8] stream 0x5fe826598e70
h200-bar-200-075:1342114:1342114 [7] NCCL INFO AllReduce: opCount 0 sendbuff 0x72ff1b400000 recvbuff 0x72ff1b600000 count 262144 datatype 7 op 0 root 0 comm 0x5fe82b15d9a0 [nranks=8] stream 0x5fe8271a4b90
h200-bar-200-075:1342114:1342114 [7] NCCL INFO AllReduce: opCount 0 sendbuff 0x72ff1ba00000 recvbuff 0x72ff1bc00000 count 262144 datatype 7 op 0 root 0 comm 0x5fe82b2892f0 [nranks=8] stream 0x5fe827cff640
h200-bar-200-075:1342114:1342114 [7] NCCL INFO AllReduce: opCount 0 sendbuff 0x72ff1c000000 recvbuff 0x72ff1c200000 count 262144 datatype 7 op 0 root 0 comm 0x5fe82b3b4dc0 [nranks=8] stream 0x5fe828878df0
h200-bar-200-075:1342114:1342114 [7] NCCL INFO AllReduce: opCount 0 sendbuff 0x72ff1c600000 recvbuff 0x72ff1c800000 count 262144 datatype 7 op 0 root 0 comm 0x5fe82b4e08b0 [nranks=8] stream 0x5fe8293cf1e0
h200-bar-200-075:1342114:1342114 [7] NCCL INFO AllReduce: opCount 0 sendbuff 0x72ff1cc00000 recvbuff 0x72ff1ce00000 count 262144 datatype 7 op 0 root 0 comm 0x5fe82b60c3c0 [nranks=8] stream 0x5fe82a087200
h200-bar-200-075:1342114:1342114 [7] NCCL INFO AllReduce: opCount 0 sendbuff 0x72ff1d200000 recvbuff 0x72ff1d400000 count 262144 datatype 7 op 0 root 0 comm 0x5fe82b737ed0 [nranks=8] stream 0x5fe82ab82bc0
h200-bar-200-075:1342114:1342114 [0] NCCL INFO AllReduce: 1048576 Bytes -> Algo RING proto LL channel{Lo..Hi}={0..23}
h200-bar-200-075:1342114:1342114 [7] NCCL INFO AllReduce: opCount 0 sendbuff 0x72ff1a800000 recvbuff 0x72ff1aa00000 count 262144 datatype 7 op 0 root 0 comm 0x5fe82af13220 [nranks=8] stream 0x5fe825d10e00
h200-bar-200-075:1342114:1342114 [7] NCCL INFO AllReduce: opCount 0 sendbuff 0x72ff1ae00000 recvbuff 0x72ff1b000000 count 262144 datatype 7 op 0 root 0 comm 0x5fe82b0380a0 [nranks=8] stream 0x5fe826598e70
h200-bar-200-075:1342114:1342114 [7] NCCL INFO AllReduce: opCount 0 sendbuff 0x72ff1b400000 recvbuff 0x72ff1b600000 count 262144 datatype 7 op 0 root 0 comm 0x5fe82b15d9a0 [nranks=8] stream 0x5fe8271a4b90
h200-bar-200-075:1342114:1342114 [7] NCCL INFO AllReduce: opCount 0 sendbuff 0x72ff1ba00000 recvbuff 0x72ff1bc00000 count 262144 datatype 7 op 0 root 0 comm 0x5fe82b2892f0 [nranks=8] stream 0x5fe827cff640
h200-bar-200-075:1342114:1342114 [7] NCCL INFO AllReduce: opCount 0 sendbuff 0x72ff1c000000 recvbuff 0x72ff1c200000 count 262144 datatype 7 op 0 root 0 comm 0x5fe82b3b4dc0 [nranks=8] stream 0x5fe828878df0
h200-bar-200-075:1342114:1342114 [7] NCCL INFO AllReduce: opCount 0 sendbuff 0x72ff1c600000 recvbuff 0x72ff1c800000 count 262144 datatype 7 op 0 root 0 comm 0x5fe82b4e08b0 [nranks=8] stream 0x5fe8293cf1e0
h200-bar-200-075:1342114:1342114 [7] NCCL INFO AllReduce: opCount 0 sendbuff 0x72ff1cc00000 recvbuff 0x72ff1ce00000 count 262144 datatype 7 op 0 root 0 comm 0x5fe82b60c3c0 [nranks=8] stream 0x5fe82a087200
h200-bar-200-075:1342114:1342114 [7] NCCL INFO AllReduce: opCount 0 sendbuff 0x72ff1d200000 recvbuff 0x72ff1d400000 count 262144 datatype 7 op 0 root 0 comm 0x5fe82b737ed0 [nranks=8] stream 0x5fe82ab82bc0
h200-bar-200-075:1342114:1342114 [0] NCCL INFO AllReduce: 1048576 Bytes -> Algo RING proto LL channel{Lo..Hi}={0..23}
h200-bar-200-075:1342114:1342114 [7] NCCL INFO AllReduce: opCount 0 sendbuff 0x72ff1a800000 recvbuff 0x72ff1aa00000 count 262144 datatype 7 op 0 root 0 comm 0x5fe82af13220 [nranks=8] stream 0x5fe825d10e00
h200-bar-200-075:1342114:1342114 [7] NCCL INFO AllReduce: opCount 0 sendbuff 0x72ff1ae00000 recvbuff 0x72ff1b000000 count 262144 datatype 7 op 0 root 0 comm 0x5fe82b0380a0 [nranks=8] stream 0x5fe826598e70
h200-bar-200-075:1342114:1342114 [7] NCCL INFO AllReduce: opCount 0 sendbuff 0x72ff1b400000 recvbuff 0x72ff1b600000 count 262144 datatype 7 op 0 root 0 comm 0x5fe82b15d9a0 [nranks=8] stream 0x5fe8271a4b90
h200-bar-200-075:1342114:1342114 [7] NCCL INFO AllReduce: opCount 0 sendbuff 0x72ff1ba00000 recvbuff 0x72ff1bc00000 count 262144 datatype 7 op 0 root 0 comm 0x5fe82b2892f0 [nranks=8] stream 0x5fe827cff640
h200-bar-200-075:1342114:1342114 [7] NCCL INFO AllReduce: opCount 0 sendbuff 0x72ff1c000000 recvbuff 0x72ff1c200000 count 262144 datatype 7 op 0 root 0 comm 0x5fe82b3b4dc0 [nranks=8] stream 0x5fe828878df0
h200-bar-200-075:1342114:1342114 [7] NCCL INFO AllReduce: opCount 0 sendbuff 0x72ff1c600000 recvbuff 0x72ff1c800000 count 262144 datatype 7 op 0 root 0 comm 0x5fe82b4e08b0 [nranks=8] stream 0x5fe8293cf1e0
h200-bar-200-075:1342114:1342114 [7] NCCL INFO AllReduce: opCount 0 sendbuff 0x72ff1cc00000 recvbuff 0x72ff1ce00000 count 262144 datatype 7 op 0 root 0 comm 0x5fe82b60c3c0 [nranks=8] stream 0x5fe82a087200
h200-bar-200-075:1342114:1342114 [7] NCCL INFO AllReduce: opCount 0 sendbuff 0x72ff1d200000 recvbuff 0x72ff1d400000 count 262144 datatype 7 op 0 root 0 comm 0x5fe82b737ed0 [nranks=8] stream 0x5fe82ab82bc0
h200-bar-200-075:1342114:1342114 [0] NCCL INFO AllReduce: 1048576 Bytes -> Algo RING proto LL channel{Lo..Hi}={0..23}
    59.06   17.75   31.07       0h200-bar-200-075:1342114:1342114 [7] NCCL INFO AllReduce: opCount 0 sendbuff 0x72ff1aa00000 recvbuff 0x72ff1aa00000 count 262144 datatype 7 op 0 root 0 comm 0x5fe82af13220 [nranks=8] stream 0x5fe825d10e00
h200-bar-200-075:1342114:1342114 [7] NCCL INFO AllReduce: opCount 0 sendbuff 0x72ff1b000000 recvbuff 0x72ff1b000000 count 262144 datatype 7 op 0 root 0 comm 0x5fe82b0380a0 [nranks=8] stream 0x5fe826598e70
h200-bar-200-075:1342114:1342114 [7] NCCL INFO AllReduce: opCount 0 sendbuff 0x72ff1b600000 recvbuff 0x72ff1b600000 count 262144 datatype 7 op 0 root 0 comm 0x5fe82b15d9a0 [nranks=8] stream 0x5fe8271a4b90
h200-bar-200-075:1342114:1342114 [7] NCCL INFO AllReduce: opCount 0 sendbuff 0x72ff1bc00000 recvbuff 0x72ff1bc00000 count 262144 datatype 7 op 0 root 0 comm 0x5fe82b2892f0 [nranks=8] stream 0x5fe827cff640
h200-bar-200-075:1342114:1342114 [7] NCCL INFO AllReduce: opCount 0 sendbuff 0x72ff1c200000 recvbuff 0x72ff1c200000 count 262144 datatype 7 op 0 root 0 comm 0x5fe82b3b4dc0 [nranks=8] stream 0x5fe828878df0
h200-bar-200-075:1342114:1342114 [7] NCCL INFO AllReduce: opCount 0 sendbuff 0x72ff1c800000 recvbuff 0x72ff1c800000 count 262144 datatype 7 op 0 root 0 comm 0x5fe82b4e08b0 [nranks=8] stream 0x5fe8293cf1e0
h200-bar-200-075:1342114:1342114 [7] NCCL INFO AllReduce: opCount 0 sendbuff 0x72ff1ce00000 recvbuff 0x72ff1ce00000 count 262144 datatype 7 op 0 root 0 comm 0x5fe82b60c3c0 [nranks=8] stream 0x5fe82a087200
h200-bar-200-075:1342114:1342114 [7] NCCL INFO AllReduce: opCount 0 sendbuff 0x72ff1d400000 recvbuff 0x72ff1d400000 count 262144 datatype 7 op 0 root 0 comm 0x5fe82b737ed0 [nranks=8] stream 0x5fe82ab82bc0
h200-bar-200-075:1342114:1342114 [0] NCCL INFO AllReduce: 1048576 Bytes -> Algo RING proto LL channel{Lo..Hi}={0..23}
h200-bar-200-075:1342114:1342114 [7] NCCL INFO AllReduce: opCount 0 sendbuff 0x72ff1aa00000 recvbuff 0x72ff1aa00000 count 262144 datatype 7 op 0 root 0 comm 0x5fe82af13220 [nranks=8] stream 0x5fe825d10e00
h200-bar-200-075:1342114:1342114 [7] NCCL INFO AllReduce: opCount 0 sendbuff 0x72ff1b000000 recvbuff 0x72ff1b000000 count 262144 datatype 7 op 0 root 0 comm 0x5fe82b0380a0 [nranks=8] stream 0x5fe826598e70
h200-bar-200-075:1342114:1342114 [7] NCCL INFO AllReduce: opCount 0 sendbuff 0x72ff1b600000 recvbuff 0x72ff1b600000 count 262144 datatype 7 op 0 root 0 comm 0x5fe82b15d9a0 [nranks=8] stream 0x5fe8271a4b90
h200-bar-200-075:1342114:1342114 [7] NCCL INFO AllReduce: opCount 0 sendbuff 0x72ff1bc00000 recvbuff 0x72ff1bc00000 count 262144 datatype 7 op 0 root 0 comm 0x5fe82b2892f0 [nranks=8] stream 0x5fe827cff640
h200-bar-200-075:1342114:1342114 [7] NCCL INFO AllReduce: opCount 0 sendbuff 0x72ff1c200000 recvbuff 0x72ff1c200000 count 262144 datatype 7 op 0 root 0 comm 0x5fe82b3b4dc0 [nranks=8] stream 0x5fe828878df0
h200-bar-200-075:1342114:1342114 [7] NCCL INFO AllReduce: opCount 0 sendbuff 0x72ff1c800000 recvbuff 0x72ff1c800000 count 262144 datatype 7 op 0 root 0 comm 0x5fe82b4e08b0 [nranks=8] stream 0x5fe8293cf1e0
h200-bar-200-075:1342114:1342114 [7] NCCL INFO AllReduce: opCount 0 sendbuff 0x72ff1ce00000 recvbuff 0x72ff1ce00000 count 262144 datatype 7 op 0 root 0 comm 0x5fe82b60c3c0 [nranks=8] stream 0x5fe82a087200
h200-bar-200-075:1342114:1342114 [7] NCCL INFO AllReduce: opCount 0 sendbuff 0x72ff1d400000 recvbuff 0x72ff1d400000 count 262144 datatype 7 op 0 root 0 comm 0x5fe82b737ed0 [nranks=8] stream 0x5fe82ab82bc0
h200-bar-200-075:1342114:1342114 [0] NCCL INFO AllReduce: 1048576 Bytes -> Algo RING proto LL channel{Lo..Hi}={0..23}
h200-bar-200-075:1342114:1342114 [7] NCCL INFO AllReduce: opCount 0 sendbuff 0x72ff1aa00000 recvbuff 0x72ff1aa00000 count 262144 datatype 7 op 0 root 0 comm 0x5fe82af13220 [nranks=8] stream 0x5fe825d10e00
h200-bar-200-075:1342114:1342114 [7] NCCL INFO AllReduce: opCount 0 sendbuff 0x72ff1b000000 recvbuff 0x72ff1b000000 count 262144 datatype 7 op 0 root 0 comm 0x5fe82b0380a0 [nranks=8] stream 0x5fe826598e70
h200-bar-200-075:1342114:1342114 [7] NCCL INFO AllReduce: opCount 0 sendbuff 0x72ff1b600000 recvbuff 0x72ff1b600000 count 262144 datatype 7 op 0 root 0 comm 0x5fe82b15d9a0 [nranks=8] stream 0x5fe8271a4b90
h200-bar-200-075:1342114:1342114 [7] NCCL INFO AllReduce: opCount 0 sendbuff 0x72ff1bc00000 recvbuff 0x72ff1bc00000 count 262144 datatype 7 op 0 root 0 comm 0x5fe82b2892f0 [nranks=8] stream 0x5fe827cff640
h200-bar-200-075:1342114:1342114 [7] NCCL INFO AllReduce: opCount 0 sendbuff 0x72ff1c200000 recvbuff 0x72ff1c200000 count 262144 datatype 7 op 0 root 0 comm 0x5fe82b3b4dc0 [nranks=8] stream 0x5fe828878df0
h200-bar-200-075:1342114:1342114 [7] NCCL INFO AllReduce: opCount 0 sendbuff 0x72ff1c800000 recvbuff 0x72ff1c800000 count 262144 datatype 7 op 0 root 0 comm 0x5fe82b4e08b0 [nranks=8] stream 0x5fe8293cf1e0
h200-bar-200-075:1342114:1342114 [7] NCCL INFO AllReduce: opCount 0 sendbuff 0x72ff1ce00000 recvbuff 0x72ff1ce00000 count 262144 datatype 7 op 0 root 0 comm 0x5fe82b60c3c0 [nranks=8] stream 0x5fe82a087200
h200-bar-200-075:1342114:1342114 [7] NCCL INFO AllReduce: opCount 0 sendbuff 0x72ff1d400000 recvbuff 0x72ff1d400000 count 262144 datatype 7 op 0 root 0 comm 0x5fe82b737ed0 [nranks=8] stream 0x5fe82ab82bc0
h200-bar-200-075:1342114:1342114 [0] NCCL INFO AllReduce: 1048576 Bytes -> Algo RING proto LL channel{Lo..Hi}={0..23}
h200-bar-200-075:1342114:1342114 [7] NCCL INFO AllReduce: opCount 0 sendbuff 0x72ff1aa00000 recvbuff 0x72ff1aa00000 count 262144 datatype 7 op 0 root 0 comm 0x5fe82af13220 [nranks=8] stream 0x5fe825d10e00
h200-bar-200-075:1342114:1342114 [7] NCCL INFO AllReduce: opCount 0 sendbuff 0x72ff1b000000 recvbuff 0x72ff1b000000 count 262144 datatype 7 op 0 root 0 comm 0x5fe82b0380a0 [nranks=8] stream 0x5fe826598e70
h200-bar-200-075:1342114:1342114 [7] NCCL INFO AllReduce: opCount 0 sendbuff 0x72ff1b600000 recvbuff 0x72ff1b600000 count 262144 datatype 7 op 0 root 0 comm 0x5fe82b15d9a0 [nranks=8] stream 0x5fe8271a4b90
h200-bar-200-075:1342114:1342114 [7] NCCL INFO AllReduce: opCount 0 sendbuff 0x72ff1bc00000 recvbuff 0x72ff1bc00000 count 262144 datatype 7 op 0 root 0 comm 0x5fe82b2892f0 [nranks=8] stream 0x5fe827cff640
h200-bar-200-075:1342114:1342114 [7] NCCL INFO AllReduce: opCount 0 sendbuff 0x72ff1c200000 recvbuff 0x72ff1c200000 count 262144 datatype 7 op 0 root 0 comm 0x5fe82b3b4dc0 [nranks=8] stream 0x5fe828878df0
h200-bar-200-075:1342114:1342114 [7] NCCL INFO AllReduce: opCount 0 sendbuff 0x72ff1c800000 recvbuff 0x72ff1c800000 count 262144 datatype 7 op 0 root 0 comm 0x5fe82b4e08b0 [nranks=8] stream 0x5fe8293cf1e0
h200-bar-200-075:1342114:1342114 [7] NCCL INFO AllReduce: opCount 0 sendbuff 0x72ff1ce00000 recvbuff 0x72ff1ce00000 count 262144 datatype 7 op 0 root 0 comm 0x5fe82b60c3c0 [nranks=8] stream 0x5fe82a087200
h200-bar-200-075:1342114:1342114 [7] NCCL INFO AllReduce: opCount 0 sendbuff 0x72ff1d400000 recvbuff 0x72ff1d400000 count 262144 datatype 7 op 0 root 0 comm 0x5fe82b737ed0 [nranks=8] stream 0x5fe82ab82bc0
h200-bar-200-075:1342114:1342114 [0] NCCL INFO AllReduce: 1048576 Bytes -> Algo RING proto LL channel{Lo..Hi}={0..23}
h200-bar-200-075:1342114:1342114 [7] NCCL INFO AllReduce: opCount 0 sendbuff 0x72ff1aa00000 recvbuff 0x72ff1aa00000 count 262144 datatype 7 op 0 root 0 comm 0x5fe82af13220 [nranks=8] stream 0x5fe825d10e00
h200-bar-200-075:1342114:1342114 [7] NCCL INFO AllReduce: opCount 0 sendbuff 0x72ff1b000000 recvbuff 0x72ff1b000000 count 262144 datatype 7 op 0 root 0 comm 0x5fe82b0380a0 [nranks=8] stream 0x5fe826598e70
h200-bar-200-075:1342114:1342114 [7] NCCL INFO AllReduce: opCount 0 sendbuff 0x72ff1b600000 recvbuff 0x72ff1b600000 count 262144 datatype 7 op 0 root 0 comm 0x5fe82b15d9a0 [nranks=8] stream 0x5fe8271a4b90
h200-bar-200-075:1342114:1342114 [7] NCCL INFO AllReduce: opCount 0 sendbuff 0x72ff1bc00000 recvbuff 0x72ff1bc00000 count 262144 datatype 7 op 0 root 0 comm 0x5fe82b2892f0 [nranks=8] stream 0x5fe827cff640
h200-bar-200-075:1342114:1342114 [7] NCCL INFO AllReduce: opCount 0 sendbuff 0x72ff1c200000 recvbuff 0x72ff1c200000 count 262144 datatype 7 op 0 root 0 comm 0x5fe82b3b4dc0 [nranks=8] stream 0x5fe828878df0
h200-bar-200-075:1342114:1342114 [7] NCCL INFO AllReduce: opCount 0 sendbuff 0x72ff1c800000 recvbuff 0x72ff1c800000 count 262144 datatype 7 op 0 root 0 comm 0x5fe82b4e08b0 [nranks=8] stream 0x5fe8293cf1e0
h200-bar-200-075:1342114:1342114 [7] NCCL INFO AllReduce: opCount 0 sendbuff 0x72ff1ce00000 recvbuff 0x72ff1ce00000 count 262144 datatype 7 op 0 root 0 comm 0x5fe82b60c3c0 [nranks=8] stream 0x5fe82a087200
h200-bar-200-075:1342114:1342114 [7] NCCL INFO AllReduce: opCount 0 sendbuff 0x72ff1d400000 recvbuff 0x72ff1d400000 count 262144 datatype 7 op 0 root 0 comm 0x5fe82b737ed0 [nranks=8] stream 0x5fe82ab82bc0
h200-bar-200-075:1342114:1342114 [0] NCCL INFO AllReduce: 1048576 Bytes -> Algo RING proto LL channel{Lo..Hi}={0..23}
h200-bar-200-075:1342114:1342114 [7] NCCL INFO AllReduce: opCount 0 sendbuff 0x72ff1aa00000 recvbuff 0x72ff1aa00000 count 262144 datatype 7 op 0 root 0 comm 0x5fe82af13220 [nranks=8] stream 0x5fe825d10e00
h200-bar-200-075:1342114:1342114 [7] NCCL INFO AllReduce: opCount 0 sendbuff 0x72ff1b000000 recvbuff 0x72ff1b000000 count 262144 datatype 7 op 0 root 0 comm 0x5fe82b0380a0 [nranks=8] stream 0x5fe826598e70
h200-bar-200-075:1342114:1342114 [7] NCCL INFO AllReduce: opCount 0 sendbuff 0x72ff1b600000 recvbuff 0x72ff1b600000 count 262144 datatype 7 op 0 root 0 comm 0x5fe82b15d9a0 [nranks=8] stream 0x5fe8271a4b90
h200-bar-200-075:1342114:1342114 [7] NCCL INFO AllReduce: opCount 0 sendbuff 0x72ff1bc00000 recvbuff 0x72ff1bc00000 count 262144 datatype 7 op 0 root 0 comm 0x5fe82b2892f0 [nranks=8] stream 0x5fe827cff640
h200-bar-200-075:1342114:1342114 [7] NCCL INFO AllReduce: opCount 0 sendbuff 0x72ff1c200000 recvbuff 0x72ff1c200000 count 262144 datatype 7 op 0 root 0 comm 0x5fe82b3b4dc0 [nranks=8] stream 0x5fe828878df0
h200-bar-200-075:1342114:1342114 [7] NCCL INFO AllReduce: opCount 0 sendbuff 0x72ff1c800000 recvbuff 0x72ff1c800000 count 262144 datatype 7 op 0 root 0 comm 0x5fe82b4e08b0 [nranks=8] stream 0x5fe8293cf1e0
h200-bar-200-075:1342114:1342114 [7] NCCL INFO AllReduce: opCount 0 sendbuff 0x72ff1ce00000 recvbuff 0x72ff1ce00000 count 262144 datatype 7 op 0 root 0 comm 0x5fe82b60c3c0 [nranks=8] stream 0x5fe82a087200
h200-bar-200-075:1342114:1342114 [7] NCCL INFO AllReduce: opCount 0 sendbuff 0x72ff1d400000 recvbuff 0x72ff1d400000 count 262144 datatype 7 op 0 root 0 comm 0x5fe82b737ed0 [nranks=8] stream 0x5fe82ab82bc0
h200-bar-200-075:1342114:1342114 [0] NCCL INFO AllReduce: 1048576 Bytes -> Algo RING proto LL channel{Lo..Hi}={0..23}
h200-bar-200-075:1342114:1342114 [7] NCCL INFO AllReduce: opCount 0 sendbuff 0x72ff1aa00000 recvbuff 0x72ff1aa00000 count 262144 datatype 7 op 0 root 0 comm 0x5fe82af13220 [nranks=8] stream 0x5fe825d10e00
h200-bar-200-075:1342114:1342114 [7] NCCL INFO AllReduce: opCount 0 sendbuff 0x72ff1b000000 recvbuff 0x72ff1b000000 count 262144 datatype 7 op 0 root 0 comm 0x5fe82b0380a0 [nranks=8] stream 0x5fe826598e70
h200-bar-200-075:1342114:1342114 [7] NCCL INFO AllReduce: opCount 0 sendbuff 0x72ff1b600000 recvbuff 0x72ff1b600000 count 262144 datatype 7 op 0 root 0 comm 0x5fe82b15d9a0 [nranks=8] stream 0x5fe8271a4b90
h200-bar-200-075:1342114:1342114 [7] NCCL INFO AllReduce: opCount 0 sendbuff 0x72ff1bc00000 recvbuff 0x72ff1bc00000 count 262144 datatype 7 op 0 root 0 comm 0x5fe82b2892f0 [nranks=8] stream 0x5fe827cff640
h200-bar-200-075:1342114:1342114 [7] NCCL INFO AllReduce: opCount 0 sendbuff 0x72ff1c200000 recvbuff 0x72ff1c200000 count 262144 datatype 7 op 0 root 0 comm 0x5fe82b3b4dc0 [nranks=8] stream 0x5fe828878df0
h200-bar-200-075:1342114:1342114 [7] NCCL INFO AllReduce: opCount 0 sendbuff 0x72ff1c800000 recvbuff 0x72ff1c800000 count 262144 datatype 7 op 0 root 0 comm 0x5fe82b4e08b0 [nranks=8] stream 0x5fe8293cf1e0
h200-bar-200-075:1342114:1342114 [7] NCCL INFO AllReduce: opCount 0 sendbuff 0x72ff1ce00000 recvbuff 0x72ff1ce00000 count 262144 datatype 7 op 0 root 0 comm 0x5fe82b60c3c0 [nranks=8] stream 0x5fe82a087200
h200-bar-200-075:1342114:1342114 [7] NCCL INFO AllReduce: opCount 0 sendbuff 0x72ff1d400000 recvbuff 0x72ff1d400000 count 262144 datatype 7 op 0 root 0 comm 0x5fe82b737ed0 [nranks=8] stream 0x5fe82ab82bc0
h200-bar-200-075:1342114:1342114 [0] NCCL INFO AllReduce: 1048576 Bytes -> Algo RING proto LL channel{Lo..Hi}={0..23}
    58.93   17.79   31.14       0
# Out of bounds values : 0 OK
# Avg bus bandwidth    : 10.736 
#
# Collective test concluded: all_reduce_perf
#

