# nccl-tests version 2.18.3 nccl-headers=23004 nccl-library=23004
# Collective test starting: all_reduce_perf
# nThread 1 nGpus 8 minBytes 4 maxBytes 33554432 step: 32(factor) warmup iters: 1 iters: 2 agg iters: 1 validation: 1 graph: 0 unalign: 0
#
# Using devices
#  Rank  0 Group  0 Pid 1034496 on h200-bar-202-129 device  0 [0000:19:00] NVIDIA H200
#  Rank  1 Group  0 Pid 1034496 on h200-bar-202-129 device  1 [0000:2d:00] NVIDIA H200
#  Rank  2 Group  0 Pid 1034496 on h200-bar-202-129 device  2 [0000:3f:00] NVIDIA H200
#  Rank  3 Group  0 Pid 1034496 on h200-bar-202-129 device  3 [0000:66:00] NVIDIA H200
#  Rank  4 Group  0 Pid 1034496 on h200-bar-202-129 device  4 [0000:9b:00] NVIDIA H200
#  Rank  5 Group  0 Pid 1034496 on h200-bar-202-129 device  5 [0000:ae:00] NVIDIA H200
#  Rank  6 Group  0 Pid 1034496 on h200-bar-202-129 device  6 [0000:bf:00] NVIDIA H200
#  Rank  7 Group  0 Pid 1034496 on h200-bar-202-129 device  7 [0000:e4:00] NVIDIA H200
h200-bar-202-129:1034496:1034496 [0] NCCL INFO NCCL version 2.30.4+cuda13.2
h200-bar-202-129:1034496:1034496 [0] NCCL INFO NCCL git version HEAD 747384637
h200-bar-202-129:1034496:1034759 [3] NCCL INFO TUNER/Plugin: Could not find: libnccl-tuner.so
h200-bar-202-129:1034496:1034756 [0] NCCL INFO   Algorithm   |                            Tree                  |                            Ring                  |                   CollNetDirect                  |
h200-bar-202-129:1034496:1034756 [0] NCCL INFO   Protocol    |             LL |          LL128 |         Simple |             LL |          LL128 |         Simple |             LL |          LL128 |         Simple |
h200-bar-202-129:1034496:1034756 [0] NCCL INFO  Max NThreads |            512 |            640 |            512 |            512 |            640 |            512 |              0 |              0 |            640 |
h200-bar-202-129:1034496:1034756 [0] NCCL INFO     Broadcast |     0.0/   0.0 |     0.0/   0.0 |     0.0/   0.0 |     7.2/ 141.0 |    15.9/ 331.2 |    11.8/ 360.0 |     0.0/   0.0 |     0.0/   0.0 |     0.0/   0.0 |
h200-bar-202-129:1034496:1034756 [0] NCCL INFO        Reduce |     0.0/   0.0 |     0.0/   0.0 |     0.0/   0.0 |     7.2/ 141.0 |    15.9/ 331.2 |    11.8/ 360.0 |     0.0/   0.0 |     0.0/   0.0 |     0.0/   0.0 |
h200-bar-202-129:1034496:1034756 [0] NCCL INFO     AllGather |     0.0/   0.0 |     0.0/   0.0 |     0.0/   0.0 |    10.8/ 161.1 |    27.3/ 378.5 |    32.2/ 411.4 |     5.6/   0.0 |     5.6/   0.0 |    44.0/   0.0 |
h200-bar-202-129:1034496:1034756 [0] NCCL INFO ReduceScatter |     0.0/   0.0 |     0.0/   0.0 |     0.0/   0.0 |    10.8/ 161.1 |    27.3/ 378.5 |    32.2/ 411.4 |     5.6/   0.0 |     5.6/   0.0 |    44.0/   0.0 |
h200-bar-202-129:1034496:1034756 [0] NCCL INFO     AllReduce |    15.2/  43.6 |    31.5/ 128.8 |    64.4/ 165.6 |    15.0/  80.6 |    40.6/ 189.3 |    56.0/ 205.7 |     5.6/   0.0 |     5.6/   0.0 |    44.0/   0.0 |
h200-bar-202-129:1034496:1034756 [0] NCCL INFO   Algorithm   |                    CollNetChain                  |                            NVLS                  |                        NVLSTree                  |
h200-bar-202-129:1034496:1034756 [0] NCCL INFO   Protocol    |             LL |          LL128 |         Simple |             LL |          LL128 |         Simple |             LL |          LL128 |         Simple |
h200-bar-202-129:1034496:1034756 [0] NCCL INFO  Max NThreads |              0 |              0 |            640 |              0 |              0 |            640 |              0 |              0 |            640 |
h200-bar-202-129:1034496:1034756 [0] NCCL INFO     Broadcast |     0.0/   0.0 |     0.0/   0.0 |     0.0/   0.0 |     0.0/   0.0 |     0.0/   0.0 |     0.0/   0.0 |     0.0/   0.0 |     0.0/   0.0 |     0.0/   0.0 |
h200-bar-202-129:1034496:1034756 [0] NCCL INFO        Reduce |     0.0/   0.0 |     0.0/   0.0 |     0.0/   0.0 |     0.0/   0.0 |     0.0/   0.0 |     0.0/   0.0 |     0.0/   0.0 |     0.0/   0.0 |     0.0/   0.0 |
h200-bar-202-129:1034496:1034756 [0] NCCL INFO     AllGather |     0.0/   0.0 |     0.0/   0.0 |     0.0/   0.0 |     0.0/   0.0 |     0.0/   0.0 |    25.0/ 208.2 |     0.0/   0.0 |     0.0/   0.0 |     0.0/   0.0 |
h200-bar-202-129:1034496:1034756 [0] NCCL INFO ReduceScatter |     0.0/   0.0 |     0.0/   0.0 |     0.0/   0.0 |     0.0/   0.0 |     0.0/   0.0 |    25.0/ 208.2 |     0.0/   0.0 |     0.0/   0.0 |     0.0/   0.0 |
h200-bar-202-129:1034496:1034756 [0] NCCL INFO     AllReduce |     0.0/   0.0 |     0.0/   0.0 |    69.2/   0.0 |     0.0/   0.0 |     0.0/   0.0 |    25.0/ 272.0 |     0.0/   0.0 |     0.0/   0.0 |    25.0/   0.0 |
h200-bar-202-129:1034496:1034756 [0] NCCL INFO   Algorithm   |                             PAT                  |
h200-bar-202-129:1034496:1034756 [0] NCCL INFO   Protocol    |             LL |          LL128 |         Simple |             LL |          LL128 |         Simple |             LL |          LL128 |         Simple |
h200-bar-202-129:1034496:1034756 [0] NCCL INFO  Max NThreads |              0 |              0 |              0 |
h200-bar-202-129:1034496:1034756 [0] NCCL INFO     Broadcast |     0.0/   0.0 |     0.0/   0.0 |     0.0/   0.0 |
h200-bar-202-129:1034496:1034756 [0] NCCL INFO        Reduce |     0.0/   0.0 |     0.0/   0.0 |     0.0/   0.0 |
h200-bar-202-129:1034496:1034756 [0] NCCL INFO     AllGather |     0.0/   0.0 |     0.0/   0.0 |     0.0/   0.0 |
h200-bar-202-129:1034496:1034756 [0] NCCL INFO ReduceScatter |     0.0/   0.0 |     0.0/   0.0 |     0.0/   0.0 |
h200-bar-202-129:1034496:1034756 [0] NCCL INFO     AllReduce |     0.0/   0.0 |     0.0/   0.0 |     0.0/   0.0 |
#
#                                                              out-of-place                       in-place          
#       size         count      type   redop    root     time   algbw   busbw  #wrong     time   algbw   busbw  #wrong 
#        (B)    (elements)                               (us)  (GB/s)  (GB/s)             (us)  (GB/s)  (GB/s)         
h200-bar-202-129:1034496:1034496 [0] NCCL INFO AllReduce: opCount 0 sendbuff 0x78321a400000 recvbuff 0x78321c400000 count 1 datatype 7 op 0 root 0 comm 0x5f82e1a8a400 [nranks=8] stream 0x5f82dc888230
h200-bar-202-129:1034496:1034496 [0] NCCL INFO AllReduce: opCount 0 sendbuff 0x783235a00000 recvbuff 0x783237a00000 count 1 datatype 7 op 0 root 0 comm 0x5f82e1baf280 [nranks=8] stream 0x5f82dd1c0370
h200-bar-202-129:1034496:1034496 [0] NCCL INFO AllReduce: opCount 0 sendbuff 0x78323ba00000 recvbuff 0x78323da00000 count 1 datatype 7 op 0 root 0 comm 0x5f82e1cd4730 [nranks=8] stream 0x5f82ddc55ba0
h200-bar-202-129:1034496:1034496 [0] NCCL INFO AllReduce: opCount 0 sendbuff 0x783241a00000 recvbuff 0x783243a00000 count 1 datatype 7 op 0 root 0 comm 0x5f82e1e00160 [nranks=8] stream 0x5f82de8d53f0
h200-bar-202-129:1034496:1034496 [0] NCCL INFO AllReduce: opCount 0 sendbuff 0x783247a00000 recvbuff 0x783259c00000 count 1 datatype 7 op 0 root 0 comm 0x5f82e1f2bc30 [nranks=8] stream 0x5f82df441580
h200-bar-202-129:1034496:1034496 [0] NCCL INFO AllReduce: opCount 0 sendbuff 0x78325dc00000 recvbuff 0x78325fc00000 count 1 datatype 7 op 0 root 0 comm 0x5f82e2057720 [nranks=8] stream 0x5f82e004fd30
h200-bar-202-129:1034496:1034496 [0] NCCL INFO AllReduce: opCount 0 sendbuff 0x783263c00000 recvbuff 0x783265c00000 count 1 datatype 7 op 0 root 0 comm 0x5f82e2183230 [nranks=8] stream 0x5f82e0bfe400
h200-bar-202-129:1034496:1034496 [0] NCCL INFO AllReduce: opCount 0 sendbuff 0x783269c00000 recvbuff 0x78326bc00000 count 1 datatype 7 op 0 root 0 comm 0x5f82e22aed40 [nranks=8] stream 0x5f82e16f9da0
h200-bar-202-129:1034496:1034496 [0] NCCL INFO AllReduce: 4 Bytes -> Algo RING proto LL channel{Lo..Hi}={0..0}
h200-bar-202-129:1034496:1034496 [0] NCCL INFO AllReduce: opCount 0 sendbuff 0x78321a400000 recvbuff 0x78321c400000 count 2 datatype 7 op 0 root 0 comm 0x5f82e1a8a400 [nranks=8] stream 0x5f82dc888230
h200-bar-202-129:1034496:1034496 [0] NCCL INFO AllReduce: opCount 0 sendbuff 0x783235a00000 recvbuff 0x783237a00000 count 2 datatype 7 op 0 root 0 comm 0x5f82e1baf280 [nranks=8] stream 0x5f82dd1c0370
h200-bar-202-129:1034496:1034496 [0] NCCL INFO AllReduce: opCount 0 sendbuff 0x78323ba00000 recvbuff 0x78323da00000 count 2 datatype 7 op 0 root 0 comm 0x5f82e1cd4730 [nranks=8] stream 0x5f82ddc55ba0
h200-bar-202-129:1034496:1034496 [0] NCCL INFO AllReduce: opCount 0 sendbuff 0x783241a00000 recvbuff 0x783243a00000 count 2 datatype 7 op 0 root 0 comm 0x5f82e1e00160 [nranks=8] stream 0x5f82de8d53f0
h200-bar-202-129:1034496:1034496 [0] NCCL INFO AllReduce: opCount 0 sendbuff 0x783247a00000 recvbuff 0x783259c00000 count 2 datatype 7 op 0 root 0 comm 0x5f82e1f2bc30 [nranks=8] stream 0x5f82df441580
h200-bar-202-129:1034496:1034496 [0] NCCL INFO AllReduce: opCount 0 sendbuff 0x78325dc00000 recvbuff 0x78325fc00000 count 2 datatype 7 op 0 root 0 comm 0x5f82e2057720 [nranks=8] stream 0x5f82e004fd30
h200-bar-202-129:1034496:1034496 [0] NCCL INFO AllReduce: opCount 0 sendbuff 0x783263c00000 recvbuff 0x783265c00000 count 2 datatype 7 op 0 root 0 comm 0x5f82e2183230 [nranks=8] stream 0x5f82e0bfe400
h200-bar-202-129:1034496:1034496 [0] NCCL INFO AllReduce: opCount 0 sendbuff 0x783269c00000 recvbuff 0x78326bc00000 count 2 datatype 7 op 0 root 0 comm 0x5f82e22aed40 [nranks=8] stream 0x5f82e16f9da0
h200-bar-202-129:1034496:1034496 [0] NCCL INFO AllReduce: 8 Bytes -> Algo RING proto LL channel{Lo..Hi}={0..0}
h200-bar-202-129:1034496:1034496 [0] NCCL INFO AllReduce: opCount 0 sendbuff 0x78321a400000 recvbuff 0x78321c400000 count 4 datatype 7 op 0 root 0 comm 0x5f82e1a8a400 [nranks=8] stream 0x5f82dc888230
h200-bar-202-129:1034496:1034496 [0] NCCL INFO AllReduce: opCount 0 sendbuff 0x783235a00000 recvbuff 0x783237a00000 count 4 datatype 7 op 0 root 0 comm 0x5f82e1baf280 [nranks=8] stream 0x5f82dd1c0370
h200-bar-202-129:1034496:1034496 [0] NCCL INFO AllReduce: opCount 0 sendbuff 0x78323ba00000 recvbuff 0x78323da00000 count 4 datatype 7 op 0 root 0 comm 0x5f82e1cd4730 [nranks=8] stream 0x5f82ddc55ba0
h200-bar-202-129:1034496:1034496 [0] NCCL INFO AllReduce: opCount 0 sendbuff 0x783241a00000 recvbuff 0x783243a00000 count 4 datatype 7 op 0 root 0 comm 0x5f82e1e00160 [nranks=8] stream 0x5f82de8d53f0
h200-bar-202-129:1034496:1034496 [0] NCCL INFO AllReduce: opCount 0 sendbuff 0x783247a00000 recvbuff 0x783259c00000 count 4 datatype 7 op 0 root 0 comm 0x5f82e1f2bc30 [nranks=8] stream 0x5f82df441580
h200-bar-202-129:1034496:1034496 [0] NCCL INFO AllReduce: opCount 0 sendbuff 0x78325dc00000 recvbuff 0x78325fc00000 count 4 datatype 7 op 0 root 0 comm 0x5f82e2057720 [nranks=8] stream 0x5f82e004fd30
h200-bar-202-129:1034496:1034496 [0] NCCL INFO AllReduce: opCount 0 sendbuff 0x783263c00000 recvbuff 0x783265c00000 count 4 datatype 7 op 0 root 0 comm 0x5f82e2183230 [nranks=8] stream 0x5f82e0bfe400
h200-bar-202-129:1034496:1034496 [0] NCCL INFO AllReduce: opCount 0 sendbuff 0x783269c00000 recvbuff 0x78326bc00000 count 4 datatype 7 op 0 root 0 comm 0x5f82e22aed40 [nranks=8] stream 0x5f82e16f9da0
h200-bar-202-129:1034496:1034496 [0] NCCL INFO AllReduce: 16 Bytes -> Algo RING proto LL channel{Lo..Hi}={0..0}
h200-bar-202-129:1034496:1034496 [0] NCCL INFO AllReduce: opCount 0 sendbuff 0x78321a400000 recvbuff 0x78321c400000 count 8 datatype 7 op 0 root 0 comm 0x5f82e1a8a400 [nranks=8] stream 0x5f82dc888230
h200-bar-202-129:1034496:1034496 [0] NCCL INFO AllReduce: opCount 0 sendbuff 0x783235a00000 recvbuff 0x783237a00000 count 8 datatype 7 op 0 root 0 comm 0x5f82e1baf280 [nranks=8] stream 0x5f82dd1c0370
h200-bar-202-129:1034496:1034496 [0] NCCL INFO AllReduce: opCount 0 sendbuff 0x78323ba00000 recvbuff 0x78323da00000 count 8 datatype 7 op 0 root 0 comm 0x5f82e1cd4730 [nranks=8] stream 0x5f82ddc55ba0
h200-bar-202-129:1034496:1034496 [0] NCCL INFO AllReduce: opCount 0 sendbuff 0x783241a00000 recvbuff 0x783243a00000 count 8 datatype 7 op 0 root 0 comm 0x5f82e1e00160 [nranks=8] stream 0x5f82de8d53f0
h200-bar-202-129:1034496:1034496 [0] NCCL INFO AllReduce: opCount 0 sendbuff 0x783247a00000 recvbuff 0x783259c00000 count 8 datatype 7 op 0 root 0 comm 0x5f82e1f2bc30 [nranks=8] stream 0x5f82df441580
h200-bar-202-129:1034496:1034496 [0] NCCL INFO AllReduce: opCount 0 sendbuff 0x78325dc00000 recvbuff 0x78325fc00000 count 8 datatype 7 op 0 root 0 comm 0x5f82e2057720 [nranks=8] stream 0x5f82e004fd30
h200-bar-202-129:1034496:1034496 [0] NCCL INFO AllReduce: opCount 0 sendbuff 0x783263c00000 recvbuff 0x783265c00000 count 8 datatype 7 op 0 root 0 comm 0x5f82e2183230 [nranks=8] stream 0x5f82e0bfe400
h200-bar-202-129:1034496:1034496 [0] NCCL INFO AllReduce: opCount 0 sendbuff 0x783269c00000 recvbuff 0x78326bc00000 count 8 datatype 7 op 0 root 0 comm 0x5f82e22aed40 [nranks=8] stream 0x5f82e16f9da0
h200-bar-202-129:1034496:1034496 [0] NCCL INFO AllReduce: 32 Bytes -> Algo RING proto LL channel{Lo..Hi}={0..0}
h200-bar-202-129:1034496:1034496 [0] NCCL INFO AllReduce: opCount 0 sendbuff 0x78321a400000 recvbuff 0x78321c400000 count 16 datatype 7 op 0 root 0 comm 0x5f82e1a8a400 [nranks=8] stream 0x5f82dc888230
h200-bar-202-129:1034496:1034496 [0] NCCL INFO AllReduce: opCount 0 sendbuff 0x783235a00000 recvbuff 0x783237a00000 count 16 datatype 7 op 0 root 0 comm 0x5f82e1baf280 [nranks=8] stream 0x5f82dd1c0370
h200-bar-202-129:1034496:1034496 [0] NCCL INFO AllReduce: opCount 0 sendbuff 0x78323ba00000 recvbuff 0x78323da00000 count 16 datatype 7 op 0 root 0 comm 0x5f82e1cd4730 [nranks=8] stream 0x5f82ddc55ba0
h200-bar-202-129:1034496:1034496 [0] NCCL INFO AllReduce: opCount 0 sendbuff 0x783241a00000 recvbuff 0x783243a00000 count 16 datatype 7 op 0 root 0 comm 0x5f82e1e00160 [nranks=8] stream 0x5f82de8d53f0
h200-bar-202-129:1034496:1034496 [0] NCCL INFO AllReduce: opCount 0 sendbuff 0x783247a00000 recvbuff 0x783259c00000 count 16 datatype 7 op 0 root 0 comm 0x5f82e1f2bc30 [nranks=8] stream 0x5f82df441580
h200-bar-202-129:1034496:1034496 [0] NCCL INFO AllReduce: opCount 0 sendbuff 0x78325dc00000 recvbuff 0x78325fc00000 count 16 datatype 7 op 0 root 0 comm 0x5f82e2057720 [nranks=8] stream 0x5f82e004fd30
h200-bar-202-129:1034496:1034496 [0] NCCL INFO AllReduce: opCount 0 sendbuff 0x783263c00000 recvbuff 0x783265c00000 count 16 datatype 7 op 0 root 0 comm 0x5f82e2183230 [nranks=8] stream 0x5f82e0bfe400
h200-bar-202-129:1034496:1034496 [0] NCCL INFO AllReduce: opCount 0 sendbuff 0x783269c00000 recvbuff 0x78326bc00000 count 16 datatype 7 op 0 root 0 comm 0x5f82e22aed40 [nranks=8] stream 0x5f82e16f9da0
h200-bar-202-129:1034496:1034496 [0] NCCL INFO AllReduce: 64 Bytes -> Algo RING proto LL channel{Lo..Hi}={0..0}
h200-bar-202-129:1034496:1034496 [0] NCCL INFO AllReduce: opCount 0 sendbuff 0x78321a400000 recvbuff 0x78321c400000 count 32 datatype 7 op 0 root 0 comm 0x5f82e1a8a400 [nranks=8] stream 0x5f82dc888230
h200-bar-202-129:1034496:1034496 [0] NCCL INFO AllReduce: opCount 0 sendbuff 0x783235a00000 recvbuff 0x783237a00000 count 32 datatype 7 op 0 root 0 comm 0x5f82e1baf280 [nranks=8] stream 0x5f82dd1c0370
h200-bar-202-129:1034496:1034496 [0] NCCL INFO AllReduce: opCount 0 sendbuff 0x78323ba00000 recvbuff 0x78323da00000 count 32 datatype 7 op 0 root 0 comm 0x5f82e1cd4730 [nranks=8] stream 0x5f82ddc55ba0
h200-bar-202-129:1034496:1034496 [0] NCCL INFO AllReduce: opCount 0 sendbuff 0x783241a00000 recvbuff 0x783243a00000 count 32 datatype 7 op 0 root 0 comm 0x5f82e1e00160 [nranks=8] stream 0x5f82de8d53f0
h200-bar-202-129:1034496:1034496 [0] NCCL INFO AllReduce: opCount 0 sendbuff 0x783247a00000 recvbuff 0x783259c00000 count 32 datatype 7 op 0 root 0 comm 0x5f82e1f2bc30 [nranks=8] stream 0x5f82df441580
h200-bar-202-129:1034496:1034496 [0] NCCL INFO AllReduce: opCount 0 sendbuff 0x78325dc00000 recvbuff 0x78325fc00000 count 32 datatype 7 op 0 root 0 comm 0x5f82e2057720 [nranks=8] stream 0x5f82e004fd30
h200-bar-202-129:1034496:1034496 [0] NCCL INFO AllReduce: opCount 0 sendbuff 0x783263c00000 recvbuff 0x783265c00000 count 32 datatype 7 op 0 root 0 comm 0x5f82e2183230 [nranks=8] stream 0x5f82e0bfe400
h200-bar-202-129:1034496:1034496 [0] NCCL INFO AllReduce: opCount 0 sendbuff 0x783269c00000 recvbuff 0x78326bc00000 count 32 datatype 7 op 0 root 0 comm 0x5f82e22aed40 [nranks=8] stream 0x5f82e16f9da0
h200-bar-202-129:1034496:1034496 [0] NCCL INFO AllReduce: 128 Bytes -> Algo RING proto LL channel{Lo..Hi}={0..0}
h200-bar-202-129:1034496:1034496 [0] NCCL INFO AllReduce: opCount 0 sendbuff 0x78321a400000 recvbuff 0x78321c400000 count 64 datatype 7 op 0 root 0 comm 0x5f82e1a8a400 [nranks=8] stream 0x5f82dc888230
h200-bar-202-129:1034496:1034496 [0] NCCL INFO AllReduce: opCount 0 sendbuff 0x783235a00000 recvbuff 0x783237a00000 count 64 datatype 7 op 0 root 0 comm 0x5f82e1baf280 [nranks=8] stream 0x5f82dd1c0370
h200-bar-202-129:1034496:1034496 [0] NCCL INFO AllReduce: opCount 0 sendbuff 0x78323ba00000 recvbuff 0x78323da00000 count 64 datatype 7 op 0 root 0 comm 0x5f82e1cd4730 [nranks=8] stream 0x5f82ddc55ba0
h200-bar-202-129:1034496:1034496 [0] NCCL INFO AllReduce: opCount 0 sendbuff 0x783241a00000 recvbuff 0x783243a00000 count 64 datatype 7 op 0 root 0 comm 0x5f82e1e00160 [nranks=8] stream 0x5f82de8d53f0
h200-bar-202-129:1034496:1034496 [0] NCCL INFO AllReduce: opCount 0 sendbuff 0x783247a00000 recvbuff 0x783259c00000 count 64 datatype 7 op 0 root 0 comm 0x5f82e1f2bc30 [nranks=8] stream 0x5f82df441580
h200-bar-202-129:1034496:1034496 [0] NCCL INFO AllReduce: opCount 0 sendbuff 0x78325dc00000 recvbuff 0x78325fc00000 count 64 datatype 7 op 0 root 0 comm 0x5f82e2057720 [nranks=8] stream 0x5f82e004fd30
h200-bar-202-129:1034496:1034496 [0] NCCL INFO AllReduce: opCount 0 sendbuff 0x783263c00000 recvbuff 0x783265c00000 count 64 datatype 7 op 0 root 0 comm 0x5f82e2183230 [nranks=8] stream 0x5f82e0bfe400
h200-bar-202-129:1034496:1034496 [0] NCCL INFO AllReduce: opCount 0 sendbuff 0x783269c00000 recvbuff 0x78326bc00000 count 64 datatype 7 op 0 root 0 comm 0x5f82e22aed40 [nranks=8] stream 0x5f82e16f9da0
h200-bar-202-129:1034496:1034496 [0] NCCL INFO AllReduce: 256 Bytes -> Algo RING proto LL channel{Lo..Hi}={0..0}
h200-bar-202-129:1034496:1034496 [0] NCCL INFO AllReduce: opCount 0 sendbuff 0x78321a400000 recvbuff 0x78321c400000 count 128 datatype 7 op 0 root 0 comm 0x5f82e1a8a400 [nranks=8] stream 0x5f82dc888230
h200-bar-202-129:1034496:1034496 [0] NCCL INFO AllReduce: opCount 0 sendbuff 0x783235a00000 recvbuff 0x783237a00000 count 128 datatype 7 op 0 root 0 comm 0x5f82e1baf280 [nranks=8] stream 0x5f82dd1c0370
h200-bar-202-129:1034496:1034496 [0] NCCL INFO AllReduce: opCount 0 sendbuff 0x78323ba00000 recvbuff 0x78323da00000 count 128 datatype 7 op 0 root 0 comm 0x5f82e1cd4730 [nranks=8] stream 0x5f82ddc55ba0
h200-bar-202-129:1034496:1034496 [0] NCCL INFO AllReduce: opCount 0 sendbuff 0x783241a00000 recvbuff 0x783243a00000 count 128 datatype 7 op 0 root 0 comm 0x5f82e1e00160 [nranks=8] stream 0x5f82de8d53f0
h200-bar-202-129:1034496:1034496 [0] NCCL INFO AllReduce: opCount 0 sendbuff 0x783247a00000 recvbuff 0x783259c00000 count 128 datatype 7 op 0 root 0 comm 0x5f82e1f2bc30 [nranks=8] stream 0x5f82df441580
h200-bar-202-129:1034496:1034496 [0] NCCL INFO AllReduce: opCount 0 sendbuff 0x78325dc00000 recvbuff 0x78325fc00000 count 128 datatype 7 op 0 root 0 comm 0x5f82e2057720 [nranks=8] stream 0x5f82e004fd30
h200-bar-202-129:1034496:1034496 [0] NCCL INFO AllReduce: opCount 0 sendbuff 0x783263c00000 recvbuff 0x783265c00000 count 128 datatype 7 op 0 root 0 comm 0x5f82e2183230 [nranks=8] stream 0x5f82e0bfe400
h200-bar-202-129:1034496:1034496 [0] NCCL INFO AllReduce: opCount 0 sendbuff 0x783269c00000 recvbuff 0x78326bc00000 count 128 datatype 7 op 0 root 0 comm 0x5f82e22aed40 [nranks=8] stream 0x5f82e16f9da0
h200-bar-202-129:1034496:1034496 [0] NCCL INFO AllReduce: 512 Bytes -> Algo RING proto LL channel{Lo..Hi}={0..0}
h200-bar-202-129:1034496:1034496 [0] NCCL INFO AllReduce: opCount 0 sendbuff 0x78321a400000 recvbuff 0x78321c400000 count 256 datatype 7 op 0 root 0 comm 0x5f82e1a8a400 [nranks=8] stream 0x5f82dc888230
h200-bar-202-129:1034496:1034496 [0] NCCL INFO AllReduce: opCount 0 sendbuff 0x783235a00000 recvbuff 0x783237a00000 count 256 datatype 7 op 0 root 0 comm 0x5f82e1baf280 [nranks=8] stream 0x5f82dd1c0370
h200-bar-202-129:1034496:1034496 [0] NCCL INFO AllReduce: opCount 0 sendbuff 0x78323ba00000 recvbuff 0x78323da00000 count 256 datatype 7 op 0 root 0 comm 0x5f82e1cd4730 [nranks=8] stream 0x5f82ddc55ba0
h200-bar-202-129:1034496:1034496 [0] NCCL INFO AllReduce: opCount 0 sendbuff 0x783241a00000 recvbuff 0x783243a00000 count 256 datatype 7 op 0 root 0 comm 0x5f82e1e00160 [nranks=8] stream 0x5f82de8d53f0
h200-bar-202-129:1034496:1034496 [0] NCCL INFO AllReduce: opCount 0 sendbuff 0x783247a00000 recvbuff 0x783259c00000 count 256 datatype 7 op 0 root 0 comm 0x5f82e1f2bc30 [nranks=8] stream 0x5f82df441580
h200-bar-202-129:1034496:1034496 [0] NCCL INFO AllReduce: opCount 0 sendbuff 0x78325dc00000 recvbuff 0x78325fc00000 count 256 datatype 7 op 0 root 0 comm 0x5f82e2057720 [nranks=8] stream 0x5f82e004fd30
h200-bar-202-129:1034496:1034496 [0] NCCL INFO AllReduce: opCount 0 sendbuff 0x783263c00000 recvbuff 0x783265c00000 count 256 datatype 7 op 0 root 0 comm 0x5f82e2183230 [nranks=8] stream 0x5f82e0bfe400
h200-bar-202-129:1034496:1034496 [0] NCCL INFO AllReduce: opCount 0 sendbuff 0x783269c00000 recvbuff 0x78326bc00000 count 256 datatype 7 op 0 root 0 comm 0x5f82e22aed40 [nranks=8] stream 0x5f82e16f9da0
h200-bar-202-129:1034496:1034496 [0] NCCL INFO AllReduce: 1024 Bytes -> Algo RING proto LL channel{Lo..Hi}={0..0}
h200-bar-202-129:1034496:1034496 [0] NCCL INFO AllReduce: opCount 0 sendbuff 0x78321a400000 recvbuff 0x78321c400000 count 512 datatype 7 op 0 root 0 comm 0x5f82e1a8a400 [nranks=8] stream 0x5f82dc888230
h200-bar-202-129:1034496:1034496 [0] NCCL INFO AllReduce: opCount 0 sendbuff 0x783235a00000 recvbuff 0x783237a00000 count 512 datatype 7 op 0 root 0 comm 0x5f82e1baf280 [nranks=8] stream 0x5f82dd1c0370
h200-bar-202-129:1034496:1034496 [0] NCCL INFO AllReduce: opCount 0 sendbuff 0x78323ba00000 recvbuff 0x78323da00000 count 512 datatype 7 op 0 root 0 comm 0x5f82e1cd4730 [nranks=8] stream 0x5f82ddc55ba0
h200-bar-202-129:1034496:1034496 [0] NCCL INFO AllReduce: opCount 0 sendbuff 0x783241a00000 recvbuff 0x783243a00000 count 512 datatype 7 op 0 root 0 comm 0x5f82e1e00160 [nranks=8] stream 0x5f82de8d53f0
h200-bar-202-129:1034496:1034496 [0] NCCL INFO AllReduce: opCount 0 sendbuff 0x783247a00000 recvbuff 0x783259c00000 count 512 datatype 7 op 0 root 0 comm 0x5f82e1f2bc30 [nranks=8] stream 0x5f82df441580
h200-bar-202-129:1034496:1034496 [0] NCCL INFO AllReduce: opCount 0 sendbuff 0x78325dc00000 recvbuff 0x78325fc00000 count 512 datatype 7 op 0 root 0 comm 0x5f82e2057720 [nranks=8] stream 0x5f82e004fd30
h200-bar-202-129:1034496:1034496 [0] NCCL INFO AllReduce: opCount 0 sendbuff 0x783263c00000 recvbuff 0x783265c00000 count 512 datatype 7 op 0 root 0 comm 0x5f82e2183230 [nranks=8] stream 0x5f82e0bfe400
h200-bar-202-129:1034496:1034496 [0] NCCL INFO AllReduce: opCount 0 sendbuff 0x783269c00000 recvbuff 0x78326bc00000 count 512 datatype 7 op 0 root 0 comm 0x5f82e22aed40 [nranks=8] stream 0x5f82e16f9da0
h200-bar-202-129:1034496:1034496 [0] NCCL INFO AllReduce: 2048 Bytes -> Algo RING proto LL channel{Lo..Hi}={0..0}
h200-bar-202-129:1034496:1034496 [0] NCCL INFO AllReduce: opCount 0 sendbuff 0x78321a400000 recvbuff 0x78321c400000 count 1024 datatype 7 op 0 root 0 comm 0x5f82e1a8a400 [nranks=8] stream 0x5f82dc888230
h200-bar-202-129:1034496:1034496 [0] NCCL INFO AllReduce: opCount 0 sendbuff 0x783235a00000 recvbuff 0x783237a00000 count 1024 datatype 7 op 0 root 0 comm 0x5f82e1baf280 [nranks=8] stream 0x5f82dd1c0370
h200-bar-202-129:1034496:1034496 [0] NCCL INFO AllReduce: opCount 0 sendbuff 0x78323ba00000 recvbuff 0x78323da00000 count 1024 datatype 7 op 0 root 0 comm 0x5f82e1cd4730 [nranks=8] stream 0x5f82ddc55ba0
h200-bar-202-129:1034496:1034496 [0] NCCL INFO AllReduce: opCount 0 sendbuff 0x783241a00000 recvbuff 0x783243a00000 count 1024 datatype 7 op 0 root 0 comm 0x5f82e1e00160 [nranks=8] stream 0x5f82de8d53f0
h200-bar-202-129:1034496:1034496 [0] NCCL INFO AllReduce: opCount 0 sendbuff 0x783247a00000 recvbuff 0x783259c00000 count 1024 datatype 7 op 0 root 0 comm 0x5f82e1f2bc30 [nranks=8] stream 0x5f82df441580
h200-bar-202-129:1034496:1034496 [0] NCCL INFO AllReduce: opCount 0 sendbuff 0x78325dc00000 recvbuff 0x78325fc00000 count 1024 datatype 7 op 0 root 0 comm 0x5f82e2057720 [nranks=8] stream 0x5f82e004fd30
h200-bar-202-129:1034496:1034496 [0] NCCL INFO AllReduce: opCount 0 sendbuff 0x783263c00000 recvbuff 0x783265c00000 count 1024 datatype 7 op 0 root 0 comm 0x5f82e2183230 [nranks=8] stream 0x5f82e0bfe400
h200-bar-202-129:1034496:1034496 [0] NCCL INFO AllReduce: opCount 0 sendbuff 0x783269c00000 recvbuff 0x78326bc00000 count 1024 datatype 7 op 0 root 0 comm 0x5f82e22aed40 [nranks=8] stream 0x5f82e16f9da0
h200-bar-202-129:1034496:1034496 [0] NCCL INFO AllReduce: 4096 Bytes -> Algo RING proto LL channel{Lo..Hi}={0..0}
h200-bar-202-129:1034496:1034496 [0] NCCL INFO AllReduce: opCount 0 sendbuff 0x78321a400000 recvbuff 0x78321c400000 count 2048 datatype 7 op 0 root 0 comm 0x5f82e1a8a400 [nranks=8] stream 0x5f82dc888230
h200-bar-202-129:1034496:1034496 [0] NCCL INFO AllReduce: opCount 0 sendbuff 0x783235a00000 recvbuff 0x783237a00000 count 2048 datatype 7 op 0 root 0 comm 0x5f82e1baf280 [nranks=8] stream 0x5f82dd1c0370
h200-bar-202-129:1034496:1034496 [0] NCCL INFO AllReduce: opCount 0 sendbuff 0x78323ba00000 recvbuff 0x78323da00000 count 2048 datatype 7 op 0 root 0 comm 0x5f82e1cd4730 [nranks=8] stream 0x5f82ddc55ba0
h200-bar-202-129:1034496:1034496 [0] NCCL INFO AllReduce: opCount 0 sendbuff 0x783241a00000 recvbuff 0x783243a00000 count 2048 datatype 7 op 0 root 0 comm 0x5f82e1e00160 [nranks=8] stream 0x5f82de8d53f0
h200-bar-202-129:1034496:1034496 [0] NCCL INFO AllReduce: opCount 0 sendbuff 0x783247a00000 recvbuff 0x783259c00000 count 2048 datatype 7 op 0 root 0 comm 0x5f82e1f2bc30 [nranks=8] stream 0x5f82df441580
h200-bar-202-129:1034496:1034496 [0] NCCL INFO AllReduce: opCount 0 sendbuff 0x78325dc00000 recvbuff 0x78325fc00000 count 2048 datatype 7 op 0 root 0 comm 0x5f82e2057720 [nranks=8] stream 0x5f82e004fd30
h200-bar-202-129:1034496:1034496 [0] NCCL INFO AllReduce: opCount 0 sendbuff 0x783263c00000 recvbuff 0x783265c00000 count 2048 datatype 7 op 0 root 0 comm 0x5f82e2183230 [nranks=8] stream 0x5f82e0bfe400
h200-bar-202-129:1034496:1034496 [0] NCCL INFO AllReduce: opCount 0 sendbuff 0x783269c00000 recvbuff 0x78326bc00000 count 2048 datatype 7 op 0 root 0 comm 0x5f82e22aed40 [nranks=8] stream 0x5f82e16f9da0
h200-bar-202-129:1034496:1034496 [0] NCCL INFO AllReduce: 8192 Bytes -> Algo RING proto LL channel{Lo..Hi}={0..0}
h200-bar-202-129:1034496:1034496 [0] NCCL INFO AllReduce: opCount 0 sendbuff 0x78321a400000 recvbuff 0x78321c400000 count 4096 datatype 7 op 0 root 0 comm 0x5f82e1a8a400 [nranks=8] stream 0x5f82dc888230
h200-bar-202-129:1034496:1034496 [0] NCCL INFO AllReduce: opCount 0 sendbuff 0x783235a00000 recvbuff 0x783237a00000 count 4096 datatype 7 op 0 root 0 comm 0x5f82e1baf280 [nranks=8] stream 0x5f82dd1c0370
h200-bar-202-129:1034496:1034496 [0] NCCL INFO AllReduce: opCount 0 sendbuff 0x78323ba00000 recvbuff 0x78323da00000 count 4096 datatype 7 op 0 root 0 comm 0x5f82e1cd4730 [nranks=8] stream 0x5f82ddc55ba0
h200-bar-202-129:1034496:1034496 [0] NCCL INFO AllReduce: opCount 0 sendbuff 0x783241a00000 recvbuff 0x783243a00000 count 4096 datatype 7 op 0 root 0 comm 0x5f82e1e00160 [nranks=8] stream 0x5f82de8d53f0
h200-bar-202-129:1034496:1034496 [0] NCCL INFO AllReduce: opCount 0 sendbuff 0x783247a00000 recvbuff 0x783259c00000 count 4096 datatype 7 op 0 root 0 comm 0x5f82e1f2bc30 [nranks=8] stream 0x5f82df441580
h200-bar-202-129:1034496:1034496 [0] NCCL INFO AllReduce: opCount 0 sendbuff 0x78325dc00000 recvbuff 0x78325fc00000 count 4096 datatype 7 op 0 root 0 comm 0x5f82e2057720 [nranks=8] stream 0x5f82e004fd30
h200-bar-202-129:1034496:1034496 [0] NCCL INFO AllReduce: opCount 0 sendbuff 0x783263c00000 recvbuff 0x783265c00000 count 4096 datatype 7 op 0 root 0 comm 0x5f82e2183230 [nranks=8] stream 0x5f82e0bfe400
h200-bar-202-129:1034496:1034496 [0] NCCL INFO AllReduce: opCount 0 sendbuff 0x783269c00000 recvbuff 0x78326bc00000 count 4096 datatype 7 op 0 root 0 comm 0x5f82e22aed40 [nranks=8] stream 0x5f82e16f9da0
h200-bar-202-129:1034496:1034496 [0] NCCL INFO AllReduce: 16384 Bytes -> Algo RING proto LL channel{Lo..Hi}={0..0}
h200-bar-202-129:1034496:1034496 [0] NCCL INFO AllReduce: opCount 0 sendbuff 0x78321a400000 recvbuff 0x78321c400000 count 8192 datatype 7 op 0 root 0 comm 0x5f82e1a8a400 [nranks=8] stream 0x5f82dc888230
h200-bar-202-129:1034496:1034496 [0] NCCL INFO AllReduce: opCount 0 sendbuff 0x783235a00000 recvbuff 0x783237a00000 count 8192 datatype 7 op 0 root 0 comm 0x5f82e1baf280 [nranks=8] stream 0x5f82dd1c0370
h200-bar-202-129:1034496:1034496 [0] NCCL INFO AllReduce: opCount 0 sendbuff 0x78323ba00000 recvbuff 0x78323da00000 count 8192 datatype 7 op 0 root 0 comm 0x5f82e1cd4730 [nranks=8] stream 0x5f82ddc55ba0
h200-bar-202-129:1034496:1034496 [0] NCCL INFO AllReduce: opCount 0 sendbuff 0x783241a00000 recvbuff 0x783243a00000 count 8192 datatype 7 op 0 root 0 comm 0x5f82e1e00160 [nranks=8] stream 0x5f82de8d53f0
h200-bar-202-129:1034496:1034496 [0] NCCL INFO AllReduce: opCount 0 sendbuff 0x783247a00000 recvbuff 0x783259c00000 count 8192 datatype 7 op 0 root 0 comm 0x5f82e1f2bc30 [nranks=8] stream 0x5f82df441580
h200-bar-202-129:1034496:1034496 [0] NCCL INFO AllReduce: opCount 0 sendbuff 0x78325dc00000 recvbuff 0x78325fc00000 count 8192 datatype 7 op 0 root 0 comm 0x5f82e2057720 [nranks=8] stream 0x5f82e004fd30
h200-bar-202-129:1034496:1034496 [0] NCCL INFO AllReduce: opCount 0 sendbuff 0x783263c00000 recvbuff 0x783265c00000 count 8192 datatype 7 op 0 root 0 comm 0x5f82e2183230 [nranks=8] stream 0x5f82e0bfe400
h200-bar-202-129:1034496:1034496 [0] NCCL INFO AllReduce: opCount 0 sendbuff 0x783269c00000 recvbuff 0x78326bc00000 count 8192 datatype 7 op 0 root 0 comm 0x5f82e22aed40 [nranks=8] stream 0x5f82e16f9da0
h200-bar-202-129:1034496:1034496 [0] NCCL INFO AllReduce: 32768 Bytes -> Algo RING proto LL channel{Lo..Hi}={0..0}
h200-bar-202-129:1034496:1034496 [0] NCCL INFO AllReduce: opCount 0 sendbuff 0x78321a400000 recvbuff 0x78321c400000 count 16384 datatype 7 op 0 root 0 comm 0x5f82e1a8a400 [nranks=8] stream 0x5f82dc888230
h200-bar-202-129:1034496:1034496 [0] NCCL INFO AllReduce: opCount 0 sendbuff 0x783235a00000 recvbuff 0x783237a00000 count 16384 datatype 7 op 0 root 0 comm 0x5f82e1baf280 [nranks=8] stream 0x5f82dd1c0370
h200-bar-202-129:1034496:1034496 [0] NCCL INFO AllReduce: opCount 0 sendbuff 0x78323ba00000 recvbuff 0x78323da00000 count 16384 datatype 7 op 0 root 0 comm 0x5f82e1cd4730 [nranks=8] stream 0x5f82ddc55ba0
h200-bar-202-129:1034496:1034496 [0] NCCL INFO AllReduce: opCount 0 sendbuff 0x783241a00000 recvbuff 0x783243a00000 count 16384 datatype 7 op 0 root 0 comm 0x5f82e1e00160 [nranks=8] stream 0x5f82de8d53f0
h200-bar-202-129:1034496:1034496 [0] NCCL INFO AllReduce: opCount 0 sendbuff 0x783247a00000 recvbuff 0x783259c00000 count 16384 datatype 7 op 0 root 0 comm 0x5f82e1f2bc30 [nranks=8] stream 0x5f82df441580
h200-bar-202-129:1034496:1034496 [0] NCCL INFO AllReduce: opCount 0 sendbuff 0x78325dc00000 recvbuff 0x78325fc00000 count 16384 datatype 7 op 0 root 0 comm 0x5f82e2057720 [nranks=8] stream 0x5f82e004fd30
h200-bar-202-129:1034496:1034496 [0] NCCL INFO AllReduce: opCount 0 sendbuff 0x783263c00000 recvbuff 0x783265c00000 count 16384 datatype 7 op 0 root 0 comm 0x5f82e2183230 [nranks=8] stream 0x5f82e0bfe400
h200-bar-202-129:1034496:1034496 [0] NCCL INFO AllReduce: opCount 0 sendbuff 0x783269c00000 recvbuff 0x78326bc00000 count 16384 datatype 7 op 0 root 0 comm 0x5f82e22aed40 [nranks=8] stream 0x5f82e16f9da0
h200-bar-202-129:1034496:1034496 [0] NCCL INFO AllReduce: 65536 Bytes -> Algo RING proto LL channel{Lo..Hi}={0..1}
h200-bar-202-129:1034496:1034496 [0] NCCL INFO AllReduce: opCount 0 sendbuff 0x78321a400000 recvbuff 0x78321c400000 count 32768 datatype 7 op 0 root 0 comm 0x5f82e1a8a400 [nranks=8] stream 0x5f82dc888230
h200-bar-202-129:1034496:1034496 [0] NCCL INFO AllReduce: opCount 0 sendbuff 0x783235a00000 recvbuff 0x783237a00000 count 32768 datatype 7 op 0 root 0 comm 0x5f82e1baf280 [nranks=8] stream 0x5f82dd1c0370
h200-bar-202-129:1034496:1034496 [0] NCCL INFO AllReduce: opCount 0 sendbuff 0x78323ba00000 recvbuff 0x78323da00000 count 32768 datatype 7 op 0 root 0 comm 0x5f82e1cd4730 [nranks=8] stream 0x5f82ddc55ba0
h200-bar-202-129:1034496:1034496 [0] NCCL INFO AllReduce: opCount 0 sendbuff 0x783241a00000 recvbuff 0x783243a00000 count 32768 datatype 7 op 0 root 0 comm 0x5f82e1e00160 [nranks=8] stream 0x5f82de8d53f0
h200-bar-202-129:1034496:1034496 [0] NCCL INFO AllReduce: opCount 0 sendbuff 0x783247a00000 recvbuff 0x783259c00000 count 32768 datatype 7 op 0 root 0 comm 0x5f82e1f2bc30 [nranks=8] stream 0x5f82df441580
h200-bar-202-129:1034496:1034496 [0] NCCL INFO AllReduce: opCount 0 sendbuff 0x78325dc00000 recvbuff 0x78325fc00000 count 32768 datatype 7 op 0 root 0 comm 0x5f82e2057720 [nranks=8] stream 0x5f82e004fd30
h200-bar-202-129:1034496:1034496 [0] NCCL INFO AllReduce: opCount 0 sendbuff 0x783263c00000 recvbuff 0x783265c00000 count 32768 datatype 7 op 0 root 0 comm 0x5f82e2183230 [nranks=8] stream 0x5f82e0bfe400
h200-bar-202-129:1034496:1034496 [0] NCCL INFO AllReduce: opCount 0 sendbuff 0x783269c00000 recvbuff 0x78326bc00000 count 32768 datatype 7 op 0 root 0 comm 0x5f82e22aed40 [nranks=8] stream 0x5f82e16f9da0
h200-bar-202-129:1034496:1034496 [0] NCCL INFO AllReduce: 131072 Bytes -> Algo RING proto LL channel{Lo..Hi}={0..3}
h200-bar-202-129:1034496:1034496 [0] NCCL INFO AllReduce: opCount 0 sendbuff 0x78321a400000 recvbuff 0x78321c400000 count 65536 datatype 7 op 0 root 0 comm 0x5f82e1a8a400 [nranks=8] stream 0x5f82dc888230
h200-bar-202-129:1034496:1034496 [0] NCCL INFO AllReduce: opCount 0 sendbuff 0x783235a00000 recvbuff 0x783237a00000 count 65536 datatype 7 op 0 root 0 comm 0x5f82e1baf280 [nranks=8] stream 0x5f82dd1c0370
h200-bar-202-129:1034496:1034496 [0] NCCL INFO AllReduce: opCount 0 sendbuff 0x78323ba00000 recvbuff 0x78323da00000 count 65536 datatype 7 op 0 root 0 comm 0x5f82e1cd4730 [nranks=8] stream 0x5f82ddc55ba0
h200-bar-202-129:1034496:1034496 [0] NCCL INFO AllReduce: opCount 0 sendbuff 0x783241a00000 recvbuff 0x783243a00000 count 65536 datatype 7 op 0 root 0 comm 0x5f82e1e00160 [nranks=8] stream 0x5f82de8d53f0
h200-bar-202-129:1034496:1034496 [0] NCCL INFO AllReduce: opCount 0 sendbuff 0x783247a00000 recvbuff 0x783259c00000 count 65536 datatype 7 op 0 root 0 comm 0x5f82e1f2bc30 [nranks=8] stream 0x5f82df441580
h200-bar-202-129:1034496:1034496 [0] NCCL INFO AllReduce: opCount 0 sendbuff 0x78325dc00000 recvbuff 0x78325fc00000 count 65536 datatype 7 op 0 root 0 comm 0x5f82e2057720 [nranks=8] stream 0x5f82e004fd30
h200-bar-202-129:1034496:1034496 [0] NCCL INFO AllReduce: opCount 0 sendbuff 0x783263c00000 recvbuff 0x783265c00000 count 65536 datatype 7 op 0 root 0 comm 0x5f82e2183230 [nranks=8] stream 0x5f82e0bfe400
h200-bar-202-129:1034496:1034496 [0] NCCL INFO AllReduce: opCount 0 sendbuff 0x783269c00000 recvbuff 0x78326bc00000 count 65536 datatype 7 op 0 root 0 comm 0x5f82e22aed40 [nranks=8] stream 0x5f82e16f9da0
h200-bar-202-129:1034496:1034496 [0] NCCL INFO AllReduce: 262144 Bytes -> Algo RING proto LL channel{Lo..Hi}={0..7}
h200-bar-202-129:1034496:1034496 [0] NCCL INFO AllReduce: opCount 0 sendbuff 0x78321a400000 recvbuff 0x78321c400000 count 131072 datatype 7 op 0 root 0 comm 0x5f82e1a8a400 [nranks=8] stream 0x5f82dc888230
h200-bar-202-129:1034496:1034496 [0] NCCL INFO AllReduce: opCount 0 sendbuff 0x783235a00000 recvbuff 0x783237a00000 count 131072 datatype 7 op 0 root 0 comm 0x5f82e1baf280 [nranks=8] stream 0x5f82dd1c0370
h200-bar-202-129:1034496:1034496 [0] NCCL INFO AllReduce: opCount 0 sendbuff 0x78323ba00000 recvbuff 0x78323da00000 count 131072 datatype 7 op 0 root 0 comm 0x5f82e1cd4730 [nranks=8] stream 0x5f82ddc55ba0
h200-bar-202-129:1034496:1034496 [0] NCCL INFO AllReduce: opCount 0 sendbuff 0x783241a00000 recvbuff 0x783243a00000 count 131072 datatype 7 op 0 root 0 comm 0x5f82e1e00160 [nranks=8] stream 0x5f82de8d53f0
h200-bar-202-129:1034496:1034496 [0] NCCL INFO AllReduce: opCount 0 sendbuff 0x783247a00000 recvbuff 0x783259c00000 count 131072 datatype 7 op 0 root 0 comm 0x5f82e1f2bc30 [nranks=8] stream 0x5f82df441580
h200-bar-202-129:1034496:1034496 [0] NCCL INFO AllReduce: opCount 0 sendbuff 0x78325dc00000 recvbuff 0x78325fc00000 count 131072 datatype 7 op 0 root 0 comm 0x5f82e2057720 [nranks=8] stream 0x5f82e004fd30
h200-bar-202-129:1034496:1034496 [0] NCCL INFO AllReduce: opCount 0 sendbuff 0x783263c00000 recvbuff 0x783265c00000 count 131072 datatype 7 op 0 root 0 comm 0x5f82e2183230 [nranks=8] stream 0x5f82e0bfe400
h200-bar-202-129:1034496:1034496 [0] NCCL INFO AllReduce: opCount 0 sendbuff 0x783269c00000 recvbuff 0x78326bc00000 count 131072 datatype 7 op 0 root 0 comm 0x5f82e22aed40 [nranks=8] stream 0x5f82e16f9da0
h200-bar-202-129:1034496:1034496 [0] NCCL INFO AllReduce: 524288 Bytes -> Algo RING proto LL channel{Lo..Hi}={0..15}
h200-bar-202-129:1034496:1034496 [0] NCCL INFO AllReduce: opCount 0 sendbuff 0x78321a400000 recvbuff 0x78321c400000 count 262144 datatype 7 op 0 root 0 comm 0x5f82e1a8a400 [nranks=8] stream 0x5f82dc888230
h200-bar-202-129:1034496:1034496 [0] NCCL INFO AllReduce: opCount 0 sendbuff 0x783235a00000 recvbuff 0x783237a00000 count 262144 datatype 7 op 0 root 0 comm 0x5f82e1baf280 [nranks=8] stream 0x5f82dd1c0370
h200-bar-202-129:1034496:1034496 [0] NCCL INFO AllReduce: opCount 0 sendbuff 0x78323ba00000 recvbuff 0x78323da00000 count 262144 datatype 7 op 0 root 0 comm 0x5f82e1cd4730 [nranks=8] stream 0x5f82ddc55ba0
h200-bar-202-129:1034496:1034496 [0] NCCL INFO AllReduce: opCount 0 sendbuff 0x783241a00000 recvbuff 0x783243a00000 count 262144 datatype 7 op 0 root 0 comm 0x5f82e1e00160 [nranks=8] stream 0x5f82de8d53f0
h200-bar-202-129:1034496:1034496 [0] NCCL INFO AllReduce: opCount 0 sendbuff 0x783247a00000 recvbuff 0x783259c00000 count 262144 datatype 7 op 0 root 0 comm 0x5f82e1f2bc30 [nranks=8] stream 0x5f82df441580
h200-bar-202-129:1034496:1034496 [0] NCCL INFO AllReduce: opCount 0 sendbuff 0x78325dc00000 recvbuff 0x78325fc00000 count 262144 datatype 7 op 0 root 0 comm 0x5f82e2057720 [nranks=8] stream 0x5f82e004fd30
h200-bar-202-129:1034496:1034496 [0] NCCL INFO AllReduce: opCount 0 sendbuff 0x783263c00000 recvbuff 0x783265c00000 count 262144 datatype 7 op 0 root 0 comm 0x5f82e2183230 [nranks=8] stream 0x5f82e0bfe400
h200-bar-202-129:1034496:1034496 [0] NCCL INFO AllReduce: opCount 0 sendbuff 0x783269c00000 recvbuff 0x78326bc00000 count 262144 datatype 7 op 0 root 0 comm 0x5f82e22aed40 [nranks=8] stream 0x5f82e16f9da0
h200-bar-202-129:1034496:1034496 [0] NCCL INFO AllReduce: 1048576 Bytes -> Algo RING proto LL channel{Lo..Hi}={0..23}
h200-bar-202-129:1034496:1034496 [0] NCCL INFO AllReduce: opCount 0 sendbuff 0x78321a400000 recvbuff 0x78321c400000 count 524288 datatype 7 op 0 root 0 comm 0x5f82e1a8a400 [nranks=8] stream 0x5f82dc888230
h200-bar-202-129:1034496:1034496 [0] NCCL INFO AllReduce: opCount 0 sendbuff 0x783235a00000 recvbuff 0x783237a00000 count 524288 datatype 7 op 0 root 0 comm 0x5f82e1baf280 [nranks=8] stream 0x5f82dd1c0370
h200-bar-202-129:1034496:1034496 [0] NCCL INFO AllReduce: opCount 0 sendbuff 0x78323ba00000 recvbuff 0x78323da00000 count 524288 datatype 7 op 0 root 0 comm 0x5f82e1cd4730 [nranks=8] stream 0x5f82ddc55ba0
h200-bar-202-129:1034496:1034496 [0] NCCL INFO AllReduce: opCount 0 sendbuff 0x783241a00000 recvbuff 0x783243a00000 count 524288 datatype 7 op 0 root 0 comm 0x5f82e1e00160 [nranks=8] stream 0x5f82de8d53f0
h200-bar-202-129:1034496:1034496 [0] NCCL INFO AllReduce: opCount 0 sendbuff 0x783247a00000 recvbuff 0x783259c00000 count 524288 datatype 7 op 0 root 0 comm 0x5f82e1f2bc30 [nranks=8] stream 0x5f82df441580
h200-bar-202-129:1034496:1034496 [0] NCCL INFO AllReduce: opCount 0 sendbuff 0x78325dc00000 recvbuff 0x78325fc00000 count 524288 datatype 7 op 0 root 0 comm 0x5f82e2057720 [nranks=8] stream 0x5f82e004fd30
h200-bar-202-129:1034496:1034496 [0] NCCL INFO AllReduce: opCount 0 sendbuff 0x783263c00000 recvbuff 0x783265c00000 count 524288 datatype 7 op 0 root 0 comm 0x5f82e2183230 [nranks=8] stream 0x5f82e0bfe400
h200-bar-202-129:1034496:1034496 [0] NCCL INFO AllReduce: opCount 0 sendbuff 0x783269c00000 recvbuff 0x78326bc00000 count 524288 datatype 7 op 0 root 0 comm 0x5f82e22aed40 [nranks=8] stream 0x5f82e16f9da0
h200-bar-202-129:1034496:1034496 [0] NCCL INFO AllReduce: 2097152 Bytes -> Algo NVLS proto SIMPLE channel{Lo..Hi}={0..15}
h200-bar-202-129:1034496:1034496 [0] NCCL INFO AllReduce: opCount 0 sendbuff 0x78321a400000 recvbuff 0x78321c400000 count 1048576 datatype 7 op 0 root 0 comm 0x5f82e1a8a400 [nranks=8] stream 0x5f82dc888230
h200-bar-202-129:1034496:1034496 [0] NCCL INFO AllReduce: opCount 0 sendbuff 0x783235a00000 recvbuff 0x783237a00000 count 1048576 datatype 7 op 0 root 0 comm 0x5f82e1baf280 [nranks=8] stream 0x5f82dd1c0370
h200-bar-202-129:1034496:1034496 [0] NCCL INFO AllReduce: opCount 0 sendbuff 0x78323ba00000 recvbuff 0x78323da00000 count 1048576 datatype 7 op 0 root 0 comm 0x5f82e1cd4730 [nranks=8] stream 0x5f82ddc55ba0
h200-bar-202-129:1034496:1034496 [0] NCCL INFO AllReduce: opCount 0 sendbuff 0x783241a00000 recvbuff 0x783243a00000 count 1048576 datatype 7 op 0 root 0 comm 0x5f82e1e00160 [nranks=8] stream 0x5f82de8d53f0
h200-bar-202-129:1034496:1034496 [0] NCCL INFO AllReduce: opCount 0 sendbuff 0x783247a00000 recvbuff 0x783259c00000 count 1048576 datatype 7 op 0 root 0 comm 0x5f82e1f2bc30 [nranks=8] stream 0x5f82df441580
h200-bar-202-129:1034496:1034496 [0] NCCL INFO AllReduce: opCount 0 sendbuff 0x78325dc00000 recvbuff 0x78325fc00000 count 1048576 datatype 7 op 0 root 0 comm 0x5f82e2057720 [nranks=8] stream 0x5f82e004fd30
h200-bar-202-129:1034496:1034496 [0] NCCL INFO AllReduce: opCount 0 sendbuff 0x783263c00000 recvbuff 0x783265c00000 count 1048576 datatype 7 op 0 root 0 comm 0x5f82e2183230 [nranks=8] stream 0x5f82e0bfe400
h200-bar-202-129:1034496:1034496 [0] NCCL INFO AllReduce: opCount 0 sendbuff 0x783269c00000 recvbuff 0x78326bc00000 count 1048576 datatype 7 op 0 root 0 comm 0x5f82e22aed40 [nranks=8] stream 0x5f82e16f9da0
h200-bar-202-129:1034496:1034496 [0] NCCL INFO AllReduce: 4194304 Bytes -> Algo NVLS proto SIMPLE channel{Lo..Hi}={0..15}
h200-bar-202-129:1034496:1034496 [0] NCCL INFO AllReduce: opCount 0 sendbuff 0x78321a400000 recvbuff 0x78321c400000 count 2097152 datatype 7 op 0 root 0 comm 0x5f82e1a8a400 [nranks=8] stream 0x5f82dc888230
h200-bar-202-129:1034496:1034496 [0] NCCL INFO AllReduce: opCount 0 sendbuff 0x783235a00000 recvbuff 0x783237a00000 count 2097152 datatype 7 op 0 root 0 comm 0x5f82e1baf280 [nranks=8] stream 0x5f82dd1c0370
h200-bar-202-129:1034496:1034496 [0] NCCL INFO AllReduce: opCount 0 sendbuff 0x78323ba00000 recvbuff 0x78323da00000 count 2097152 datatype 7 op 0 root 0 comm 0x5f82e1cd4730 [nranks=8] stream 0x5f82ddc55ba0
h200-bar-202-129:1034496:1034496 [0] NCCL INFO AllReduce: opCount 0 sendbuff 0x783241a00000 recvbuff 0x783243a00000 count 2097152 datatype 7 op 0 root 0 comm 0x5f82e1e00160 [nranks=8] stream 0x5f82de8d53f0
h200-bar-202-129:1034496:1034496 [0] NCCL INFO AllReduce: opCount 0 sendbuff 0x783247a00000 recvbuff 0x783259c00000 count 2097152 datatype 7 op 0 root 0 comm 0x5f82e1f2bc30 [nranks=8] stream 0x5f82df441580
h200-bar-202-129:1034496:1034496 [0] NCCL INFO AllReduce: opCount 0 sendbuff 0x78325dc00000 recvbuff 0x78325fc00000 count 2097152 datatype 7 op 0 root 0 comm 0x5f82e2057720 [nranks=8] stream 0x5f82e004fd30
h200-bar-202-129:1034496:1034496 [0] NCCL INFO AllReduce: opCount 0 sendbuff 0x783263c00000 recvbuff 0x783265c00000 count 2097152 datatype 7 op 0 root 0 comm 0x5f82e2183230 [nranks=8] stream 0x5f82e0bfe400
h200-bar-202-129:1034496:1034496 [0] NCCL INFO AllReduce: opCount 0 sendbuff 0x783269c00000 recvbuff 0x78326bc00000 count 2097152 datatype 7 op 0 root 0 comm 0x5f82e22aed40 [nranks=8] stream 0x5f82e16f9da0
h200-bar-202-129:1034496:1034496 [0] NCCL INFO AllReduce: 8388608 Bytes -> Algo NVLS proto SIMPLE channel{Lo..Hi}={0..15}
h200-bar-202-129:1034496:1034496 [0] NCCL INFO AllReduce: opCount 0 sendbuff 0x78321a400000 recvbuff 0x78321c400000 count 4194304 datatype 7 op 0 root 0 comm 0x5f82e1a8a400 [nranks=8] stream 0x5f82dc888230
h200-bar-202-129:1034496:1034496 [0] NCCL INFO AllReduce: opCount 0 sendbuff 0x783235a00000 recvbuff 0x783237a00000 count 4194304 datatype 7 op 0 root 0 comm 0x5f82e1baf280 [nranks=8] stream 0x5f82dd1c0370
h200-bar-202-129:1034496:1034496 [0] NCCL INFO AllReduce: opCount 0 sendbuff 0x78323ba00000 recvbuff 0x78323da00000 count 4194304 datatype 7 op 0 root 0 comm 0x5f82e1cd4730 [nranks=8] stream 0x5f82ddc55ba0
h200-bar-202-129:1034496:1034496 [0] NCCL INFO AllReduce: opCount 0 sendbuff 0x783241a00000 recvbuff 0x783243a00000 count 4194304 datatype 7 op 0 root 0 comm 0x5f82e1e00160 [nranks=8] stream 0x5f82de8d53f0
h200-bar-202-129:1034496:1034496 [0] NCCL INFO AllReduce: opCount 0 sendbuff 0x783247a00000 recvbuff 0x783259c00000 count 4194304 datatype 7 op 0 root 0 comm 0x5f82e1f2bc30 [nranks=8] stream 0x5f82df441580
h200-bar-202-129:1034496:1034496 [0] NCCL INFO AllReduce: opCount 0 sendbuff 0x78325dc00000 recvbuff 0x78325fc00000 count 4194304 datatype 7 op 0 root 0 comm 0x5f82e2057720 [nranks=8] stream 0x5f82e004fd30
h200-bar-202-129:1034496:1034496 [0] NCCL INFO AllReduce: opCount 0 sendbuff 0x783263c00000 recvbuff 0x783265c00000 count 4194304 datatype 7 op 0 root 0 comm 0x5f82e2183230 [nranks=8] stream 0x5f82e0bfe400
h200-bar-202-129:1034496:1034496 [0] NCCL INFO AllReduce: opCount 0 sendbuff 0x783269c00000 recvbuff 0x78326bc00000 count 4194304 datatype 7 op 0 root 0 comm 0x5f82e22aed40 [nranks=8] stream 0x5f82e16f9da0
h200-bar-202-129:1034496:1034496 [0] NCCL INFO AllReduce: 16777216 Bytes -> Algo NVLS proto SIMPLE channel{Lo..Hi}={0..15}
h200-bar-202-129:1034496:1034496 [0] NCCL INFO AllReduce: opCount 0 sendbuff 0x78321a400000 recvbuff 0x78321c400000 count 8388608 datatype 7 op 0 root 0 comm 0x5f82e1a8a400 [nranks=8] stream 0x5f82dc888230
h200-bar-202-129:1034496:1034496 [0] NCCL INFO AllReduce: opCount 0 sendbuff 0x783235a00000 recvbuff 0x783237a00000 count 8388608 datatype 7 op 0 root 0 comm 0x5f82e1baf280 [nranks=8] stream 0x5f82dd1c0370
h200-bar-202-129:1034496:1034496 [0] NCCL INFO AllReduce: opCount 0 sendbuff 0x78323ba00000 recvbuff 0x78323da00000 count 8388608 datatype 7 op 0 root 0 comm 0x5f82e1cd4730 [nranks=8] stream 0x5f82ddc55ba0
h200-bar-202-129:1034496:1034496 [0] NCCL INFO AllReduce: opCount 0 sendbuff 0x783241a00000 recvbuff 0x783243a00000 count 8388608 datatype 7 op 0 root 0 comm 0x5f82e1e00160 [nranks=8] stream 0x5f82de8d53f0
h200-bar-202-129:1034496:1034496 [0] NCCL INFO AllReduce: opCount 0 sendbuff 0x783247a00000 recvbuff 0x783259c00000 count 8388608 datatype 7 op 0 root 0 comm 0x5f82e1f2bc30 [nranks=8] stream 0x5f82df441580
h200-bar-202-129:1034496:1034496 [0] NCCL INFO AllReduce: opCount 0 sendbuff 0x78325dc00000 recvbuff 0x78325fc00000 count 8388608 datatype 7 op 0 root 0 comm 0x5f82e2057720 [nranks=8] stream 0x5f82e004fd30
h200-bar-202-129:1034496:1034496 [0] NCCL INFO AllReduce: opCount 0 sendbuff 0x783263c00000 recvbuff 0x783265c00000 count 8388608 datatype 7 op 0 root 0 comm 0x5f82e2183230 [nranks=8] stream 0x5f82e0bfe400
h200-bar-202-129:1034496:1034496 [0] NCCL INFO AllReduce: opCount 0 sendbuff 0x783269c00000 recvbuff 0x78326bc00000 count 8388608 datatype 7 op 0 root 0 comm 0x5f82e22aed40 [nranks=8] stream 0x5f82e16f9da0
h200-bar-202-129:1034496:1034496 [0] NCCL INFO AllReduce: 33554432 Bytes -> Algo NVLS proto SIMPLE channel{Lo..Hi}={0..15}
           4             1     float     sum      -1h200-bar-202-129:1034496:1034496 [7] NCCL INFO AllReduce: opCount 0 sendbuff 0x78321a400000 recvbuff 0x78321c400000 count 1 datatype 7 op 0 root 0 comm 0x5f82e1a8a400 [nranks=8] stream 0x5f82dc888230
h200-bar-202-129:1034496:1034496 [7] NCCL INFO AllReduce: opCount 0 sendbuff 0x783235a00000 recvbuff 0x783237a00000 count 1 datatype 7 op 0 root 0 comm 0x5f82e1baf280 [nranks=8] stream 0x5f82dd1c0370
h200-bar-202-129:1034496:1034496 [7] NCCL INFO AllReduce: opCount 0 sendbuff 0x78323ba00000 recvbuff 0x78323da00000 count 1 datatype 7 op 0 root 0 comm 0x5f82e1cd4730 [nranks=8] stream 0x5f82ddc55ba0
h200-bar-202-129:1034496:1034496 [7] NCCL INFO AllReduce: opCount 0 sendbuff 0x783241a00000 recvbuff 0x783243a00000 count 1 datatype 7 op 0 root 0 comm 0x5f82e1e00160 [nranks=8] stream 0x5f82de8d53f0
h200-bar-202-129:1034496:1034496 [7] NCCL INFO AllReduce: opCount 0 sendbuff 0x783247a00000 recvbuff 0x783259c00000 count 1 datatype 7 op 0 root 0 comm 0x5f82e1f2bc30 [nranks=8] stream 0x5f82df441580
h200-bar-202-129:1034496:1034496 [7] NCCL INFO AllReduce: opCount 0 sendbuff 0x78325dc00000 recvbuff 0x78325fc00000 count 1 datatype 7 op 0 root 0 comm 0x5f82e2057720 [nranks=8] stream 0x5f82e004fd30
h200-bar-202-129:1034496:1034496 [7] NCCL INFO AllReduce: opCount 0 sendbuff 0x783263c00000 recvbuff 0x783265c00000 count 1 datatype 7 op 0 root 0 comm 0x5f82e2183230 [nranks=8] stream 0x5f82e0bfe400
h200-bar-202-129:1034496:1034496 [7] NCCL INFO AllReduce: opCount 0 sendbuff 0x783269c00000 recvbuff 0x78326bc00000 count 1 datatype 7 op 0 root 0 comm 0x5f82e22aed40 [nranks=8] stream 0x5f82e16f9da0
h200-bar-202-129:1034496:1034496 [0] NCCL INFO AllReduce: 4 Bytes -> Algo RING proto LL channel{Lo..Hi}={0..0}
h200-bar-202-129:1034496:1034496 [7] NCCL INFO AllReduce: opCount 0 sendbuff 0x78321a400000 recvbuff 0x78321c400000 count 1 datatype 7 op 0 root 0 comm 0x5f82e1a8a400 [nranks=8] stream 0x5f82dc888230
h200-bar-202-129:1034496:1034496 [7] NCCL INFO AllReduce: opCount 0 sendbuff 0x783235a00000 recvbuff 0x783237a00000 count 1 datatype 7 op 0 root 0 comm 0x5f82e1baf280 [nranks=8] stream 0x5f82dd1c0370
h200-bar-202-129:1034496:1034496 [7] NCCL INFO AllReduce: opCount 0 sendbuff 0x78323ba00000 recvbuff 0x78323da00000 count 1 datatype 7 op 0 root 0 comm 0x5f82e1cd4730 [nranks=8] stream 0x5f82ddc55ba0
h200-bar-202-129:1034496:1034496 [7] NCCL INFO AllReduce: opCount 0 sendbuff 0x783241a00000 recvbuff 0x783243a00000 count 1 datatype 7 op 0 root 0 comm 0x5f82e1e00160 [nranks=8] stream 0x5f82de8d53f0
h200-bar-202-129:1034496:1034496 [7] NCCL INFO AllReduce: opCount 0 sendbuff 0x783247a00000 recvbuff 0x783259c00000 count 1 datatype 7 op 0 root 0 comm 0x5f82e1f2bc30 [nranks=8] stream 0x5f82df441580
h200-bar-202-129:1034496:1034496 [7] NCCL INFO AllReduce: opCount 0 sendbuff 0x78325dc00000 recvbuff 0x78325fc00000 count 1 datatype 7 op 0 root 0 comm 0x5f82e2057720 [nranks=8] stream 0x5f82e004fd30
h200-bar-202-129:1034496:1034496 [7] NCCL INFO AllReduce: opCount 0 sendbuff 0x783263c00000 recvbuff 0x783265c00000 count 1 datatype 7 op 0 root 0 comm 0x5f82e2183230 [nranks=8] stream 0x5f82e0bfe400
h200-bar-202-129:1034496:1034496 [7] NCCL INFO AllReduce: opCount 0 sendbuff 0x783269c00000 recvbuff 0x78326bc00000 count 1 datatype 7 op 0 root 0 comm 0x5f82e22aed40 [nranks=8] stream 0x5f82e16f9da0
h200-bar-202-129:1034496:1034496 [0] NCCL INFO AllReduce: 4 Bytes -> Algo RING proto LL channel{Lo..Hi}={0..0}
h200-bar-202-129:1034496:1034496 [7] NCCL INFO AllReduce: opCount 0 sendbuff 0x78321a400004 recvbuff 0x78321c400004 count 1 datatype 7 op 0 root 0 comm 0x5f82e1a8a400 [nranks=8] stream 0x5f82dc888230
h200-bar-202-129:1034496:1034496 [7] NCCL INFO AllReduce: opCount 0 sendbuff 0x783235a00004 recvbuff 0x783237a00004 count 1 datatype 7 op 0 root 0 comm 0x5f82e1baf280 [nranks=8] stream 0x5f82dd1c0370
h200-bar-202-129:1034496:1034496 [7] NCCL INFO AllReduce: opCount 0 sendbuff 0x78323ba00004 recvbuff 0x78323da00004 count 1 datatype 7 op 0 root 0 comm 0x5f82e1cd4730 [nranks=8] stream 0x5f82ddc55ba0
h200-bar-202-129:1034496:1034496 [7] NCCL INFO AllReduce: opCount 0 sendbuff 0x783241a00004 recvbuff 0x783243a00004 count 1 datatype 7 op 0 root 0 comm 0x5f82e1e00160 [nranks=8] stream 0x5f82de8d53f0
h200-bar-202-129:1034496:1034496 [7] NCCL INFO AllReduce: opCount 0 sendbuff 0x783247a00004 recvbuff 0x783259c00004 count 1 datatype 7 op 0 root 0 comm 0x5f82e1f2bc30 [nranks=8] stream 0x5f82df441580
h200-bar-202-129:1034496:1034496 [7] NCCL INFO AllReduce: opCount 0 sendbuff 0x78325dc00004 recvbuff 0x78325fc00004 count 1 datatype 7 op 0 root 0 comm 0x5f82e2057720 [nranks=8] stream 0x5f82e004fd30
h200-bar-202-129:1034496:1034496 [7] NCCL INFO AllReduce: opCount 0 sendbuff 0x783263c00004 recvbuff 0x783265c00004 count 1 datatype 7 op 0 root 0 comm 0x5f82e2183230 [nranks=8] stream 0x5f82e0bfe400
h200-bar-202-129:1034496:1034496 [7] NCCL INFO AllReduce: opCount 0 sendbuff 0x783269c00004 recvbuff 0x78326bc00004 count 1 datatype 7 op 0 root 0 comm 0x5f82e22aed40 [nranks=8] stream 0x5f82e16f9da0
h200-bar-202-129:1034496:1034496 [0] NCCL INFO AllReduce: 4 Bytes -> Algo RING proto LL channel{Lo..Hi}={0..0}
h200-bar-202-129:1034496:1034496 [7] NCCL INFO AllReduce: opCount 0 sendbuff 0x78321a400000 recvbuff 0x78321c400000 count 1 datatype 7 op 0 root 0 comm 0x5f82e1a8a400 [nranks=8] stream 0x5f82dc888230
h200-bar-202-129:1034496:1034496 [7] NCCL INFO AllReduce: opCount 0 sendbuff 0x783235a00000 recvbuff 0x783237a00000 count 1 datatype 7 op 0 root 0 comm 0x5f82e1baf280 [nranks=8] stream 0x5f82dd1c0370
h200-bar-202-129:1034496:1034496 [7] NCCL INFO AllReduce: opCount 0 sendbuff 0x78323ba00000 recvbuff 0x78323da00000 count 1 datatype 7 op 0 root 0 comm 0x5f82e1cd4730 [nranks=8] stream 0x5f82ddc55ba0
h200-bar-202-129:1034496:1034496 [7] NCCL INFO AllReduce: opCount 0 sendbuff 0x783241a00000 recvbuff 0x783243a00000 count 1 datatype 7 op 0 root 0 comm 0x5f82e1e00160 [nranks=8] stream 0x5f82de8d53f0
h200-bar-202-129:1034496:1034496 [7] NCCL INFO AllReduce: opCount 0 sendbuff 0x783247a00000 recvbuff 0x783259c00000 count 1 datatype 7 op 0 root 0 comm 0x5f82e1f2bc30 [nranks=8] stream 0x5f82df441580
h200-bar-202-129:1034496:1034496 [7] NCCL INFO AllReduce: opCount 0 sendbuff 0x78325dc00000 recvbuff 0x78325fc00000 count 1 datatype 7 op 0 root 0 comm 0x5f82e2057720 [nranks=8] stream 0x5f82e004fd30
h200-bar-202-129:1034496:1034496 [7] NCCL INFO AllReduce: opCount 0 sendbuff 0x783263c00000 recvbuff 0x783265c00000 count 1 datatype 7 op 0 root 0 comm 0x5f82e2183230 [nranks=8] stream 0x5f82e0bfe400
h200-bar-202-129:1034496:1034496 [7] NCCL INFO AllReduce: opCount 0 sendbuff 0x783269c00000 recvbuff 0x78326bc00000 count 1 datatype 7 op 0 root 0 comm 0x5f82e22aed40 [nranks=8] stream 0x5f82e16f9da0
h200-bar-202-129:1034496:1034496 [0] NCCL INFO AllReduce: 4 Bytes -> Algo RING proto LL channel{Lo..Hi}={0..0}
    60.19    0.00    0.00       0h200-bar-202-129:1034496:1034496 [7] NCCL INFO AllReduce: opCount 0 sendbuff 0x78321c400000 recvbuff 0x78321c400000 count 1 datatype 7 op 0 root 0 comm 0x5f82e1a8a400 [nranks=8] stream 0x5f82dc888230
h200-bar-202-129:1034496:1034496 [7] NCCL INFO AllReduce: opCount 0 sendbuff 0x783237a00000 recvbuff 0x783237a00000 count 1 datatype 7 op 0 root 0 comm 0x5f82e1baf280 [nranks=8] stream 0x5f82dd1c0370
h200-bar-202-129:1034496:1034496 [7] NCCL INFO AllReduce: opCount 0 sendbuff 0x78323da00000 recvbuff 0x78323da00000 count 1 datatype 7 op 0 root 0 comm 0x5f82e1cd4730 [nranks=8] stream 0x5f82ddc55ba0
h200-bar-202-129:1034496:1034496 [7] NCCL INFO AllReduce: opCount 0 sendbuff 0x783243a00000 recvbuff 0x783243a00000 count 1 datatype 7 op 0 root 0 comm 0x5f82e1e00160 [nranks=8] stream 0x5f82de8d53f0
h200-bar-202-129:1034496:1034496 [7] NCCL INFO AllReduce: opCount 0 sendbuff 0x783259c00000 recvbuff 0x783259c00000 count 1 datatype 7 op 0 root 0 comm 0x5f82e1f2bc30 [nranks=8] stream 0x5f82df441580
h200-bar-202-129:1034496:1034496 [7] NCCL INFO AllReduce: opCount 0 sendbuff 0x78325fc00000 recvbuff 0x78325fc00000 count 1 datatype 7 op 0 root 0 comm 0x5f82e2057720 [nranks=8] stream 0x5f82e004fd30
h200-bar-202-129:1034496:1034496 [7] NCCL INFO AllReduce: opCount 0 sendbuff 0x783265c00000 recvbuff 0x783265c00000 count 1 datatype 7 op 0 root 0 comm 0x5f82e2183230 [nranks=8] stream 0x5f82e0bfe400
h200-bar-202-129:1034496:1034496 [7] NCCL INFO AllReduce: opCount 0 sendbuff 0x78326bc00000 recvbuff 0x78326bc00000 count 1 datatype 7 op 0 root 0 comm 0x5f82e22aed40 [nranks=8] stream 0x5f82e16f9da0
h200-bar-202-129:1034496:1034496 [0] NCCL INFO AllReduce: 4 Bytes -> Algo RING proto LL channel{Lo..Hi}={0..0}
h200-bar-202-129:1034496:1034496 [7] NCCL INFO AllReduce: opCount 0 sendbuff 0x78321c400000 recvbuff 0x78321c400000 count 1 datatype 7 op 0 root 0 comm 0x5f82e1a8a400 [nranks=8] stream 0x5f82dc888230
h200-bar-202-129:1034496:1034496 [7] NCCL INFO AllReduce: opCount 0 sendbuff 0x783237a00000 recvbuff 0x783237a00000 count 1 datatype 7 op 0 root 0 comm 0x5f82e1baf280 [nranks=8] stream 0x5f82dd1c0370
h200-bar-202-129:1034496:1034496 [7] NCCL INFO AllReduce: opCount 0 sendbuff 0x78323da00000 recvbuff 0x78323da00000 count 1 datatype 7 op 0 root 0 comm 0x5f82e1cd4730 [nranks=8] stream 0x5f82ddc55ba0
h200-bar-202-129:1034496:1034496 [7] NCCL INFO AllReduce: opCount 0 sendbuff 0x783243a00000 recvbuff 0x783243a00000 count 1 datatype 7 op 0 root 0 comm 0x5f82e1e00160 [nranks=8] stream 0x5f82de8d53f0
h200-bar-202-129:1034496:1034496 [7] NCCL INFO AllReduce: opCount 0 sendbuff 0x783259c00000 recvbuff 0x783259c00000 count 1 datatype 7 op 0 root 0 comm 0x5f82e1f2bc30 [nranks=8] stream 0x5f82df441580
h200-bar-202-129:1034496:1034496 [7] NCCL INFO AllReduce: opCount 0 sendbuff 0x78325fc00000 recvbuff 0x78325fc00000 count 1 datatype 7 op 0 root 0 comm 0x5f82e2057720 [nranks=8] stream 0x5f82e004fd30
h200-bar-202-129:1034496:1034496 [7] NCCL INFO AllReduce: opCount 0 sendbuff 0x783265c00000 recvbuff 0x783265c00000 count 1 datatype 7 op 0 root 0 comm 0x5f82e2183230 [nranks=8] stream 0x5f82e0bfe400
h200-bar-202-129:1034496:1034496 [7] NCCL INFO AllReduce: opCount 0 sendbuff 0x78326bc00000 recvbuff 0x78326bc00000 count 1 datatype 7 op 0 root 0 comm 0x5f82e22aed40 [nranks=8] stream 0x5f82e16f9da0
h200-bar-202-129:1034496:1034496 [0] NCCL INFO AllReduce: 4 Bytes -> Algo RING proto LL channel{Lo..Hi}={0..0}
h200-bar-202-129:1034496:1034496 [7] NCCL INFO AllReduce: opCount 0 sendbuff 0x78321c400004 recvbuff 0x78321c400004 count 1 datatype 7 op 0 root 0 comm 0x5f82e1a8a400 [nranks=8] stream 0x5f82dc888230
h200-bar-202-129:1034496:1034496 [7] NCCL INFO AllReduce: opCount 0 sendbuff 0x783237a00004 recvbuff 0x783237a00004 count 1 datatype 7 op 0 root 0 comm 0x5f82e1baf280 [nranks=8] stream 0x5f82dd1c0370
h200-bar-202-129:1034496:1034496 [7] NCCL INFO AllReduce: opCount 0 sendbuff 0x78323da00004 recvbuff 0x78323da00004 count 1 datatype 7 op 0 root 0 comm 0x5f82e1cd4730 [nranks=8] stream 0x5f82ddc55ba0
h200-bar-202-129:1034496:1034496 [7] NCCL INFO AllReduce: opCount 0 sendbuff 0x783243a00004 recvbuff 0x783243a00004 count 1 datatype 7 op 0 root 0 comm 0x5f82e1e00160 [nranks=8] stream 0x5f82de8d53f0
h200-bar-202-129:1034496:1034496 [7] NCCL INFO AllReduce: opCount 0 sendbuff 0x783259c00004 recvbuff 0x783259c00004 count 1 datatype 7 op 0 root 0 comm 0x5f82e1f2bc30 [nranks=8] stream 0x5f82df441580
h200-bar-202-129:1034496:1034496 [7] NCCL INFO AllReduce: opCount 0 sendbuff 0x78325fc00004 recvbuff 0x78325fc00004 count 1 datatype 7 op 0 root 0 comm 0x5f82e2057720 [nranks=8] stream 0x5f82e004fd30
h200-bar-202-129:1034496:1034496 [7] NCCL INFO AllReduce: opCount 0 sendbuff 0x783265c00004 recvbuff 0x783265c00004 count 1 datatype 7 op 0 root 0 comm 0x5f82e2183230 [nranks=8] stream 0x5f82e0bfe400
h200-bar-202-129:1034496:1034496 [7] NCCL INFO AllReduce: opCount 0 sendbuff 0x78326bc00004 recvbuff 0x78326bc00004 count 1 datatype 7 op 0 root 0 comm 0x5f82e22aed40 [nranks=8] stream 0x5f82e16f9da0
h200-bar-202-129:1034496:1034496 [0] NCCL INFO AllReduce: 4 Bytes -> Algo RING proto LL channel{Lo..Hi}={0..0}
h200-bar-202-129:1034496:1034496 [7] NCCL INFO AllReduce: opCount 0 sendbuff 0x78321c400000 recvbuff 0x78321c400000 count 1 datatype 7 op 0 root 0 comm 0x5f82e1a8a400 [nranks=8] stream 0x5f82dc888230
h200-bar-202-129:1034496:1034496 [7] NCCL INFO AllReduce: opCount 0 sendbuff 0x783237a00000 recvbuff 0x783237a00000 count 1 datatype 7 op 0 root 0 comm 0x5f82e1baf280 [nranks=8] stream 0x5f82dd1c0370
h200-bar-202-129:1034496:1034496 [7] NCCL INFO AllReduce: opCount 0 sendbuff 0x78323da00000 recvbuff 0x78323da00000 count 1 datatype 7 op 0 root 0 comm 0x5f82e1cd4730 [nranks=8] stream 0x5f82ddc55ba0
h200-bar-202-129:1034496:1034496 [7] NCCL INFO AllReduce: opCount 0 sendbuff 0x783243a00000 recvbuff 0x783243a00000 count 1 datatype 7 op 0 root 0 comm 0x5f82e1e00160 [nranks=8] stream 0x5f82de8d53f0
h200-bar-202-129:1034496:1034496 [7] NCCL INFO AllReduce: opCount 0 sendbuff 0x783259c00000 recvbuff 0x783259c00000 count 1 datatype 7 op 0 root 0 comm 0x5f82e1f2bc30 [nranks=8] stream 0x5f82df441580
h200-bar-202-129:1034496:1034496 [7] NCCL INFO AllReduce: opCount 0 sendbuff 0x78325fc00000 recvbuff 0x78325fc00000 count 1 datatype 7 op 0 root 0 comm 0x5f82e2057720 [nranks=8] stream 0x5f82e004fd30
h200-bar-202-129:1034496:1034496 [7] NCCL INFO AllReduce: opCount 0 sendbuff 0x783265c00000 recvbuff 0x783265c00000 count 1 datatype 7 op 0 root 0 comm 0x5f82e2183230 [nranks=8] stream 0x5f82e0bfe400
h200-bar-202-129:1034496:1034496 [7] NCCL INFO AllReduce: opCount 0 sendbuff 0x78326bc00000 recvbuff 0x78326bc00000 count 1 datatype 7 op 0 root 0 comm 0x5f82e22aed40 [nranks=8] stream 0x5f82e16f9da0
h200-bar-202-129:1034496:1034496 [0] NCCL INFO AllReduce: 4 Bytes -> Algo RING proto LL channel{Lo..Hi}={0..0}
    57.38    0.00    0.00       0
         128            32     float     sum      -1h200-bar-202-129:1034496:1034496 [7] NCCL INFO AllReduce: opCount 0 sendbuff 0x78321a400000 recvbuff 0x78321c400000 count 32 datatype 7 op 0 root 0 comm 0x5f82e1a8a400 [nranks=8] stream 0x5f82dc888230
h200-bar-202-129:1034496:1034496 [7] NCCL INFO AllReduce: opCount 0 sendbuff 0x783235a00000 recvbuff 0x783237a00000 count 32 datatype 7 op 0 root 0 comm 0x5f82e1baf280 [nranks=8] stream 0x5f82dd1c0370
h200-bar-202-129:1034496:1034496 [7] NCCL INFO AllReduce: opCount 0 sendbuff 0x78323ba00000 recvbuff 0x78323da00000 count 32 datatype 7 op 0 root 0 comm 0x5f82e1cd4730 [nranks=8] stream 0x5f82ddc55ba0
h200-bar-202-129:1034496:1034496 [7] NCCL INFO AllReduce: opCount 0 sendbuff 0x783241a00000 recvbuff 0x783243a00000 count 32 datatype 7 op 0 root 0 comm 0x5f82e1e00160 [nranks=8] stream 0x5f82de8d53f0
h200-bar-202-129:1034496:1034496 [7] NCCL INFO AllReduce: opCount 0 sendbuff 0x783247a00000 recvbuff 0x783259c00000 count 32 datatype 7 op 0 root 0 comm 0x5f82e1f2bc30 [nranks=8] stream 0x5f82df441580
h200-bar-202-129:1034496:1034496 [7] NCCL INFO AllReduce: opCount 0 sendbuff 0x78325dc00000 recvbuff 0x78325fc00000 count 32 datatype 7 op 0 root 0 comm 0x5f82e2057720 [nranks=8] stream 0x5f82e004fd30
h200-bar-202-129:1034496:1034496 [7] NCCL INFO AllReduce: opCount 0 sendbuff 0x783263c00000 recvbuff 0x783265c00000 count 32 datatype 7 op 0 root 0 comm 0x5f82e2183230 [nranks=8] stream 0x5f82e0bfe400
h200-bar-202-129:1034496:1034496 [7] NCCL INFO AllReduce: opCount 0 sendbuff 0x783269c00000 recvbuff 0x78326bc00000 count 32 datatype 7 op 0 root 0 comm 0x5f82e22aed40 [nranks=8] stream 0x5f82e16f9da0
h200-bar-202-129:1034496:1034496 [0] NCCL INFO AllReduce: 128 Bytes -> Algo RING proto LL channel{Lo..Hi}={0..0}
h200-bar-202-129:1034496:1034496 [7] NCCL INFO AllReduce: opCount 0 sendbuff 0x78321a400000 recvbuff 0x78321c400000 count 32 datatype 7 op 0 root 0 comm 0x5f82e1a8a400 [nranks=8] stream 0x5f82dc888230
h200-bar-202-129:1034496:1034496 [7] NCCL INFO AllReduce: opCount 0 sendbuff 0x783235a00000 recvbuff 0x783237a00000 count 32 datatype 7 op 0 root 0 comm 0x5f82e1baf280 [nranks=8] stream 0x5f82dd1c0370
h200-bar-202-129:1034496:1034496 [7] NCCL INFO AllReduce: opCount 0 sendbuff 0x78323ba00000 recvbuff 0x78323da00000 count 32 datatype 7 op 0 root 0 comm 0x5f82e1cd4730 [nranks=8] stream 0x5f82ddc55ba0
h200-bar-202-129:1034496:1034496 [7] NCCL INFO AllReduce: opCount 0 sendbuff 0x783241a00000 recvbuff 0x783243a00000 count 32 datatype 7 op 0 root 0 comm 0x5f82e1e00160 [nranks=8] stream 0x5f82de8d53f0
h200-bar-202-129:1034496:1034496 [7] NCCL INFO AllReduce: opCount 0 sendbuff 0x783247a00000 recvbuff 0x783259c00000 count 32 datatype 7 op 0 root 0 comm 0x5f82e1f2bc30 [nranks=8] stream 0x5f82df441580
h200-bar-202-129:1034496:1034496 [7] NCCL INFO AllReduce: opCount 0 sendbuff 0x78325dc00000 recvbuff 0x78325fc00000 count 32 datatype 7 op 0 root 0 comm 0x5f82e2057720 [nranks=8] stream 0x5f82e004fd30
h200-bar-202-129:1034496:1034496 [7] NCCL INFO AllReduce: opCount 0 sendbuff 0x783263c00000 recvbuff 0x783265c00000 count 32 datatype 7 op 0 root 0 comm 0x5f82e2183230 [nranks=8] stream 0x5f82e0bfe400
h200-bar-202-129:1034496:1034496 [7] NCCL INFO AllReduce: opCount 0 sendbuff 0x783269c00000 recvbuff 0x78326bc00000 count 32 datatype 7 op 0 root 0 comm 0x5f82e22aed40 [nranks=8] stream 0x5f82e16f9da0
h200-bar-202-129:1034496:1034496 [0] NCCL INFO AllReduce: 128 Bytes -> Algo RING proto LL channel{Lo..Hi}={0..0}
h200-bar-202-129:1034496:1034496 [7] NCCL INFO AllReduce: opCount 0 sendbuff 0x78321a400080 recvbuff 0x78321c400080 count 32 datatype 7 op 0 root 0 comm 0x5f82e1a8a400 [nranks=8] stream 0x5f82dc888230
h200-bar-202-129:1034496:1034496 [7] NCCL INFO AllReduce: opCount 0 sendbuff 0x783235a00080 recvbuff 0x783237a00080 count 32 datatype 7 op 0 root 0 comm 0x5f82e1baf280 [nranks=8] stream 0x5f82dd1c0370
h200-bar-202-129:1034496:1034496 [7] NCCL INFO AllReduce: opCount 0 sendbuff 0x78323ba00080 recvbuff 0x78323da00080 count 32 datatype 7 op 0 root 0 comm 0x5f82e1cd4730 [nranks=8] stream 0x5f82ddc55ba0
h200-bar-202-129:1034496:1034496 [7] NCCL INFO AllReduce: opCount 0 sendbuff 0x783241a00080 recvbuff 0x783243a00080 count 32 datatype 7 op 0 root 0 comm 0x5f82e1e00160 [nranks=8] stream 0x5f82de8d53f0
h200-bar-202-129:1034496:1034496 [7] NCCL INFO AllReduce: opCount 0 sendbuff 0x783247a00080 recvbuff 0x783259c00080 count 32 datatype 7 op 0 root 0 comm 0x5f82e1f2bc30 [nranks=8] stream 0x5f82df441580
h200-bar-202-129:1034496:1034496 [7] NCCL INFO AllReduce: opCount 0 sendbuff 0x78325dc00080 recvbuff 0x78325fc00080 count 32 datatype 7 op 0 root 0 comm 0x5f82e2057720 [nranks=8] stream 0x5f82e004fd30
h200-bar-202-129:1034496:1034496 [7] NCCL INFO AllReduce: opCount 0 sendbuff 0x783263c00080 recvbuff 0x783265c00080 count 32 datatype 7 op 0 root 0 comm 0x5f82e2183230 [nranks=8] stream 0x5f82e0bfe400
h200-bar-202-129:1034496:1034496 [7] NCCL INFO AllReduce: opCount 0 sendbuff 0x783269c00080 recvbuff 0x78326bc00080 count 32 datatype 7 op 0 root 0 comm 0x5f82e22aed40 [nranks=8] stream 0x5f82e16f9da0
h200-bar-202-129:1034496:1034496 [0] NCCL INFO AllReduce: 128 Bytes -> Algo RING proto LL channel{Lo..Hi}={0..0}
h200-bar-202-129:1034496:1034496 [7] NCCL INFO AllReduce: opCount 0 sendbuff 0x78321a400000 recvbuff 0x78321c400000 count 32 datatype 7 op 0 root 0 comm 0x5f82e1a8a400 [nranks=8] stream 0x5f82dc888230
h200-bar-202-129:1034496:1034496 [7] NCCL INFO AllReduce: opCount 0 sendbuff 0x783235a00000 recvbuff 0x783237a00000 count 32 datatype 7 op 0 root 0 comm 0x5f82e1baf280 [nranks=8] stream 0x5f82dd1c0370
h200-bar-202-129:1034496:1034496 [7] NCCL INFO AllReduce: opCount 0 sendbuff 0x78323ba00000 recvbuff 0x78323da00000 count 32 datatype 7 op 0 root 0 comm 0x5f82e1cd4730 [nranks=8] stream 0x5f82ddc55ba0
h200-bar-202-129:1034496:1034496 [7] NCCL INFO AllReduce: opCount 0 sendbuff 0x783241a00000 recvbuff 0x783243a00000 count 32 datatype 7 op 0 root 0 comm 0x5f82e1e00160 [nranks=8] stream 0x5f82de8d53f0
h200-bar-202-129:1034496:1034496 [7] NCCL INFO AllReduce: opCount 0 sendbuff 0x783247a00000 recvbuff 0x783259c00000 count 32 datatype 7 op 0 root 0 comm 0x5f82e1f2bc30 [nranks=8] stream 0x5f82df441580
h200-bar-202-129:1034496:1034496 [7] NCCL INFO AllReduce: opCount 0 sendbuff 0x78325dc00000 recvbuff 0x78325fc00000 count 32 datatype 7 op 0 root 0 comm 0x5f82e2057720 [nranks=8] stream 0x5f82e004fd30
h200-bar-202-129:1034496:1034496 [7] NCCL INFO AllReduce: opCount 0 sendbuff 0x783263c00000 recvbuff 0x783265c00000 count 32 datatype 7 op 0 root 0 comm 0x5f82e2183230 [nranks=8] stream 0x5f82e0bfe400
h200-bar-202-129:1034496:1034496 [7] NCCL INFO AllReduce: opCount 0 sendbuff 0x783269c00000 recvbuff 0x78326bc00000 count 32 datatype 7 op 0 root 0 comm 0x5f82e22aed40 [nranks=8] stream 0x5f82e16f9da0
h200-bar-202-129:1034496:1034496 [0] NCCL INFO AllReduce: 128 Bytes -> Algo RING proto LL channel{Lo..Hi}={0..0}
    62.67    0.00    0.00       0h200-bar-202-129:1034496:1034496 [7] NCCL INFO AllReduce: opCount 0 sendbuff 0x78321c400000 recvbuff 0x78321c400000 count 32 datatype 7 op 0 root 0 comm 0x5f82e1a8a400 [nranks=8] stream 0x5f82dc888230
h200-bar-202-129:1034496:1034496 [7] NCCL INFO AllReduce: opCount 0 sendbuff 0x783237a00000 recvbuff 0x783237a00000 count 32 datatype 7 op 0 root 0 comm 0x5f82e1baf280 [nranks=8] stream 0x5f82dd1c0370
h200-bar-202-129:1034496:1034496 [7] NCCL INFO AllReduce: opCount 0 sendbuff 0x78323da00000 recvbuff 0x78323da00000 count 32 datatype 7 op 0 root 0 comm 0x5f82e1cd4730 [nranks=8] stream 0x5f82ddc55ba0
h200-bar-202-129:1034496:1034496 [7] NCCL INFO AllReduce: opCount 0 sendbuff 0x783243a00000 recvbuff 0x783243a00000 count 32 datatype 7 op 0 root 0 comm 0x5f82e1e00160 [nranks=8] stream 0x5f82de8d53f0
h200-bar-202-129:1034496:1034496 [7] NCCL INFO AllReduce: opCount 0 sendbuff 0x783259c00000 recvbuff 0x783259c00000 count 32 datatype 7 op 0 root 0 comm 0x5f82e1f2bc30 [nranks=8] stream 0x5f82df441580
h200-bar-202-129:1034496:1034496 [7] NCCL INFO AllReduce: opCount 0 sendbuff 0x78325fc00000 recvbuff 0x78325fc00000 count 32 datatype 7 op 0 root 0 comm 0x5f82e2057720 [nranks=8] stream 0x5f82e004fd30
h200-bar-202-129:1034496:1034496 [7] NCCL INFO AllReduce: opCount 0 sendbuff 0x783265c00000 recvbuff 0x783265c00000 count 32 datatype 7 op 0 root 0 comm 0x5f82e2183230 [nranks=8] stream 0x5f82e0bfe400
h200-bar-202-129:1034496:1034496 [7] NCCL INFO AllReduce: opCount 0 sendbuff 0x78326bc00000 recvbuff 0x78326bc00000 count 32 datatype 7 op 0 root 0 comm 0x5f82e22aed40 [nranks=8] stream 0x5f82e16f9da0
h200-bar-202-129:1034496:1034496 [0] NCCL INFO AllReduce: 128 Bytes -> Algo RING proto LL channel{Lo..Hi}={0..0}
h200-bar-202-129:1034496:1034496 [7] NCCL INFO AllReduce: opCount 0 sendbuff 0x78321c400000 recvbuff 0x78321c400000 count 32 datatype 7 op 0 root 0 comm 0x5f82e1a8a400 [nranks=8] stream 0x5f82dc888230
h200-bar-202-129:1034496:1034496 [7] NCCL INFO AllReduce: opCount 0 sendbuff 0x783237a00000 recvbuff 0x783237a00000 count 32 datatype 7 op 0 root 0 comm 0x5f82e1baf280 [nranks=8] stream 0x5f82dd1c0370
h200-bar-202-129:1034496:1034496 [7] NCCL INFO AllReduce: opCount 0 sendbuff 0x78323da00000 recvbuff 0x78323da00000 count 32 datatype 7 op 0 root 0 comm 0x5f82e1cd4730 [nranks=8] stream 0x5f82ddc55ba0
h200-bar-202-129:1034496:1034496 [7] NCCL INFO AllReduce: opCount 0 sendbuff 0x783243a00000 recvbuff 0x783243a00000 count 32 datatype 7 op 0 root 0 comm 0x5f82e1e00160 [nranks=8] stream 0x5f82de8d53f0
h200-bar-202-129:1034496:1034496 [7] NCCL INFO AllReduce: opCount 0 sendbuff 0x783259c00000 recvbuff 0x783259c00000 count 32 datatype 7 op 0 root 0 comm 0x5f82e1f2bc30 [nranks=8] stream 0x5f82df441580
h200-bar-202-129:1034496:1034496 [7] NCCL INFO AllReduce: opCount 0 sendbuff 0x78325fc00000 recvbuff 0x78325fc00000 count 32 datatype 7 op 0 root 0 comm 0x5f82e2057720 [nranks=8] stream 0x5f82e004fd30
h200-bar-202-129:1034496:1034496 [7] NCCL INFO AllReduce: opCount 0 sendbuff 0x783265c00000 recvbuff 0x783265c00000 count 32 datatype 7 op 0 root 0 comm 0x5f82e2183230 [nranks=8] stream 0x5f82e0bfe400
h200-bar-202-129:1034496:1034496 [7] NCCL INFO AllReduce: opCount 0 sendbuff 0x78326bc00000 recvbuff 0x78326bc00000 count 32 datatype 7 op 0 root 0 comm 0x5f82e22aed40 [nranks=8] stream 0x5f82e16f9da0
h200-bar-202-129:1034496:1034496 [0] NCCL INFO AllReduce: 128 Bytes -> Algo RING proto LL channel{Lo..Hi}={0..0}
h200-bar-202-129:1034496:1034496 [7] NCCL INFO AllReduce: opCount 0 sendbuff 0x78321c400080 recvbuff 0x78321c400080 count 32 datatype 7 op 0 root 0 comm 0x5f82e1a8a400 [nranks=8] stream 0x5f82dc888230
h200-bar-202-129:1034496:1034496 [7] NCCL INFO AllReduce: opCount 0 sendbuff 0x783237a00080 recvbuff 0x783237a00080 count 32 datatype 7 op 0 root 0 comm 0x5f82e1baf280 [nranks=8] stream 0x5f82dd1c0370
h200-bar-202-129:1034496:1034496 [7] NCCL INFO AllReduce: opCount 0 sendbuff 0x78323da00080 recvbuff 0x78323da00080 count 32 datatype 7 op 0 root 0 comm 0x5f82e1cd4730 [nranks=8] stream 0x5f82ddc55ba0
h200-bar-202-129:1034496:1034496 [7] NCCL INFO AllReduce: opCount 0 sendbuff 0x783243a00080 recvbuff 0x783243a00080 count 32 datatype 7 op 0 root 0 comm 0x5f82e1e00160 [nranks=8] stream 0x5f82de8d53f0
h200-bar-202-129:1034496:1034496 [7] NCCL INFO AllReduce: opCount 0 sendbuff 0x783259c00080 recvbuff 0x783259c00080 count 32 datatype 7 op 0 root 0 comm 0x5f82e1f2bc30 [nranks=8] stream 0x5f82df441580
h200-bar-202-129:1034496:1034496 [7] NCCL INFO AllReduce: opCount 0 sendbuff 0x78325fc00080 recvbuff 0x78325fc00080 count 32 datatype 7 op 0 root 0 comm 0x5f82e2057720 [nranks=8] stream 0x5f82e004fd30
h200-bar-202-129:1034496:1034496 [7] NCCL INFO AllReduce: opCount 0 sendbuff 0x783265c00080 recvbuff 0x783265c00080 count 32 datatype 7 op 0 root 0 comm 0x5f82e2183230 [nranks=8] stream 0x5f82e0bfe400
h200-bar-202-129:1034496:1034496 [7] NCCL INFO AllReduce: opCount 0 sendbuff 0x78326bc00080 recvbuff 0x78326bc00080 count 32 datatype 7 op 0 root 0 comm 0x5f82e22aed40 [nranks=8] stream 0x5f82e16f9da0
h200-bar-202-129:1034496:1034496 [0] NCCL INFO AllReduce: 128 Bytes -> Algo RING proto LL channel{Lo..Hi}={0..0}
h200-bar-202-129:1034496:1034496 [7] NCCL INFO AllReduce: opCount 0 sendbuff 0x78321c400000 recvbuff 0x78321c400000 count 32 datatype 7 op 0 root 0 comm 0x5f82e1a8a400 [nranks=8] stream 0x5f82dc888230
h200-bar-202-129:1034496:1034496 [7] NCCL INFO AllReduce: opCount 0 sendbuff 0x783237a00000 recvbuff 0x783237a00000 count 32 datatype 7 op 0 root 0 comm 0x5f82e1baf280 [nranks=8] stream 0x5f82dd1c0370
h200-bar-202-129:1034496:1034496 [7] NCCL INFO AllReduce: opCount 0 sendbuff 0x78323da00000 recvbuff 0x78323da00000 count 32 datatype 7 op 0 root 0 comm 0x5f82e1cd4730 [nranks=8] stream 0x5f82ddc55ba0
h200-bar-202-129:1034496:1034496 [7] NCCL INFO AllReduce: opCount 0 sendbuff 0x783243a00000 recvbuff 0x783243a00000 count 32 datatype 7 op 0 root 0 comm 0x5f82e1e00160 [nranks=8] stream 0x5f82de8d53f0
h200-bar-202-129:1034496:1034496 [7] NCCL INFO AllReduce: opCount 0 sendbuff 0x783259c00000 recvbuff 0x783259c00000 count 32 datatype 7 op 0 root 0 comm 0x5f82e1f2bc30 [nranks=8] stream 0x5f82df441580
h200-bar-202-129:1034496:1034496 [7] NCCL INFO AllReduce: opCount 0 sendbuff 0x78325fc00000 recvbuff 0x78325fc00000 count 32 datatype 7 op 0 root 0 comm 0x5f82e2057720 [nranks=8] stream 0x5f82e004fd30
h200-bar-202-129:1034496:1034496 [7] NCCL INFO AllReduce: opCount 0 sendbuff 0x783265c00000 recvbuff 0x783265c00000 count 32 datatype 7 op 0 root 0 comm 0x5f82e2183230 [nranks=8] stream 0x5f82e0bfe400
h200-bar-202-129:1034496:1034496 [7] NCCL INFO AllReduce: opCount 0 sendbuff 0x78326bc00000 recvbuff 0x78326bc00000 count 32 datatype 7 op 0 root 0 comm 0x5f82e22aed40 [nranks=8] stream 0x5f82e16f9da0
h200-bar-202-129:1034496:1034496 [0] NCCL INFO AllReduce: 128 Bytes -> Algo RING proto LL channel{Lo..Hi}={0..0}
    60.61    0.00    0.00       0
        4096          1024     float     sum      -1h200-bar-202-129:1034496:1034496 [7] NCCL INFO AllReduce: opCount 0 sendbuff 0x78321a400000 recvbuff 0x78321c400000 count 1024 datatype 7 op 0 root 0 comm 0x5f82e1a8a400 [nranks=8] stream 0x5f82dc888230
h200-bar-202-129:1034496:1034496 [7] NCCL INFO AllReduce: opCount 0 sendbuff 0x783235a00000 recvbuff 0x783237a00000 count 1024 datatype 7 op 0 root 0 comm 0x5f82e1baf280 [nranks=8] stream 0x5f82dd1c0370
h200-bar-202-129:1034496:1034496 [7] NCCL INFO AllReduce: opCount 0 sendbuff 0x78323ba00000 recvbuff 0x78323da00000 count 1024 datatype 7 op 0 root 0 comm 0x5f82e1cd4730 [nranks=8] stream 0x5f82ddc55ba0
h200-bar-202-129:1034496:1034496 [7] NCCL INFO AllReduce: opCount 0 sendbuff 0x783241a00000 recvbuff 0x783243a00000 count 1024 datatype 7 op 0 root 0 comm 0x5f82e1e00160 [nranks=8] stream 0x5f82de8d53f0
h200-bar-202-129:1034496:1034496 [7] NCCL INFO AllReduce: opCount 0 sendbuff 0x783247a00000 recvbuff 0x783259c00000 count 1024 datatype 7 op 0 root 0 comm 0x5f82e1f2bc30 [nranks=8] stream 0x5f82df441580
h200-bar-202-129:1034496:1034496 [7] NCCL INFO AllReduce: opCount 0 sendbuff 0x78325dc00000 recvbuff 0x78325fc00000 count 1024 datatype 7 op 0 root 0 comm 0x5f82e2057720 [nranks=8] stream 0x5f82e004fd30
h200-bar-202-129:1034496:1034496 [7] NCCL INFO AllReduce: opCount 0 sendbuff 0x783263c00000 recvbuff 0x783265c00000 count 1024 datatype 7 op 0 root 0 comm 0x5f82e2183230 [nranks=8] stream 0x5f82e0bfe400
h200-bar-202-129:1034496:1034496 [7] NCCL INFO AllReduce: opCount 0 sendbuff 0x783269c00000 recvbuff 0x78326bc00000 count 1024 datatype 7 op 0 root 0 comm 0x5f82e22aed40 [nranks=8] stream 0x5f82e16f9da0
h200-bar-202-129:1034496:1034496 [0] NCCL INFO AllReduce: 4096 Bytes -> Algo RING proto LL channel{Lo..Hi}={0..0}
h200-bar-202-129:1034496:1034496 [7] NCCL INFO AllReduce: opCount 0 sendbuff 0x78321a400000 recvbuff 0x78321c400000 count 1024 datatype 7 op 0 root 0 comm 0x5f82e1a8a400 [nranks=8] stream 0x5f82dc888230
h200-bar-202-129:1034496:1034496 [7] NCCL INFO AllReduce: opCount 0 sendbuff 0x783235a00000 recvbuff 0x783237a00000 count 1024 datatype 7 op 0 root 0 comm 0x5f82e1baf280 [nranks=8] stream 0x5f82dd1c0370
h200-bar-202-129:1034496:1034496 [7] NCCL INFO AllReduce: opCount 0 sendbuff 0x78323ba00000 recvbuff 0x78323da00000 count 1024 datatype 7 op 0 root 0 comm 0x5f82e1cd4730 [nranks=8] stream 0x5f82ddc55ba0
h200-bar-202-129:1034496:1034496 [7] NCCL INFO AllReduce: opCount 0 sendbuff 0x783241a00000 recvbuff 0x783243a00000 count 1024 datatype 7 op 0 root 0 comm 0x5f82e1e00160 [nranks=8] stream 0x5f82de8d53f0
h200-bar-202-129:1034496:1034496 [7] NCCL INFO AllReduce: opCount 0 sendbuff 0x783247a00000 recvbuff 0x783259c00000 count 1024 datatype 7 op 0 root 0 comm 0x5f82e1f2bc30 [nranks=8] stream 0x5f82df441580
h200-bar-202-129:1034496:1034496 [7] NCCL INFO AllReduce: opCount 0 sendbuff 0x78325dc00000 recvbuff 0x78325fc00000 count 1024 datatype 7 op 0 root 0 comm 0x5f82e2057720 [nranks=8] stream 0x5f82e004fd30
h200-bar-202-129:1034496:1034496 [7] NCCL INFO AllReduce: opCount 0 sendbuff 0x783263c00000 recvbuff 0x783265c00000 count 1024 datatype 7 op 0 root 0 comm 0x5f82e2183230 [nranks=8] stream 0x5f82e0bfe400
h200-bar-202-129:1034496:1034496 [7] NCCL INFO AllReduce: opCount 0 sendbuff 0x783269c00000 recvbuff 0x78326bc00000 count 1024 datatype 7 op 0 root 0 comm 0x5f82e22aed40 [nranks=8] stream 0x5f82e16f9da0
h200-bar-202-129:1034496:1034496 [0] NCCL INFO AllReduce: 4096 Bytes -> Algo RING proto LL channel{Lo..Hi}={0..0}
h200-bar-202-129:1034496:1034496 [7] NCCL INFO AllReduce: opCount 0 sendbuff 0x78321a401000 recvbuff 0x78321c401000 count 1024 datatype 7 op 0 root 0 comm 0x5f82e1a8a400 [nranks=8] stream 0x5f82dc888230
h200-bar-202-129:1034496:1034496 [7] NCCL INFO AllReduce: opCount 0 sendbuff 0x783235a01000 recvbuff 0x783237a01000 count 1024 datatype 7 op 0 root 0 comm 0x5f82e1baf280 [nranks=8] stream 0x5f82dd1c0370
h200-bar-202-129:1034496:1034496 [7] NCCL INFO AllReduce: opCount 0 sendbuff 0x78323ba01000 recvbuff 0x78323da01000 count 1024 datatype 7 op 0 root 0 comm 0x5f82e1cd4730 [nranks=8] stream 0x5f82ddc55ba0
h200-bar-202-129:1034496:1034496 [7] NCCL INFO AllReduce: opCount 0 sendbuff 0x783241a01000 recvbuff 0x783243a01000 count 1024 datatype 7 op 0 root 0 comm 0x5f82e1e00160 [nranks=8] stream 0x5f82de8d53f0
h200-bar-202-129:1034496:1034496 [7] NCCL INFO AllReduce: opCount 0 sendbuff 0x783247a01000 recvbuff 0x783259c01000 count 1024 datatype 7 op 0 root 0 comm 0x5f82e1f2bc30 [nranks=8] stream 0x5f82df441580
h200-bar-202-129:1034496:1034496 [7] NCCL INFO AllReduce: opCount 0 sendbuff 0x78325dc01000 recvbuff 0x78325fc01000 count 1024 datatype 7 op 0 root 0 comm 0x5f82e2057720 [nranks=8] stream 0x5f82e004fd30
h200-bar-202-129:1034496:1034496 [7] NCCL INFO AllReduce: opCount 0 sendbuff 0x783263c01000 recvbuff 0x783265c01000 count 1024 datatype 7 op 0 root 0 comm 0x5f82e2183230 [nranks=8] stream 0x5f82e0bfe400
h200-bar-202-129:1034496:1034496 [7] NCCL INFO AllReduce: opCount 0 sendbuff 0x783269c01000 recvbuff 0x78326bc01000 count 1024 datatype 7 op 0 root 0 comm 0x5f82e22aed40 [nranks=8] stream 0x5f82e16f9da0
h200-bar-202-129:1034496:1034496 [0] NCCL INFO AllReduce: 4096 Bytes -> Algo RING proto LL channel{Lo..Hi}={0..0}
h200-bar-202-129:1034496:1034496 [7] NCCL INFO AllReduce: opCount 0 sendbuff 0x78321a400000 recvbuff 0x78321c400000 count 1024 datatype 7 op 0 root 0 comm 0x5f82e1a8a400 [nranks=8] stream 0x5f82dc888230
h200-bar-202-129:1034496:1034496 [7] NCCL INFO AllReduce: opCount 0 sendbuff 0x783235a00000 recvbuff 0x783237a00000 count 1024 datatype 7 op 0 root 0 comm 0x5f82e1baf280 [nranks=8] stream 0x5f82dd1c0370
h200-bar-202-129:1034496:1034496 [7] NCCL INFO AllReduce: opCount 0 sendbuff 0x78323ba00000 recvbuff 0x78323da00000 count 1024 datatype 7 op 0 root 0 comm 0x5f82e1cd4730 [nranks=8] stream 0x5f82ddc55ba0
h200-bar-202-129:1034496:1034496 [7] NCCL INFO AllReduce: opCount 0 sendbuff 0x783241a00000 recvbuff 0x783243a00000 count 1024 datatype 7 op 0 root 0 comm 0x5f82e1e00160 [nranks=8] stream 0x5f82de8d53f0
h200-bar-202-129:1034496:1034496 [7] NCCL INFO AllReduce: opCount 0 sendbuff 0x783247a00000 recvbuff 0x783259c00000 count 1024 datatype 7 op 0 root 0 comm 0x5f82e1f2bc30 [nranks=8] stream 0x5f82df441580
h200-bar-202-129:1034496:1034496 [7] NCCL INFO AllReduce: opCount 0 sendbuff 0x78325dc00000 recvbuff 0x78325fc00000 count 1024 datatype 7 op 0 root 0 comm 0x5f82e2057720 [nranks=8] stream 0x5f82e004fd30
h200-bar-202-129:1034496:1034496 [7] NCCL INFO AllReduce: opCount 0 sendbuff 0x783263c00000 recvbuff 0x783265c00000 count 1024 datatype 7 op 0 root 0 comm 0x5f82e2183230 [nranks=8] stream 0x5f82e0bfe400
h200-bar-202-129:1034496:1034496 [7] NCCL INFO AllReduce: opCount 0 sendbuff 0x783269c00000 recvbuff 0x78326bc00000 count 1024 datatype 7 op 0 root 0 comm 0x5f82e22aed40 [nranks=8] stream 0x5f82e16f9da0
h200-bar-202-129:1034496:1034496 [0] NCCL INFO AllReduce: 4096 Bytes -> Algo RING proto LL channel{Lo..Hi}={0..0}
    61.80    0.07    0.12       0h200-bar-202-129:1034496:1034496 [7] NCCL INFO AllReduce: opCount 0 sendbuff 0x78321c400000 recvbuff 0x78321c400000 count 1024 datatype 7 op 0 root 0 comm 0x5f82e1a8a400 [nranks=8] stream 0x5f82dc888230
h200-bar-202-129:1034496:1034496 [7] NCCL INFO AllReduce: opCount 0 sendbuff 0x783237a00000 recvbuff 0x783237a00000 count 1024 datatype 7 op 0 root 0 comm 0x5f82e1baf280 [nranks=8] stream 0x5f82dd1c0370
h200-bar-202-129:1034496:1034496 [7] NCCL INFO AllReduce: opCount 0 sendbuff 0x78323da00000 recvbuff 0x78323da00000 count 1024 datatype 7 op 0 root 0 comm 0x5f82e1cd4730 [nranks=8] stream 0x5f82ddc55ba0
h200-bar-202-129:1034496:1034496 [7] NCCL INFO AllReduce: opCount 0 sendbuff 0x783243a00000 recvbuff 0x783243a00000 count 1024 datatype 7 op 0 root 0 comm 0x5f82e1e00160 [nranks=8] stream 0x5f82de8d53f0
h200-bar-202-129:1034496:1034496 [7] NCCL INFO AllReduce: opCount 0 sendbuff 0x783259c00000 recvbuff 0x783259c00000 count 1024 datatype 7 op 0 root 0 comm 0x5f82e1f2bc30 [nranks=8] stream 0x5f82df441580
h200-bar-202-129:1034496:1034496 [7] NCCL INFO AllReduce: opCount 0 sendbuff 0x78325fc00000 recvbuff 0x78325fc00000 count 1024 datatype 7 op 0 root 0 comm 0x5f82e2057720 [nranks=8] stream 0x5f82e004fd30
h200-bar-202-129:1034496:1034496 [7] NCCL INFO AllReduce: opCount 0 sendbuff 0x783265c00000 recvbuff 0x783265c00000 count 1024 datatype 7 op 0 root 0 comm 0x5f82e2183230 [nranks=8] stream 0x5f82e0bfe400
h200-bar-202-129:1034496:1034496 [7] NCCL INFO AllReduce: opCount 0 sendbuff 0x78326bc00000 recvbuff 0x78326bc00000 count 1024 datatype 7 op 0 root 0 comm 0x5f82e22aed40 [nranks=8] stream 0x5f82e16f9da0
h200-bar-202-129:1034496:1034496 [0] NCCL INFO AllReduce: 4096 Bytes -> Algo RING proto LL channel{Lo..Hi}={0..0}
h200-bar-202-129:1034496:1034496 [7] NCCL INFO AllReduce: opCount 0 sendbuff 0x78321c400000 recvbuff 0x78321c400000 count 1024 datatype 7 op 0 root 0 comm 0x5f82e1a8a400 [nranks=8] stream 0x5f82dc888230
h200-bar-202-129:1034496:1034496 [7] NCCL INFO AllReduce: opCount 0 sendbuff 0x783237a00000 recvbuff 0x783237a00000 count 1024 datatype 7 op 0 root 0 comm 0x5f82e1baf280 [nranks=8] stream 0x5f82dd1c0370
h200-bar-202-129:1034496:1034496 [7] NCCL INFO AllReduce: opCount 0 sendbuff 0x78323da00000 recvbuff 0x78323da00000 count 1024 datatype 7 op 0 root 0 comm 0x5f82e1cd4730 [nranks=8] stream 0x5f82ddc55ba0
h200-bar-202-129:1034496:1034496 [7] NCCL INFO AllReduce: opCount 0 sendbuff 0x783243a00000 recvbuff 0x783243a00000 count 1024 datatype 7 op 0 root 0 comm 0x5f82e1e00160 [nranks=8] stream 0x5f82de8d53f0
h200-bar-202-129:1034496:1034496 [7] NCCL INFO AllReduce: opCount 0 sendbuff 0x783259c00000 recvbuff 0x783259c00000 count 1024 datatype 7 op 0 root 0 comm 0x5f82e1f2bc30 [nranks=8] stream 0x5f82df441580
h200-bar-202-129:1034496:1034496 [7] NCCL INFO AllReduce: opCount 0 sendbuff 0x78325fc00000 recvbuff 0x78325fc00000 count 1024 datatype 7 op 0 root 0 comm 0x5f82e2057720 [nranks=8] stream 0x5f82e004fd30
h200-bar-202-129:1034496:1034496 [7] NCCL INFO AllReduce: opCount 0 sendbuff 0x783265c00000 recvbuff 0x783265c00000 count 1024 datatype 7 op 0 root 0 comm 0x5f82e2183230 [nranks=8] stream 0x5f82e0bfe400
h200-bar-202-129:1034496:1034496 [7] NCCL INFO AllReduce: opCount 0 sendbuff 0x78326bc00000 recvbuff 0x78326bc00000 count 1024 datatype 7 op 0 root 0 comm 0x5f82e22aed40 [nranks=8] stream 0x5f82e16f9da0
h200-bar-202-129:1034496:1034496 [0] NCCL INFO AllReduce: 4096 Bytes -> Algo RING proto LL channel{Lo..Hi}={0..0}
h200-bar-202-129:1034496:1034496 [7] NCCL INFO AllReduce: opCount 0 sendbuff 0x78321c401000 recvbuff 0x78321c401000 count 1024 datatype 7 op 0 root 0 comm 0x5f82e1a8a400 [nranks=8] stream 0x5f82dc888230
h200-bar-202-129:1034496:1034496 [7] NCCL INFO AllReduce: opCount 0 sendbuff 0x783237a01000 recvbuff 0x783237a01000 count 1024 datatype 7 op 0 root 0 comm 0x5f82e1baf280 [nranks=8] stream 0x5f82dd1c0370
h200-bar-202-129:1034496:1034496 [7] NCCL INFO AllReduce: opCount 0 sendbuff 0x78323da01000 recvbuff 0x78323da01000 count 1024 datatype 7 op 0 root 0 comm 0x5f82e1cd4730 [nranks=8] stream 0x5f82ddc55ba0
h200-bar-202-129:1034496:1034496 [7] NCCL INFO AllReduce: opCount 0 sendbuff 0x783243a01000 recvbuff 0x783243a01000 count 1024 datatype 7 op 0 root 0 comm 0x5f82e1e00160 [nranks=8] stream 0x5f82de8d53f0
h200-bar-202-129:1034496:1034496 [7] NCCL INFO AllReduce: opCount 0 sendbuff 0x783259c01000 recvbuff 0x783259c01000 count 1024 datatype 7 op 0 root 0 comm 0x5f82e1f2bc30 [nranks=8] stream 0x5f82df441580
h200-bar-202-129:1034496:1034496 [7] NCCL INFO AllReduce: opCount 0 sendbuff 0x78325fc01000 recvbuff 0x78325fc01000 count 1024 datatype 7 op 0 root 0 comm 0x5f82e2057720 [nranks=8] stream 0x5f82e004fd30
h200-bar-202-129:1034496:1034496 [7] NCCL INFO AllReduce: opCount 0 sendbuff 0x783265c01000 recvbuff 0x783265c01000 count 1024 datatype 7 op 0 root 0 comm 0x5f82e2183230 [nranks=8] stream 0x5f82e0bfe400
h200-bar-202-129:1034496:1034496 [7] NCCL INFO AllReduce: opCount 0 sendbuff 0x78326bc01000 recvbuff 0x78326bc01000 count 1024 datatype 7 op 0 root 0 comm 0x5f82e22aed40 [nranks=8] stream 0x5f82e16f9da0
h200-bar-202-129:1034496:1034496 [0] NCCL INFO AllReduce: 4096 Bytes -> Algo RING proto LL channel{Lo..Hi}={0..0}
h200-bar-202-129:1034496:1034496 [7] NCCL INFO AllReduce: opCount 0 sendbuff 0x78321c400000 recvbuff 0x78321c400000 count 1024 datatype 7 op 0 root 0 comm 0x5f82e1a8a400 [nranks=8] stream 0x5f82dc888230
h200-bar-202-129:1034496:1034496 [7] NCCL INFO AllReduce: opCount 0 sendbuff 0x783237a00000 recvbuff 0x783237a00000 count 1024 datatype 7 op 0 root 0 comm 0x5f82e1baf280 [nranks=8] stream 0x5f82dd1c0370
h200-bar-202-129:1034496:1034496 [7] NCCL INFO AllReduce: opCount 0 sendbuff 0x78323da00000 recvbuff 0x78323da00000 count 1024 datatype 7 op 0 root 0 comm 0x5f82e1cd4730 [nranks=8] stream 0x5f82ddc55ba0
h200-bar-202-129:1034496:1034496 [7] NCCL INFO AllReduce: opCount 0 sendbuff 0x783243a00000 recvbuff 0x783243a00000 count 1024 datatype 7 op 0 root 0 comm 0x5f82e1e00160 [nranks=8] stream 0x5f82de8d53f0
h200-bar-202-129:1034496:1034496 [7] NCCL INFO AllReduce: opCount 0 sendbuff 0x783259c00000 recvbuff 0x783259c00000 count 1024 datatype 7 op 0 root 0 comm 0x5f82e1f2bc30 [nranks=8] stream 0x5f82df441580
h200-bar-202-129:1034496:1034496 [7] NCCL INFO AllReduce: opCount 0 sendbuff 0x78325fc00000 recvbuff 0x78325fc00000 count 1024 datatype 7 op 0 root 0 comm 0x5f82e2057720 [nranks=8] stream 0x5f82e004fd30
h200-bar-202-129:1034496:1034496 [7] NCCL INFO AllReduce: opCount 0 sendbuff 0x783265c00000 recvbuff 0x783265c00000 count 1024 datatype 7 op 0 root 0 comm 0x5f82e2183230 [nranks=8] stream 0x5f82e0bfe400
h200-bar-202-129:1034496:1034496 [7] NCCL INFO AllReduce: opCount 0 sendbuff 0x78326bc00000 recvbuff 0x78326bc00000 count 1024 datatype 7 op 0 root 0 comm 0x5f82e22aed40 [nranks=8] stream 0x5f82e16f9da0
h200-bar-202-129:1034496:1034496 [0] NCCL INFO AllReduce: 4096 Bytes -> Algo RING proto LL channel{Lo..Hi}={0..0}
    61.63    0.07    0.12       0
      131072         32768     float     sum      -1h200-bar-202-129:1034496:1034496 [7] NCCL INFO AllReduce: opCount 0 sendbuff 0x78321a400000 recvbuff 0x78321c400000 count 32768 datatype 7 op 0 root 0 comm 0x5f82e1a8a400 [nranks=8] stream 0x5f82dc888230
h200-bar-202-129:1034496:1034496 [7] NCCL INFO AllReduce: opCount 0 sendbuff 0x783235a00000 recvbuff 0x783237a00000 count 32768 datatype 7 op 0 root 0 comm 0x5f82e1baf280 [nranks=8] stream 0x5f82dd1c0370
h200-bar-202-129:1034496:1034496 [7] NCCL INFO AllReduce: opCount 0 sendbuff 0x78323ba00000 recvbuff 0x78323da00000 count 32768 datatype 7 op 0 root 0 comm 0x5f82e1cd4730 [nranks=8] stream 0x5f82ddc55ba0
h200-bar-202-129:1034496:1034496 [7] NCCL INFO AllReduce: opCount 0 sendbuff 0x783241a00000 recvbuff 0x783243a00000 count 32768 datatype 7 op 0 root 0 comm 0x5f82e1e00160 [nranks=8] stream 0x5f82de8d53f0
h200-bar-202-129:1034496:1034496 [7] NCCL INFO AllReduce: opCount 0 sendbuff 0x783247a00000 recvbuff 0x783259c00000 count 32768 datatype 7 op 0 root 0 comm 0x5f82e1f2bc30 [nranks=8] stream 0x5f82df441580
h200-bar-202-129:1034496:1034496 [7] NCCL INFO AllReduce: opCount 0 sendbuff 0x78325dc00000 recvbuff 0x78325fc00000 count 32768 datatype 7 op 0 root 0 comm 0x5f82e2057720 [nranks=8] stream 0x5f82e004fd30
h200-bar-202-129:1034496:1034496 [7] NCCL INFO AllReduce: opCount 0 sendbuff 0x783263c00000 recvbuff 0x783265c00000 count 32768 datatype 7 op 0 root 0 comm 0x5f82e2183230 [nranks=8] stream 0x5f82e0bfe400
h200-bar-202-129:1034496:1034496 [7] NCCL INFO AllReduce: opCount 0 sendbuff 0x783269c00000 recvbuff 0x78326bc00000 count 32768 datatype 7 op 0 root 0 comm 0x5f82e22aed40 [nranks=8] stream 0x5f82e16f9da0
h200-bar-202-129:1034496:1034496 [0] NCCL INFO AllReduce: 131072 Bytes -> Algo RING proto LL channel{Lo..Hi}={0..3}
h200-bar-202-129:1034496:1034496 [7] NCCL INFO AllReduce: opCount 0 sendbuff 0x78321a400000 recvbuff 0x78321c400000 count 32768 datatype 7 op 0 root 0 comm 0x5f82e1a8a400 [nranks=8] stream 0x5f82dc888230
h200-bar-202-129:1034496:1034496 [7] NCCL INFO AllReduce: opCount 0 sendbuff 0x783235a00000 recvbuff 0x783237a00000 count 32768 datatype 7 op 0 root 0 comm 0x5f82e1baf280 [nranks=8] stream 0x5f82dd1c0370
h200-bar-202-129:1034496:1034496 [7] NCCL INFO AllReduce: opCount 0 sendbuff 0x78323ba00000 recvbuff 0x78323da00000 count 32768 datatype 7 op 0 root 0 comm 0x5f82e1cd4730 [nranks=8] stream 0x5f82ddc55ba0
h200-bar-202-129:1034496:1034496 [7] NCCL INFO AllReduce: opCount 0 sendbuff 0x783241a00000 recvbuff 0x783243a00000 count 32768 datatype 7 op 0 root 0 comm 0x5f82e1e00160 [nranks=8] stream 0x5f82de8d53f0
h200-bar-202-129:1034496:1034496 [7] NCCL INFO AllReduce: opCount 0 sendbuff 0x783247a00000 recvbuff 0x783259c00000 count 32768 datatype 7 op 0 root 0 comm 0x5f82e1f2bc30 [nranks=8] stream 0x5f82df441580
h200-bar-202-129:1034496:1034496 [7] NCCL INFO AllReduce: opCount 0 sendbuff 0x78325dc00000 recvbuff 0x78325fc00000 count 32768 datatype 7 op 0 root 0 comm 0x5f82e2057720 [nranks=8] stream 0x5f82e004fd30
h200-bar-202-129:1034496:1034496 [7] NCCL INFO AllReduce: opCount 0 sendbuff 0x783263c00000 recvbuff 0x783265c00000 count 32768 datatype 7 op 0 root 0 comm 0x5f82e2183230 [nranks=8] stream 0x5f82e0bfe400
h200-bar-202-129:1034496:1034496 [7] NCCL INFO AllReduce: opCount 0 sendbuff 0x783269c00000 recvbuff 0x78326bc00000 count 32768 datatype 7 op 0 root 0 comm 0x5f82e22aed40 [nranks=8] stream 0x5f82e16f9da0
h200-bar-202-129:1034496:1034496 [0] NCCL INFO AllReduce: 131072 Bytes -> Algo RING proto LL channel{Lo..Hi}={0..3}
h200-bar-202-129:1034496:1034496 [7] NCCL INFO AllReduce: opCount 0 sendbuff 0x78321a420000 recvbuff 0x78321c420000 count 32768 datatype 7 op 0 root 0 comm 0x5f82e1a8a400 [nranks=8] stream 0x5f82dc888230
h200-bar-202-129:1034496:1034496 [7] NCCL INFO AllReduce: opCount 0 sendbuff 0x783235a20000 recvbuff 0x783237a20000 count 32768 datatype 7 op 0 root 0 comm 0x5f82e1baf280 [nranks=8] stream 0x5f82dd1c0370
h200-bar-202-129:1034496:1034496 [7] NCCL INFO AllReduce: opCount 0 sendbuff 0x78323ba20000 recvbuff 0x78323da20000 count 32768 datatype 7 op 0 root 0 comm 0x5f82e1cd4730 [nranks=8] stream 0x5f82ddc55ba0
h200-bar-202-129:1034496:1034496 [7] NCCL INFO AllReduce: opCount 0 sendbuff 0x783241a20000 recvbuff 0x783243a20000 count 32768 datatype 7 op 0 root 0 comm 0x5f82e1e00160 [nranks=8] stream 0x5f82de8d53f0
h200-bar-202-129:1034496:1034496 [7] NCCL INFO AllReduce: opCount 0 sendbuff 0x783247a20000 recvbuff 0x783259c20000 count 32768 datatype 7 op 0 root 0 comm 0x5f82e1f2bc30 [nranks=8] stream 0x5f82df441580
h200-bar-202-129:1034496:1034496 [7] NCCL INFO AllReduce: opCount 0 sendbuff 0x78325dc20000 recvbuff 0x78325fc20000 count 32768 datatype 7 op 0 root 0 comm 0x5f82e2057720 [nranks=8] stream 0x5f82e004fd30
h200-bar-202-129:1034496:1034496 [7] NCCL INFO AllReduce: opCount 0 sendbuff 0x783263c20000 recvbuff 0x783265c20000 count 32768 datatype 7 op 0 root 0 comm 0x5f82e2183230 [nranks=8] stream 0x5f82e0bfe400
h200-bar-202-129:1034496:1034496 [7] NCCL INFO AllReduce: opCount 0 sendbuff 0x783269c20000 recvbuff 0x78326bc20000 count 32768 datatype 7 op 0 root 0 comm 0x5f82e22aed40 [nranks=8] stream 0x5f82e16f9da0
h200-bar-202-129:1034496:1034496 [0] NCCL INFO AllReduce: 131072 Bytes -> Algo RING proto LL channel{Lo..Hi}={0..3}
h200-bar-202-129:1034496:1034496 [7] NCCL INFO AllReduce: opCount 0 sendbuff 0x78321a400000 recvbuff 0x78321c400000 count 32768 datatype 7 op 0 root 0 comm 0x5f82e1a8a400 [nranks=8] stream 0x5f82dc888230
h200-bar-202-129:1034496:1034496 [7] NCCL INFO AllReduce: opCount 0 sendbuff 0x783235a00000 recvbuff 0x783237a00000 count 32768 datatype 7 op 0 root 0 comm 0x5f82e1baf280 [nranks=8] stream 0x5f82dd1c0370
h200-bar-202-129:1034496:1034496 [7] NCCL INFO AllReduce: opCount 0 sendbuff 0x78323ba00000 recvbuff 0x78323da00000 count 32768 datatype 7 op 0 root 0 comm 0x5f82e1cd4730 [nranks=8] stream 0x5f82ddc55ba0
h200-bar-202-129:1034496:1034496 [7] NCCL INFO AllReduce: opCount 0 sendbuff 0x783241a00000 recvbuff 0x783243a00000 count 32768 datatype 7 op 0 root 0 comm 0x5f82e1e00160 [nranks=8] stream 0x5f82de8d53f0
h200-bar-202-129:1034496:1034496 [7] NCCL INFO AllReduce: opCount 0 sendbuff 0x783247a00000 recvbuff 0x783259c00000 count 32768 datatype 7 op 0 root 0 comm 0x5f82e1f2bc30 [nranks=8] stream 0x5f82df441580
h200-bar-202-129:1034496:1034496 [7] NCCL INFO AllReduce: opCount 0 sendbuff 0x78325dc00000 recvbuff 0x78325fc00000 count 32768 datatype 7 op 0 root 0 comm 0x5f82e2057720 [nranks=8] stream 0x5f82e004fd30
h200-bar-202-129:1034496:1034496 [7] NCCL INFO AllReduce: opCount 0 sendbuff 0x783263c00000 recvbuff 0x783265c00000 count 32768 datatype 7 op 0 root 0 comm 0x5f82e2183230 [nranks=8] stream 0x5f82e0bfe400
h200-bar-202-129:1034496:1034496 [7] NCCL INFO AllReduce: opCount 0 sendbuff 0x783269c00000 recvbuff 0x78326bc00000 count 32768 datatype 7 op 0 root 0 comm 0x5f82e22aed40 [nranks=8] stream 0x5f82e16f9da0
h200-bar-202-129:1034496:1034496 [0] NCCL INFO AllReduce: 131072 Bytes -> Algo RING proto LL channel{Lo..Hi}={0..3}
    66.79    1.96    3.43       0h200-bar-202-129:1034496:1034496 [7] NCCL INFO AllReduce: opCount 0 sendbuff 0x78321c400000 recvbuff 0x78321c400000 count 32768 datatype 7 op 0 root 0 comm 0x5f82e1a8a400 [nranks=8] stream 0x5f82dc888230
h200-bar-202-129:1034496:1034496 [7] NCCL INFO AllReduce: opCount 0 sendbuff 0x783237a00000 recvbuff 0x783237a00000 count 32768 datatype 7 op 0 root 0 comm 0x5f82e1baf280 [nranks=8] stream 0x5f82dd1c0370
h200-bar-202-129:1034496:1034496 [7] NCCL INFO AllReduce: opCount 0 sendbuff 0x78323da00000 recvbuff 0x78323da00000 count 32768 datatype 7 op 0 root 0 comm 0x5f82e1cd4730 [nranks=8] stream 0x5f82ddc55ba0
h200-bar-202-129:1034496:1034496 [7] NCCL INFO AllReduce: opCount 0 sendbuff 0x783243a00000 recvbuff 0x783243a00000 count 32768 datatype 7 op 0 root 0 comm 0x5f82e1e00160 [nranks=8] stream 0x5f82de8d53f0
h200-bar-202-129:1034496:1034496 [7] NCCL INFO AllReduce: opCount 0 sendbuff 0x783259c00000 recvbuff 0x783259c00000 count 32768 datatype 7 op 0 root 0 comm 0x5f82e1f2bc30 [nranks=8] stream 0x5f82df441580
h200-bar-202-129:1034496:1034496 [7] NCCL INFO AllReduce: opCount 0 sendbuff 0x78325fc00000 recvbuff 0x78325fc00000 count 32768 datatype 7 op 0 root 0 comm 0x5f82e2057720 [nranks=8] stream 0x5f82e004fd30
h200-bar-202-129:1034496:1034496 [7] NCCL INFO AllReduce: opCount 0 sendbuff 0x783265c00000 recvbuff 0x783265c00000 count 32768 datatype 7 op 0 root 0 comm 0x5f82e2183230 [nranks=8] stream 0x5f82e0bfe400
h200-bar-202-129:1034496:1034496 [7] NCCL INFO AllReduce: opCount 0 sendbuff 0x78326bc00000 recvbuff 0x78326bc00000 count 32768 datatype 7 op 0 root 0 comm 0x5f82e22aed40 [nranks=8] stream 0x5f82e16f9da0
h200-bar-202-129:1034496:1034496 [0] NCCL INFO AllReduce: 131072 Bytes -> Algo RING proto LL channel{Lo..Hi}={0..3}
h200-bar-202-129:1034496:1034496 [7] NCCL INFO AllReduce: opCount 0 sendbuff 0x78321c400000 recvbuff 0x78321c400000 count 32768 datatype 7 op 0 root 0 comm 0x5f82e1a8a400 [nranks=8] stream 0x5f82dc888230
h200-bar-202-129:1034496:1034496 [7] NCCL INFO AllReduce: opCount 0 sendbuff 0x783237a00000 recvbuff 0x783237a00000 count 32768 datatype 7 op 0 root 0 comm 0x5f82e1baf280 [nranks=8] stream 0x5f82dd1c0370
h200-bar-202-129:1034496:1034496 [7] NCCL INFO AllReduce: opCount 0 sendbuff 0x78323da00000 recvbuff 0x78323da00000 count 32768 datatype 7 op 0 root 0 comm 0x5f82e1cd4730 [nranks=8] stream 0x5f82ddc55ba0
h200-bar-202-129:1034496:1034496 [7] NCCL INFO AllReduce: opCount 0 sendbuff 0x783243a00000 recvbuff 0x783243a00000 count 32768 datatype 7 op 0 root 0 comm 0x5f82e1e00160 [nranks=8] stream 0x5f82de8d53f0
h200-bar-202-129:1034496:1034496 [7] NCCL INFO AllReduce: opCount 0 sendbuff 0x783259c00000 recvbuff 0x783259c00000 count 32768 datatype 7 op 0 root 0 comm 0x5f82e1f2bc30 [nranks=8] stream 0x5f82df441580
h200-bar-202-129:1034496:1034496 [7] NCCL INFO AllReduce: opCount 0 sendbuff 0x78325fc00000 recvbuff 0x78325fc00000 count 32768 datatype 7 op 0 root 0 comm 0x5f82e2057720 [nranks=8] stream 0x5f82e004fd30
h200-bar-202-129:1034496:1034496 [7] NCCL INFO AllReduce: opCount 0 sendbuff 0x783265c00000 recvbuff 0x783265c00000 count 32768 datatype 7 op 0 root 0 comm 0x5f82e2183230 [nranks=8] stream 0x5f82e0bfe400
h200-bar-202-129:1034496:1034496 [7] NCCL INFO AllReduce: opCount 0 sendbuff 0x78326bc00000 recvbuff 0x78326bc00000 count 32768 datatype 7 op 0 root 0 comm 0x5f82e22aed40 [nranks=8] stream 0x5f82e16f9da0
h200-bar-202-129:1034496:1034496 [0] NCCL INFO AllReduce: 131072 Bytes -> Algo RING proto LL channel{Lo..Hi}={0..3}
h200-bar-202-129:1034496:1034496 [7] NCCL INFO AllReduce: opCount 0 sendbuff 0x78321c420000 recvbuff 0x78321c420000 count 32768 datatype 7 op 0 root 0 comm 0x5f82e1a8a400 [nranks=8] stream 0x5f82dc888230
h200-bar-202-129:1034496:1034496 [7] NCCL INFO AllReduce: opCount 0 sendbuff 0x783237a20000 recvbuff 0x783237a20000 count 32768 datatype 7 op 0 root 0 comm 0x5f82e1baf280 [nranks=8] stream 0x5f82dd1c0370
h200-bar-202-129:1034496:1034496 [7] NCCL INFO AllReduce: opCount 0 sendbuff 0x78323da20000 recvbuff 0x78323da20000 count 32768 datatype 7 op 0 root 0 comm 0x5f82e1cd4730 [nranks=8] stream 0x5f82ddc55ba0
h200-bar-202-129:1034496:1034496 [7] NCCL INFO AllReduce: opCount 0 sendbuff 0x783243a20000 recvbuff 0x783243a20000 count 32768 datatype 7 op 0 root 0 comm 0x5f82e1e00160 [nranks=8] stream 0x5f82de8d53f0
h200-bar-202-129:1034496:1034496 [7] NCCL INFO AllReduce: opCount 0 sendbuff 0x783259c20000 recvbuff 0x783259c20000 count 32768 datatype 7 op 0 root 0 comm 0x5f82e1f2bc30 [nranks=8] stream 0x5f82df441580
h200-bar-202-129:1034496:1034496 [7] NCCL INFO AllReduce: opCount 0 sendbuff 0x78325fc20000 recvbuff 0x78325fc20000 count 32768 datatype 7 op 0 root 0 comm 0x5f82e2057720 [nranks=8] stream 0x5f82e004fd30
h200-bar-202-129:1034496:1034496 [7] NCCL INFO AllReduce: opCount 0 sendbuff 0x783265c20000 recvbuff 0x783265c20000 count 32768 datatype 7 op 0 root 0 comm 0x5f82e2183230 [nranks=8] stream 0x5f82e0bfe400
h200-bar-202-129:1034496:1034496 [7] NCCL INFO AllReduce: opCount 0 sendbuff 0x78326bc20000 recvbuff 0x78326bc20000 count 32768 datatype 7 op 0 root 0 comm 0x5f82e22aed40 [nranks=8] stream 0x5f82e16f9da0
h200-bar-202-129:1034496:1034496 [0] NCCL INFO AllReduce: 131072 Bytes -> Algo RING proto LL channel{Lo..Hi}={0..3}
h200-bar-202-129:1034496:1034496 [7] NCCL INFO AllReduce: opCount 0 sendbuff 0x78321c400000 recvbuff 0x78321c400000 count 32768 datatype 7 op 0 root 0 comm 0x5f82e1a8a400 [nranks=8] stream 0x5f82dc888230
h200-bar-202-129:1034496:1034496 [7] NCCL INFO AllReduce: opCount 0 sendbuff 0x783237a00000 recvbuff 0x783237a00000 count 32768 datatype 7 op 0 root 0 comm 0x5f82e1baf280 [nranks=8] stream 0x5f82dd1c0370
h200-bar-202-129:1034496:1034496 [7] NCCL INFO AllReduce: opCount 0 sendbuff 0x78323da00000 recvbuff 0x78323da00000 count 32768 datatype 7 op 0 root 0 comm 0x5f82e1cd4730 [nranks=8] stream 0x5f82ddc55ba0
h200-bar-202-129:1034496:1034496 [7] NCCL INFO AllReduce: opCount 0 sendbuff 0x783243a00000 recvbuff 0x783243a00000 count 32768 datatype 7 op 0 root 0 comm 0x5f82e1e00160 [nranks=8] stream 0x5f82de8d53f0
h200-bar-202-129:1034496:1034496 [7] NCCL INFO AllReduce: opCount 0 sendbuff 0x783259c00000 recvbuff 0x783259c00000 count 32768 datatype 7 op 0 root 0 comm 0x5f82e1f2bc30 [nranks=8] stream 0x5f82df441580
h200-bar-202-129:1034496:1034496 [7] NCCL INFO AllReduce: opCount 0 sendbuff 0x78325fc00000 recvbuff 0x78325fc00000 count 32768 datatype 7 op 0 root 0 comm 0x5f82e2057720 [nranks=8] stream 0x5f82e004fd30
h200-bar-202-129:1034496:1034496 [7] NCCL INFO AllReduce: opCount 0 sendbuff 0x783265c00000 recvbuff 0x783265c00000 count 32768 datatype 7 op 0 root 0 comm 0x5f82e2183230 [nranks=8] stream 0x5f82e0bfe400
h200-bar-202-129:1034496:1034496 [7] NCCL INFO AllReduce: opCount 0 sendbuff 0x78326bc00000 recvbuff 0x78326bc00000 count 32768 datatype 7 op 0 root 0 comm 0x5f82e22aed40 [nranks=8] stream 0x5f82e16f9da0
h200-bar-202-129:1034496:1034496 [0] NCCL INFO AllReduce: 131072 Bytes -> Algo RING proto LL channel{Lo..Hi}={0..3}
    65.23    2.01    3.52       0
     4194304       1048576     float     sum      -1h200-bar-202-129:1034496:1034496 [7] NCCL INFO AllReduce: opCount 0 sendbuff 0x78321a400000 recvbuff 0x78321c400000 count 1048576 datatype 7 op 0 root 0 comm 0x5f82e1a8a400 [nranks=8] stream 0x5f82dc888230
h200-bar-202-129:1034496:1034496 [7] NCCL INFO AllReduce: opCount 0 sendbuff 0x783235a00000 recvbuff 0x783237a00000 count 1048576 datatype 7 op 0 root 0 comm 0x5f82e1baf280 [nranks=8] stream 0x5f82dd1c0370
h200-bar-202-129:1034496:1034496 [7] NCCL INFO AllReduce: opCount 0 sendbuff 0x78323ba00000 recvbuff 0x78323da00000 count 1048576 datatype 7 op 0 root 0 comm 0x5f82e1cd4730 [nranks=8] stream 0x5f82ddc55ba0
h200-bar-202-129:1034496:1034496 [7] NCCL INFO AllReduce: opCount 0 sendbuff 0x783241a00000 recvbuff 0x783243a00000 count 1048576 datatype 7 op 0 root 0 comm 0x5f82e1e00160 [nranks=8] stream 0x5f82de8d53f0
h200-bar-202-129:1034496:1034496 [7] NCCL INFO AllReduce: opCount 0 sendbuff 0x783247a00000 recvbuff 0x783259c00000 count 1048576 datatype 7 op 0 root 0 comm 0x5f82e1f2bc30 [nranks=8] stream 0x5f82df441580
h200-bar-202-129:1034496:1034496 [7] NCCL INFO AllReduce: opCount 0 sendbuff 0x78325dc00000 recvbuff 0x78325fc00000 count 1048576 datatype 7 op 0 root 0 comm 0x5f82e2057720 [nranks=8] stream 0x5f82e004fd30
h200-bar-202-129:1034496:1034496 [7] NCCL INFO AllReduce: opCount 0 sendbuff 0x783263c00000 recvbuff 0x783265c00000 count 1048576 datatype 7 op 0 root 0 comm 0x5f82e2183230 [nranks=8] stream 0x5f82e0bfe400
h200-bar-202-129:1034496:1034496 [7] NCCL INFO AllReduce: opCount 0 sendbuff 0x783269c00000 recvbuff 0x78326bc00000 count 1048576 datatype 7 op 0 root 0 comm 0x5f82e22aed40 [nranks=8] stream 0x5f82e16f9da0
h200-bar-202-129:1034496:1034496 [0] NCCL INFO AllReduce: 4194304 Bytes -> Algo NVLS proto SIMPLE channel{Lo..Hi}={0..15}
h200-bar-202-129:1034496:1034496 [7] NCCL INFO AllReduce: opCount 0 sendbuff 0x78321a400000 recvbuff 0x78321c400000 count 1048576 datatype 7 op 0 root 0 comm 0x5f82e1a8a400 [nranks=8] stream 0x5f82dc888230
h200-bar-202-129:1034496:1034496 [7] NCCL INFO AllReduce: opCount 0 sendbuff 0x783235a00000 recvbuff 0x783237a00000 count 1048576 datatype 7 op 0 root 0 comm 0x5f82e1baf280 [nranks=8] stream 0x5f82dd1c0370
h200-bar-202-129:1034496:1034496 [7] NCCL INFO AllReduce: opCount 0 sendbuff 0x78323ba00000 recvbuff 0x78323da00000 count 1048576 datatype 7 op 0 root 0 comm 0x5f82e1cd4730 [nranks=8] stream 0x5f82ddc55ba0
h200-bar-202-129:1034496:1034496 [7] NCCL INFO AllReduce: opCount 0 sendbuff 0x783241a00000 recvbuff 0x783243a00000 count 1048576 datatype 7 op 0 root 0 comm 0x5f82e1e00160 [nranks=8] stream 0x5f82de8d53f0
h200-bar-202-129:1034496:1034496 [7] NCCL INFO AllReduce: opCount 0 sendbuff 0x783247a00000 recvbuff 0x783259c00000 count 1048576 datatype 7 op 0 root 0 comm 0x5f82e1f2bc30 [nranks=8] stream 0x5f82df441580
h200-bar-202-129:1034496:1034496 [7] NCCL INFO AllReduce: opCount 0 sendbuff 0x78325dc00000 recvbuff 0x78325fc00000 count 1048576 datatype 7 op 0 root 0 comm 0x5f82e2057720 [nranks=8] stream 0x5f82e004fd30
h200-bar-202-129:1034496:1034496 [7] NCCL INFO AllReduce: opCount 0 sendbuff 0x783263c00000 recvbuff 0x783265c00000 count 1048576 datatype 7 op 0 root 0 comm 0x5f82e2183230 [nranks=8] stream 0x5f82e0bfe400
h200-bar-202-129:1034496:1034496 [7] NCCL INFO AllReduce: opCount 0 sendbuff 0x783269c00000 recvbuff 0x78326bc00000 count 1048576 datatype 7 op 0 root 0 comm 0x5f82e22aed40 [nranks=8] stream 0x5f82e16f9da0
h200-bar-202-129:1034496:1034496 [0] NCCL INFO AllReduce: 4194304 Bytes -> Algo NVLS proto SIMPLE channel{Lo..Hi}={0..15}
h200-bar-202-129:1034496:1034496 [7] NCCL INFO AllReduce: opCount 0 sendbuff 0x78321a800000 recvbuff 0x78321c800000 count 1048576 datatype 7 op 0 root 0 comm 0x5f82e1a8a400 [nranks=8] stream 0x5f82dc888230
h200-bar-202-129:1034496:1034496 [7] NCCL INFO AllReduce: opCount 0 sendbuff 0x783235e00000 recvbuff 0x783237e00000 count 1048576 datatype 7 op 0 root 0 comm 0x5f82e1baf280 [nranks=8] stream 0x5f82dd1c0370
h200-bar-202-129:1034496:1034496 [7] NCCL INFO AllReduce: opCount 0 sendbuff 0x78323be00000 recvbuff 0x78323de00000 count 1048576 datatype 7 op 0 root 0 comm 0x5f82e1cd4730 [nranks=8] stream 0x5f82ddc55ba0
h200-bar-202-129:1034496:1034496 [7] NCCL INFO AllReduce: opCount 0 sendbuff 0x783241e00000 recvbuff 0x783243e00000 count 1048576 datatype 7 op 0 root 0 comm 0x5f82e1e00160 [nranks=8] stream 0x5f82de8d53f0
h200-bar-202-129:1034496:1034496 [7] NCCL INFO AllReduce: opCount 0 sendbuff 0x783247e00000 recvbuff 0x78325a000000 count 1048576 datatype 7 op 0 root 0 comm 0x5f82e1f2bc30 [nranks=8] stream 0x5f82df441580
h200-bar-202-129:1034496:1034496 [7] NCCL INFO AllReduce: opCount 0 sendbuff 0x78325e000000 recvbuff 0x783260000000 count 1048576 datatype 7 op 0 root 0 comm 0x5f82e2057720 [nranks=8] stream 0x5f82e004fd30
h200-bar-202-129:1034496:1034496 [7] NCCL INFO AllReduce: opCount 0 sendbuff 0x783264000000 recvbuff 0x783266000000 count 1048576 datatype 7 op 0 root 0 comm 0x5f82e2183230 [nranks=8] stream 0x5f82e0bfe400
h200-bar-202-129:1034496:1034496 [7] NCCL INFO AllReduce: opCount 0 sendbuff 0x78326a000000 recvbuff 0x78326c000000 count 1048576 datatype 7 op 0 root 0 comm 0x5f82e22aed40 [nranks=8] stream 0x5f82e16f9da0
h200-bar-202-129:1034496:1034496 [0] NCCL INFO AllReduce: 4194304 Bytes -> Algo NVLS proto SIMPLE channel{Lo..Hi}={0..15}
h200-bar-202-129:1034496:1034496 [7] NCCL INFO AllReduce: opCount 0 sendbuff 0x78321a400000 recvbuff 0x78321c400000 count 1048576 datatype 7 op 0 root 0 comm 0x5f82e1a8a400 [nranks=8] stream 0x5f82dc888230
h200-bar-202-129:1034496:1034496 [7] NCCL INFO AllReduce: opCount 0 sendbuff 0x783235a00000 recvbuff 0x783237a00000 count 1048576 datatype 7 op 0 root 0 comm 0x5f82e1baf280 [nranks=8] stream 0x5f82dd1c0370
h200-bar-202-129:1034496:1034496 [7] NCCL INFO AllReduce: opCount 0 sendbuff 0x78323ba00000 recvbuff 0x78323da00000 count 1048576 datatype 7 op 0 root 0 comm 0x5f82e1cd4730 [nranks=8] stream 0x5f82ddc55ba0
h200-bar-202-129:1034496:1034496 [7] NCCL INFO AllReduce: opCount 0 sendbuff 0x783241a00000 recvbuff 0x783243a00000 count 1048576 datatype 7 op 0 root 0 comm 0x5f82e1e00160 [nranks=8] stream 0x5f82de8d53f0
h200-bar-202-129:1034496:1034496 [7] NCCL INFO AllReduce: opCount 0 sendbuff 0x783247a00000 recvbuff 0x783259c00000 count 1048576 datatype 7 op 0 root 0 comm 0x5f82e1f2bc30 [nranks=8] stream 0x5f82df441580
h200-bar-202-129:1034496:1034496 [7] NCCL INFO AllReduce: opCount 0 sendbuff 0x78325dc00000 recvbuff 0x78325fc00000 count 1048576 datatype 7 op 0 root 0 comm 0x5f82e2057720 [nranks=8] stream 0x5f82e004fd30
h200-bar-202-129:1034496:1034496 [7] NCCL INFO AllReduce: opCount 0 sendbuff 0x783263c00000 recvbuff 0x783265c00000 count 1048576 datatype 7 op 0 root 0 comm 0x5f82e2183230 [nranks=8] stream 0x5f82e0bfe400
h200-bar-202-129:1034496:1034496 [7] NCCL INFO AllReduce: opCount 0 sendbuff 0x783269c00000 recvbuff 0x78326bc00000 count 1048576 datatype 7 op 0 root 0 comm 0x5f82e22aed40 [nranks=8] stream 0x5f82e16f9da0
h200-bar-202-129:1034496:1034496 [0] NCCL INFO AllReduce: 4194304 Bytes -> Algo NVLS proto SIMPLE channel{Lo..Hi}={0..15}
    87.00   48.21   84.37       0h200-bar-202-129:1034496:1034496 [7] NCCL INFO AllReduce: opCount 0 sendbuff 0x78321c400000 recvbuff 0x78321c400000 count 1048576 datatype 7 op 0 root 0 comm 0x5f82e1a8a400 [nranks=8] stream 0x5f82dc888230
h200-bar-202-129:1034496:1034496 [7] NCCL INFO AllReduce: opCount 0 sendbuff 0x783237a00000 recvbuff 0x783237a00000 count 1048576 datatype 7 op 0 root 0 comm 0x5f82e1baf280 [nranks=8] stream 0x5f82dd1c0370
h200-bar-202-129:1034496:1034496 [7] NCCL INFO AllReduce: opCount 0 sendbuff 0x78323da00000 recvbuff 0x78323da00000 count 1048576 datatype 7 op 0 root 0 comm 0x5f82e1cd4730 [nranks=8] stream 0x5f82ddc55ba0
h200-bar-202-129:1034496:1034496 [7] NCCL INFO AllReduce: opCount 0 sendbuff 0x783243a00000 recvbuff 0x783243a00000 count 1048576 datatype 7 op 0 root 0 comm 0x5f82e1e00160 [nranks=8] stream 0x5f82de8d53f0
h200-bar-202-129:1034496:1034496 [7] NCCL INFO AllReduce: opCount 0 sendbuff 0x783259c00000 recvbuff 0x783259c00000 count 1048576 datatype 7 op 0 root 0 comm 0x5f82e1f2bc30 [nranks=8] stream 0x5f82df441580
h200-bar-202-129:1034496:1034496 [7] NCCL INFO AllReduce: opCount 0 sendbuff 0x78325fc00000 recvbuff 0x78325fc00000 count 1048576 datatype 7 op 0 root 0 comm 0x5f82e2057720 [nranks=8] stream 0x5f82e004fd30
h200-bar-202-129:1034496:1034496 [7] NCCL INFO AllReduce: opCount 0 sendbuff 0x783265c00000 recvbuff 0x783265c00000 count 1048576 datatype 7 op 0 root 0 comm 0x5f82e2183230 [nranks=8] stream 0x5f82e0bfe400
h200-bar-202-129:1034496:1034496 [7] NCCL INFO AllReduce: opCount 0 sendbuff 0x78326bc00000 recvbuff 0x78326bc00000 count 1048576 datatype 7 op 0 root 0 comm 0x5f82e22aed40 [nranks=8] stream 0x5f82e16f9da0
h200-bar-202-129:1034496:1034496 [0] NCCL INFO AllReduce: 4194304 Bytes -> Algo NVLS proto SIMPLE channel{Lo..Hi}={0..15}
h200-bar-202-129:1034496:1034496 [7] NCCL INFO AllReduce: opCount 0 sendbuff 0x78321c400000 recvbuff 0x78321c400000 count 1048576 datatype 7 op 0 root 0 comm 0x5f82e1a8a400 [nranks=8] stream 0x5f82dc888230
h200-bar-202-129:1034496:1034496 [7] NCCL INFO AllReduce: opCount 0 sendbuff 0x783237a00000 recvbuff 0x783237a00000 count 1048576 datatype 7 op 0 root 0 comm 0x5f82e1baf280 [nranks=8] stream 0x5f82dd1c0370
h200-bar-202-129:1034496:1034496 [7] NCCL INFO AllReduce: opCount 0 sendbuff 0x78323da00000 recvbuff 0x78323da00000 count 1048576 datatype 7 op 0 root 0 comm 0x5f82e1cd4730 [nranks=8] stream 0x5f82ddc55ba0
h200-bar-202-129:1034496:1034496 [7] NCCL INFO AllReduce: opCount 0 sendbuff 0x783243a00000 recvbuff 0x783243a00000 count 1048576 datatype 7 op 0 root 0 comm 0x5f82e1e00160 [nranks=8] stream 0x5f82de8d53f0
h200-bar-202-129:1034496:1034496 [7] NCCL INFO AllReduce: opCount 0 sendbuff 0x783259c00000 recvbuff 0x783259c00000 count 1048576 datatype 7 op 0 root 0 comm 0x5f82e1f2bc30 [nranks=8] stream 0x5f82df441580
h200-bar-202-129:1034496:1034496 [7] NCCL INFO AllReduce: opCount 0 sendbuff 0x78325fc00000 recvbuff 0x78325fc00000 count 1048576 datatype 7 op 0 root 0 comm 0x5f82e2057720 [nranks=8] stream 0x5f82e004fd30
h200-bar-202-129:1034496:1034496 [7] NCCL INFO AllReduce: opCount 0 sendbuff 0x783265c00000 recvbuff 0x783265c00000 count 1048576 datatype 7 op 0 root 0 comm 0x5f82e2183230 [nranks=8] stream 0x5f82e0bfe400
h200-bar-202-129:1034496:1034496 [7] NCCL INFO AllReduce: opCount 0 sendbuff 0x78326bc00000 recvbuff 0x78326bc00000 count 1048576 datatype 7 op 0 root 0 comm 0x5f82e22aed40 [nranks=8] stream 0x5f82e16f9da0
h200-bar-202-129:1034496:1034496 [0] NCCL INFO AllReduce: 4194304 Bytes -> Algo NVLS proto SIMPLE channel{Lo..Hi}={0..15}
h200-bar-202-129:1034496:1034496 [7] NCCL INFO AllReduce: opCount 0 sendbuff 0x78321c800000 recvbuff 0x78321c800000 count 1048576 datatype 7 op 0 root 0 comm 0x5f82e1a8a400 [nranks=8] stream 0x5f82dc888230
h200-bar-202-129:1034496:1034496 [7] NCCL INFO AllReduce: opCount 0 sendbuff 0x783237e00000 recvbuff 0x783237e00000 count 1048576 datatype 7 op 0 root 0 comm 0x5f82e1baf280 [nranks=8] stream 0x5f82dd1c0370
h200-bar-202-129:1034496:1034496 [7] NCCL INFO AllReduce: opCount 0 sendbuff 0x78323de00000 recvbuff 0x78323de00000 count 1048576 datatype 7 op 0 root 0 comm 0x5f82e1cd4730 [nranks=8] stream 0x5f82ddc55ba0
h200-bar-202-129:1034496:1034496 [7] NCCL INFO AllReduce: opCount 0 sendbuff 0x783243e00000 recvbuff 0x783243e00000 count 1048576 datatype 7 op 0 root 0 comm 0x5f82e1e00160 [nranks=8] stream 0x5f82de8d53f0
h200-bar-202-129:1034496:1034496 [7] NCCL INFO AllReduce: opCount 0 sendbuff 0x78325a000000 recvbuff 0x78325a000000 count 1048576 datatype 7 op 0 root 0 comm 0x5f82e1f2bc30 [nranks=8] stream 0x5f82df441580
h200-bar-202-129:1034496:1034496 [7] NCCL INFO AllReduce: opCount 0 sendbuff 0x783260000000 recvbuff 0x783260000000 count 1048576 datatype 7 op 0 root 0 comm 0x5f82e2057720 [nranks=8] stream 0x5f82e004fd30
h200-bar-202-129:1034496:1034496 [7] NCCL INFO AllReduce: opCount 0 sendbuff 0x783266000000 recvbuff 0x783266000000 count 1048576 datatype 7 op 0 root 0 comm 0x5f82e2183230 [nranks=8] stream 0x5f82e0bfe400
h200-bar-202-129:1034496:1034496 [7] NCCL INFO AllReduce: opCount 0 sendbuff 0x78326c000000 recvbuff 0x78326c000000 count 1048576 datatype 7 op 0 root 0 comm 0x5f82e22aed40 [nranks=8] stream 0x5f82e16f9da0
h200-bar-202-129:1034496:1034496 [0] NCCL INFO AllReduce: 4194304 Bytes -> Algo NVLS proto SIMPLE channel{Lo..Hi}={0..15}
h200-bar-202-129:1034496:1034496 [7] NCCL INFO AllReduce: opCount 0 sendbuff 0x78321c400000 recvbuff 0x78321c400000 count 1048576 datatype 7 op 0 root 0 comm 0x5f82e1a8a400 [nranks=8] stream 0x5f82dc888230
h200-bar-202-129:1034496:1034496 [7] NCCL INFO AllReduce: opCount 0 sendbuff 0x783237a00000 recvbuff 0x783237a00000 count 1048576 datatype 7 op 0 root 0 comm 0x5f82e1baf280 [nranks=8] stream 0x5f82dd1c0370
h200-bar-202-129:1034496:1034496 [7] NCCL INFO AllReduce: opCount 0 sendbuff 0x78323da00000 recvbuff 0x78323da00000 count 1048576 datatype 7 op 0 root 0 comm 0x5f82e1cd4730 [nranks=8] stream 0x5f82ddc55ba0
h200-bar-202-129:1034496:1034496 [7] NCCL INFO AllReduce: opCount 0 sendbuff 0x783243a00000 recvbuff 0x783243a00000 count 1048576 datatype 7 op 0 root 0 comm 0x5f82e1e00160 [nranks=8] stream 0x5f82de8d53f0
h200-bar-202-129:1034496:1034496 [7] NCCL INFO AllReduce: opCount 0 sendbuff 0x783259c00000 recvbuff 0x783259c00000 count 1048576 datatype 7 op 0 root 0 comm 0x5f82e1f2bc30 [nranks=8] stream 0x5f82df441580
h200-bar-202-129:1034496:1034496 [7] NCCL INFO AllReduce: opCount 0 sendbuff 0x78325fc00000 recvbuff 0x78325fc00000 count 1048576 datatype 7 op 0 root 0 comm 0x5f82e2057720 [nranks=8] stream 0x5f82e004fd30
h200-bar-202-129:1034496:1034496 [7] NCCL INFO AllReduce: opCount 0 sendbuff 0x783265c00000 recvbuff 0x783265c00000 count 1048576 datatype 7 op 0 root 0 comm 0x5f82e2183230 [nranks=8] stream 0x5f82e0bfe400
h200-bar-202-129:1034496:1034496 [7] NCCL INFO AllReduce: opCount 0 sendbuff 0x78326bc00000 recvbuff 0x78326bc00000 count 1048576 datatype 7 op 0 root 0 comm 0x5f82e22aed40 [nranks=8] stream 0x5f82e16f9da0
h200-bar-202-129:1034496:1034496 [0] NCCL INFO AllReduce: 4194304 Bytes -> Algo NVLS proto SIMPLE channel{Lo..Hi}={0..15}
    83.50   50.23   87.90       0
# Out of bounds values : 0 OK
# Avg bus bandwidth    : 17.9457 
#
# Collective test concluded: all_reduce_perf
#

