# nccl-tests version 2.18.3 nccl-headers=23004 nccl-library=23004
# Collective test starting: all_reduce_perf
# nThread 1 nGpus 1 minBytes 128 maxBytes 1073741824 step: 4(factor) warmup iters: 2 iters: 3 agg iters: 1 validation: 0 graph: 10 unalign: 0
#
# Using devices
#  Rank  0 Group  0 Pid 3141487 on h200-bar-196-199 device  0 [0000:19:00] NVIDIA H200
#  Rank  1 Group  0 Pid 3141505 on h200-bar-196-199 device  1 [0000:2d:00] NVIDIA H200
#  Rank  2 Group  0 Pid 3141531 on h200-bar-196-199 device  2 [0000:3f:00] NVIDIA H200
#  Rank  3 Group  0 Pid 3141502 on h200-bar-196-199 device  3 [0000:66:00] NVIDIA H200
#  Rank  4 Group  0 Pid 3141479 on h200-bar-196-199 device  4 [0000:9b:00] NVIDIA H200
#  Rank  5 Group  0 Pid 3141523 on h200-bar-196-199 device  5 [0000:ae:00] NVIDIA H200
#  Rank  6 Group  0 Pid 3141522 on h200-bar-196-199 device  6 [0000:bf:00] NVIDIA H200
#  Rank  7 Group  0 Pid 3141541 on h200-bar-196-199 device  7 [0000:e4:00] NVIDIA H200
#  Rank  8 Group  0 Pid 3632256 on h200-bar-197-045 device  0 [0000:19:00] NVIDIA H200
#  Rank  9 Group  0 Pid 3632205 on h200-bar-197-045 device  1 [0000:2d:00] NVIDIA H200
#  Rank 10 Group  0 Pid 3632258 on h200-bar-197-045 device  2 [0000:3f:00] NVIDIA H200
#  Rank 11 Group  0 Pid 3632215 on h200-bar-197-045 device  3 [0000:66:00] NVIDIA H200
#  Rank 12 Group  0 Pid 3632257 on h200-bar-197-045 device  4 [0000:9b:00] NVIDIA H200
#  Rank 13 Group  0 Pid 3632207 on h200-bar-197-045 device  5 [0000:ae:00] NVIDIA H200
#  Rank 14 Group  0 Pid 3632259 on h200-bar-197-045 device  6 [0000:bf:00] NVIDIA H200
#  Rank 15 Group  0 Pid 3632226 on h200-bar-197-045 device  7 [0000:e4:00] NVIDIA H200
h200-bar-196-199:3141487:3141487 [0] NCCL INFO NCCL version 2.30.4+cuda13.2
h200-bar-196-199:3141487:3141487 [0] NCCL INFO NCCL git version HEAD 747384637
h200-bar-196-199:3141479:3141479 [4] NCCL INFO NCCL version 2.30.4+cuda13.2
h200-bar-196-199:3141479:3141479 [4] NCCL INFO NCCL git version HEAD 747384637
h200-bar-196-199:3141502:3141502 [3] NCCL INFO NCCL version 2.30.4+cuda13.2
h200-bar-196-199:3141502:3141502 [3] NCCL INFO NCCL git version HEAD 747384637
h200-bar-196-199:3141541:3141541 [7] NCCL INFO NCCL version 2.30.4+cuda13.2
h200-bar-196-199:3141541:3141541 [7] NCCL INFO NCCL git version HEAD 747384637
h200-bar-196-199:3141531:3141531 [2] NCCL INFO NCCL version 2.30.4+cuda13.2
h200-bar-196-199:3141531:3141531 [2] NCCL INFO NCCL git version HEAD 747384637
h200-bar-196-199:3141505:3141505 [1] NCCL INFO NCCL version 2.30.4+cuda13.2
h200-bar-196-199:3141505:3141505 [1] NCCL INFO NCCL git version HEAD 747384637
h200-bar-196-199:3141523:3141523 [5] NCCL INFO NCCL version 2.30.4+cuda13.2
h200-bar-196-199:3141523:3141523 [5] NCCL INFO NCCL git version HEAD 747384637
h200-bar-196-199:3141522:3141522 [6] NCCL INFO NCCL version 2.30.4+cuda13.2
h200-bar-196-199:3141522:3141522 [6] NCCL INFO NCCL git version HEAD 747384637
h200-bar-197-045:3632258:3632258 [2] NCCL INFO NCCL version 2.30.4+cuda13.2
h200-bar-197-045:3632258:3632258 [2] NCCL INFO NCCL git version HEAD 747384637
h200-bar-197-045:3632215:3632215 [3] NCCL INFO NCCL version 2.30.4+cuda13.2
h200-bar-197-045:3632215:3632215 [3] NCCL INFO NCCL git version HEAD 747384637
h200-bar-197-045:3632257:3632257 [4] NCCL INFO NCCL version 2.30.4+cuda13.2
h200-bar-197-045:3632257:3632257 [4] NCCL INFO NCCL git version HEAD 747384637
h200-bar-197-045:3632207:3632207 [5] NCCL INFO NCCL version 2.30.4+cuda13.2
h200-bar-197-045:3632207:3632207 [5] NCCL INFO NCCL git version HEAD 747384637
h200-bar-197-045:3632226:3632226 [7] NCCL INFO NCCL version 2.30.4+cuda13.2
h200-bar-197-045:3632226:3632226 [7] NCCL INFO NCCL git version HEAD 747384637
h200-bar-197-045:3632205:3632205 [1] NCCL INFO NCCL version 2.30.4+cuda13.2
h200-bar-197-045:3632205:3632205 [1] NCCL INFO NCCL git version HEAD 747384637
h200-bar-197-045:3632259:3632259 [6] NCCL INFO NCCL version 2.30.4+cuda13.2
h200-bar-197-045:3632259:3632259 [6] NCCL INFO NCCL git version HEAD 747384637
h200-bar-197-045:3632256:3632256 [0] NCCL INFO NCCL version 2.30.4+cuda13.2
h200-bar-197-045:3632256:3632256 [0] NCCL INFO NCCL git version HEAD 747384637
#
#                                                              out-of-place                       in-place          
#       size         count      type   redop    root     time   algbw   busbw  #wrong     time   algbw   busbw  #wrong 
#        (B)    (elements)                               (us)  (GB/s)  (GB/s)             (us)  (GB/s)  (GB/s)         
h200-bar-197-045:3632205:3632205 [1] NCCL INFO Comm config graphUsageMode is set to 0 but the user is capturing graphs on the stream. Violating graphUsageMode semantics can lead to hangs!
h200-bar-196-199:3141479:3141479 [4] NCCL INFO Comm config graphUsageMode is set to 0 but the user is capturing graphs on the stream. Violating graphUsageMode semantics can lead to hangs!
h200-bar-196-199:3141487:3141487 [0] NCCL INFO Comm config graphUsageMode is set to 0 but the user is capturing graphs on the stream. Violating graphUsageMode semantics can lead to hangs!
h200-bar-197-045:3632258:3632258 [2] NCCL INFO Comm config graphUsageMode is set to 0 but the user is capturing graphs on the stream. Violating graphUsageMode semantics can lead to hangs!
h200-bar-197-045:3632215:3632215 [3] NCCL INFO Comm config graphUsageMode is set to 0 but the user is capturing graphs on the stream. Violating graphUsageMode semantics can lead to hangs!
h200-bar-196-199:3141505:3141505 [1] NCCL INFO Comm config graphUsageMode is set to 0 but the user is capturing graphs on the stream. Violating graphUsageMode semantics can lead to hangs!
h200-bar-197-045:3632257:3632257 [4] NCCL INFO Comm config graphUsageMode is set to 0 but the user is capturing graphs on the stream. Violating graphUsageMode semantics can lead to hangs!
h200-bar-196-199:3141531:3141531 [2] NCCL INFO Comm config graphUsageMode is set to 0 but the user is capturing graphs on the stream. Violating graphUsageMode semantics can lead to hangs!
h200-bar-197-045:3632259:3632259 [6] NCCL INFO Comm config graphUsageMode is set to 0 but the user is capturing graphs on the stream. Violating graphUsageMode semantics can lead to hangs!
h200-bar-196-199:3141502:3141502 [3] NCCL INFO Comm config graphUsageMode is set to 0 but the user is capturing graphs on the stream. Violating graphUsageMode semantics can lead to hangs!
h200-bar-197-045:3632226:3632226 [7] NCCL INFO Comm config graphUsageMode is set to 0 but the user is capturing graphs on the stream. Violating graphUsageMode semantics can lead to hangs!
h200-bar-196-199:3141523:3141523 [5] NCCL INFO Comm config graphUsageMode is set to 0 but the user is capturing graphs on the stream. Violating graphUsageMode semantics can lead to hangs!
h200-bar-197-045:3632256:3632256 [0] NCCL INFO Comm config graphUsageMode is set to 0 but the user is capturing graphs on the stream. Violating graphUsageMode semantics can lead to hangs!
h200-bar-196-199:3141522:3141522 [6] NCCL INFO Comm config graphUsageMode is set to 0 but the user is capturing graphs on the stream. Violating graphUsageMode semantics can lead to hangs!
h200-bar-197-045:3632207:3632207 [5] NCCL INFO Comm config graphUsageMode is set to 0 but the user is capturing graphs on the stream. Violating graphUsageMode semantics can lead to hangs!
h200-bar-196-199:3141541:3141541 [7] NCCL INFO Comm config graphUsageMode is set to 0 but the user is capturing graphs on the stream. Violating graphUsageMode semantics can lead to hangs!
h200-bar-197-045:3632205:3632205 [1] NCCL INFO Comm config graphUsageMode is set to 0 but the user is capturing graphs on the stream. Violating graphUsageMode semantics can lead to hangs!
h200-bar-196-199:3141505:3141505 [1] NCCL INFO Comm config graphUsageMode is set to 0 but the user is capturing graphs on the stream. Violating graphUsageMode semantics can lead to hangs!
h200-bar-197-045:3632258:3632258 [2] NCCL INFO Comm config graphUsageMode is set to 0 but the user is capturing graphs on the stream. Violating graphUsageMode semantics can lead to hangs!
h200-bar-197-045:3632258:3632258 [2] NCCL INFO Comm config graphUsageMode is set to 0 but the user is capturing graphs on the stream. Violating graphUsageMode semantics can lead to hangs!
h200-bar-196-199:3141479:3141479 [4] NCCL INFO Comm config graphUsageMode is set to 0 but the user is capturing graphs on the stream. Violating graphUsageMode semantics can lead to hangs!
h200-bar-197-045:3632215:3632215 [3] NCCL INFO Comm config graphUsageMode is set to 0 but the user is capturing graphs on the stream. Violating graphUsageMode semantics can lead to hangs!
h200-bar-197-045:3632215:3632215 [3] NCCL INFO Comm config graphUsageMode is set to 0 but the user is capturing graphs on the stream. Violating graphUsageMode semantics can lead to hangs!
h200-bar-196-199:3141505:3141505 [1] NCCL INFO Comm config graphUsageMode is set to 0 but the user is capturing graphs on the stream. Violating graphUsageMode semantics can lead to hangs!
h200-bar-197-045:3632259:3632259 [6] NCCL INFO Comm config graphUsageMode is set to 0 but the user is capturing graphs on the stream. Violating graphUsageMode semantics can lead to hangs!
h200-bar-197-045:3632259:3632259 [6] NCCL INFO Comm config graphUsageMode is set to 0 but the user is capturing graphs on the stream. Violating graphUsageMode semantics can lead to hangs!
h200-bar-196-199:3141531:3141531 [2] NCCL INFO Comm config graphUsageMode is set to 0 but the user is capturing graphs on the stream. Violating graphUsageMode semantics can lead to hangs!
h200-bar-196-199:3141531:3141531 [2] NCCL INFO Comm config graphUsageMode is set to 0 but the user is capturing graphs on the stream. Violating graphUsageMode semantics can lead to hangs!
h200-bar-197-045:3632205:3632205 [1] NCCL INFO Comm config graphUsageMode is set to 0 but the user is capturing graphs on the stream. Violating graphUsageMode semantics can lead to hangs!
h200-bar-196-199:3141502:3141502 [3] NCCL INFO Comm config graphUsageMode is set to 0 but the user is capturing graphs on the stream. Violating graphUsageMode semantics can lead to hangs!
h200-bar-196-199:3141502:3141502 [3] NCCL INFO Comm config graphUsageMode is set to 0 but the user is capturing graphs on the stream. Violating graphUsageMode semantics can lead to hangs!
h200-bar-197-045:3632207:3632207 [5] NCCL INFO Comm config graphUsageMode is set to 0 but the user is capturing graphs on the stream. Violating graphUsageMode semantics can lead to hangs!
h200-bar-197-045:3632207:3632207 [5] NCCL INFO Comm config graphUsageMode is set to 0 but the user is capturing graphs on the stream. Violating graphUsageMode semantics can lead to hangs!
h200-bar-196-199:3141479:3141479 [4] NCCL INFO Comm config graphUsageMode is set to 0 but the user is capturing graphs on the stream. Violating graphUsageMode semantics can lead to hangs!
h200-bar-197-045:3632226:3632226 [7] NCCL INFO Comm config graphUsageMode is set to 0 but the user is capturing graphs on the stream. Violating graphUsageMode semantics can lead to hangs!
h200-bar-197-045:3632226:3632226 [7] NCCL INFO Comm config graphUsageMode is set to 0 but the user is capturing graphs on the stream. Violating graphUsageMode semantics can lead to hangs!
h200-bar-196-199:3141523:3141523 [5] NCCL INFO Comm config graphUsageMode is set to 0 but the user is capturing graphs on the stream. Violating graphUsageMode semantics can lead to hangs!
h200-bar-196-199:3141523:3141523 [5] NCCL INFO Comm config graphUsageMode is set to 0 but the user is capturing graphs on the stream. Violating graphUsageMode semantics can lead to hangs!
h200-bar-196-199:3141522:3141522 [6] NCCL INFO Comm config graphUsageMode is set to 0 but the user is capturing graphs on the stream. Violating graphUsageMode semantics can lead to hangs!
h200-bar-196-199:3141522:3141522 [6] NCCL INFO Comm config graphUsageMode is set to 0 but the user is capturing graphs on the stream. Violating graphUsageMode semantics can lead to hangs!
h200-bar-196-199:3141541:3141541 [7] NCCL INFO Comm config graphUsageMode is set to 0 but the user is capturing graphs on the stream. Violating graphUsageMode semantics can lead to hangs!
h200-bar-196-199:3141541:3141541 [7] NCCL INFO Comm config graphUsageMode is set to 0 but the user is capturing graphs on the stream. Violating graphUsageMode semantics can lead to hangs!
h200-bar-196-199:3141487:3141487 [0] NCCL INFO Comm config graphUsageMode is set to 0 but the user is capturing graphs on the stream. Violating graphUsageMode semantics can lead to hangs!
h200-bar-197-045:3632256:3632256 [0] NCCL INFO Comm config graphUsageMode is set to 0 but the user is capturing graphs on the stream. Violating graphUsageMode semantics can lead to hangs!
h200-bar-196-199:3141487:3141487 [0] NCCL INFO Comm config graphUsageMode is set to 0 but the user is capturing graphs on the stream. Violating graphUsageMode semantics can lead to hangs!
h200-bar-197-045:3632256:3632256 [0] NCCL INFO Comm config graphUsageMode is set to 0 but the user is capturing graphs on the stream. Violating graphUsageMode semantics can lead to hangs!
h200-bar-197-045:3632257:3632257 [4] NCCL INFO Comm config graphUsageMode is set to 0 but the user is capturing graphs on the stream. Violating graphUsageMode semantics can lead to hangs!
h200-bar-197-045:3632257:3632257 [4] NCCL INFO Comm config graphUsageMode is set to 0 but the user is capturing graphs on the stream. Violating graphUsageMode semantics can lead to hangs!
h200-bar-196-199:3141487:3141487 [0] NCCL INFO Comm config graphUsageMode is set to 0 but the user is capturing graphs on the stream. Violating graphUsageMode semantics can lead to hangs!
h200-bar-196-199:3141505:3141505 [1] NCCL INFO Comm config graphUsageMode is set to 0 but the user is capturing graphs on the stream. Violating graphUsageMode semantics can lead to hangs!
h200-bar-196-199:3141531:3141531 [2] NCCL INFO Comm config graphUsageMode is set to 0 but the user is capturing graphs on the stream. Violating graphUsageMode semantics can lead to hangs!
h200-bar-197-045:3632259:3632259 [6] NCCL INFO Comm config graphUsageMode is set to 0 but the user is capturing graphs on the stream. Violating graphUsageMode semantics can lead to hangs!
h200-bar-196-199:3141502:3141502 [3] NCCL INFO Comm config graphUsageMode is set to 0 but the user is capturing graphs on the stream. Violating graphUsageMode semantics can lead to hangs!
h200-bar-196-199:3141502:3141502 [3] NCCL INFO Comm config graphUsageMode is set to 0 but the user is capturing graphs on the stream. Violating graphUsageMode semantics can lead to hangs!
h200-bar-197-045:3632256:3632256 [0] NCCL INFO Comm config graphUsageMode is set to 0 but the user is capturing graphs on the stream. Violating graphUsageMode semantics can lead to hangs!
h200-bar-196-199:3141479:3141479 [4] NCCL INFO Comm config graphUsageMode is set to 0 but the user is capturing graphs on the stream. Violating graphUsageMode semantics can lead to hangs!
h200-bar-196-199:3141479:3141479 [4] NCCL INFO Comm config graphUsageMode is set to 0 but the user is capturing graphs on the stream. Violating graphUsageMode semantics can lead to hangs!
h200-bar-197-045:3632205:3632205 [1] NCCL INFO Comm config graphUsageMode is set to 0 but the user is capturing graphs on the stream. Violating graphUsageMode semantics can lead to hangs!
h200-bar-197-045:3632205:3632205 [1] NCCL INFO Comm config graphUsageMode is set to 0 but the user is capturing graphs on the stream. Violating graphUsageMode semantics can lead to hangs!
h200-bar-196-199:3141479:3141479 [4] NCCL INFO Comm config graphUsageMode is set to 0 but the user is capturing graphs on the stream. Violating graphUsageMode semantics can lead to hangs!
h200-bar-197-045:3632258:3632258 [2] NCCL INFO Comm config graphUsageMode is set to 0 but the user is capturing graphs on the stream. Violating graphUsageMode semantics can lead to hangs!
h200-bar-197-045:3632258:3632258 [2] NCCL INFO Comm config graphUsageMode is set to 0 but the user is capturing graphs on the stream. Violating graphUsageMode semantics can lead to hangs!
h200-bar-196-199:3141523:3141523 [5] NCCL INFO Comm config graphUsageMode is set to 0 but the user is capturing graphs on the stream. Violating graphUsageMode semantics can lead to hangs!
h200-bar-196-199:3141523:3141523 [5] NCCL INFO Comm config graphUsageMode is set to 0 but the user is capturing graphs on the stream. Violating graphUsageMode semantics can lead to hangs!
h200-bar-197-045:3632258:3632258 [2] NCCL INFO Comm config graphUsageMode is set to 0 but the user is capturing graphs on the stream. Violating graphUsageMode semantics can lead to hangs!
h200-bar-196-199:3141523:3141523 [5] NCCL INFO Comm config graphUsageMode is set to 0 but the user is capturing graphs on the stream. Violating graphUsageMode semantics can lead to hangs!
h200-bar-197-045:3632215:3632215 [3] NCCL INFO Comm config graphUsageMode is set to 0 but the user is capturing graphs on the stream. Violating graphUsageMode semantics can lead to hangs!
h200-bar-197-045:3632215:3632215 [3] NCCL INFO Comm config graphUsageMode is set to 0 but the user is capturing graphs on the stream. Violating graphUsageMode semantics can lead to hangs!
h200-bar-196-199:3141522:3141522 [6] NCCL INFO Comm config graphUsageMode is set to 0 but the user is capturing graphs on the stream. Violating graphUsageMode semantics can lead to hangs!
h200-bar-196-199:3141522:3141522 [6] NCCL INFO Comm config graphUsageMode is set to 0 but the user is capturing graphs on the stream. Violating graphUsageMode semantics can lead to hangs!
h200-bar-197-045:3632215:3632215 [3] NCCL INFO Comm config graphUsageMode is set to 0 but the user is capturing graphs on the stream. Violating graphUsageMode semantics can lead to hangs!
h200-bar-196-199:3141522:3141522 [6] NCCL INFO Comm config graphUsageMode is set to 0 but the user is capturing graphs on the stream. Violating graphUsageMode semantics can lead to hangs!
h200-bar-197-045:3632257:3632257 [4] NCCL INFO Comm config graphUsageMode is set to 0 but the user is capturing graphs on the stream. Violating graphUsageMode semantics can lead to hangs!
h200-bar-197-045:3632257:3632257 [4] NCCL INFO Comm config graphUsageMode is set to 0 but the user is capturing graphs on the stream. Violating graphUsageMode semantics can lead to hangs!
h200-bar-196-199:3141541:3141541 [7] NCCL INFO Comm config graphUsageMode is set to 0 but the user is capturing graphs on the stream. Violating graphUsageMode semantics can lead to hangs!
h200-bar-196-199:3141541:3141541 [7] NCCL INFO Comm config graphUsageMode is set to 0 but the user is capturing graphs on the stream. Violating graphUsageMode semantics can lead to hangs!
h200-bar-197-045:3632257:3632257 [4] NCCL INFO Comm config graphUsageMode is set to 0 but the user is capturing graphs on the stream. Violating graphUsageMode semantics can lead to hangs!
h200-bar-196-199:3141541:3141541 [7] NCCL INFO Comm config graphUsageMode is set to 0 but the user is capturing graphs on the stream. Violating graphUsageMode semantics can lead to hangs!
h200-bar-197-045:3632207:3632207 [5] NCCL INFO Comm config graphUsageMode is set to 0 but the user is capturing graphs on the stream. Violating graphUsageMode semantics can lead to hangs!
h200-bar-197-045:3632207:3632207 [5] NCCL INFO Comm config graphUsageMode is set to 0 but the user is capturing graphs on the stream. Violating graphUsageMode semantics can lead to hangs!
h200-bar-196-199:3141487:3141487 [0] NCCL INFO Comm config graphUsageMode is set to 0 but the user is capturing graphs on the stream. Violating graphUsageMode semantics can lead to hangs!
h200-bar-196-199:3141487:3141487 [0] NCCL INFO Comm config graphUsageMode is set to 0 but the user is capturing graphs on the stream. Violating graphUsageMode semantics can lead to hangs!
h200-bar-197-045:3632207:3632207 [5] NCCL INFO Comm config graphUsageMode is set to 0 but the user is capturing graphs on the stream. Violating graphUsageMode semantics can lead to hangs!
h200-bar-196-199:3141505:3141505 [1] NCCL INFO Comm config graphUsageMode is set to 0 but the user is capturing graphs on the stream. Violating graphUsageMode semantics can lead to hangs!
h200-bar-196-199:3141505:3141505 [1] NCCL INFO Comm config graphUsageMode is set to 0 but the user is capturing graphs on the stream. Violating graphUsageMode semantics can lead to hangs!
h200-bar-197-045:3632226:3632226 [7] NCCL INFO Comm config graphUsageMode is set to 0 but the user is capturing graphs on the stream. Violating graphUsageMode semantics can lead to hangs!
h200-bar-197-045:3632226:3632226 [7] NCCL INFO Comm config graphUsageMode is set to 0 but the user is capturing graphs on the stream. Violating graphUsageMode semantics can lead to hangs!
h200-bar-196-199:3141531:3141531 [2] NCCL INFO Comm config graphUsageMode is set to 0 but the user is capturing graphs on the stream. Violating graphUsageMode semantics can lead to hangs!
h200-bar-196-199:3141531:3141531 [2] NCCL INFO Comm config graphUsageMode is set to 0 but the user is capturing graphs on the stream. Violating graphUsageMode semantics can lead to hangs!
h200-bar-197-045:3632226:3632226 [7] NCCL INFO Comm config graphUsageMode is set to 0 but the user is capturing graphs on the stream. Violating graphUsageMode semantics can lead to hangs!
h200-bar-196-199:3141502:3141502 [3] NCCL INFO Comm config graphUsageMode is set to 0 but the user is capturing graphs on the stream. Violating graphUsageMode semantics can lead to hangs!
h200-bar-197-045:3632256:3632256 [0] NCCL INFO Comm config graphUsageMode is set to 0 but the user is capturing graphs on the stream. Violating graphUsageMode semantics can lead to hangs!
h200-bar-197-045:3632256:3632256 [0] NCCL INFO Comm config graphUsageMode is set to 0 but the user is capturing graphs on the stream. Violating graphUsageMode semantics can lead to hangs!
h200-bar-197-045:3632205:3632205 [1] NCCL INFO Comm config graphUsageMode is set to 0 but the user is capturing graphs on the stream. Violating graphUsageMode semantics can lead to hangs!
h200-bar-197-045:3632259:3632259 [6] NCCL INFO Comm config graphUsageMode is set to 0 but the user is capturing graphs on the stream. Violating graphUsageMode semantics can lead to hangs!
h200-bar-197-045:3632259:3632259 [6] NCCL INFO Comm config graphUsageMode is set to 0 but the user is capturing graphs on the stream. Violating graphUsageMode semantics can lead to hangs!
    33.05    0.00    0.01    N/A
h200-bar-196-199:3141505:3141505 [1] NCCL INFO Comm config graphUsageMode is set to 0 but the user is capturing graphs on the stream. Violating graphUsageMode semantics can lead to hangs!
h200-bar-196-199:3141531:3141531 [2] NCCL INFO Comm config graphUsageMode is set to 0 but the user is capturing graphs on the stream. Violating graphUsageMode semantics can lead to hangs!
h200-bar-197-045:3632226:3632226 [7] NCCL INFO Comm config graphUsageMode is set to 0 but the user is capturing graphs on the stream. Violating graphUsageMode semantics can lead to hangs!
h200-bar-196-199:3141502:3141502 [3] NCCL INFO Comm config graphUsageMode is set to 0 but the user is capturing graphs on the stream. Violating graphUsageMode semantics can lead to hangs!
h200-bar-197-045:3632256:3632256 [0] NCCL INFO Comm config graphUsageMode is set to 0 but the user is capturing graphs on the stream. Violating graphUsageMode semantics can lead to hangs!
h200-bar-196-199:3141479:3141479 [4] NCCL INFO Comm config graphUsageMode is set to 0 but the user is capturing graphs on the stream. Violating graphUsageMode semantics can lead to hangs!
h200-bar-196-199:3141479:3141479 [4] NCCL INFO Comm config graphUsageMode is set to 0 but the user is capturing graphs on the stream. Violating graphUsageMode semantics can lead to hangs!
h200-bar-197-045:3632205:3632205 [1] NCCL INFO Comm config graphUsageMode is set to 0 but the user is capturing graphs on the stream. Violating graphUsageMode semantics can lead to hangs!
h200-bar-197-045:3632205:3632205 [1] NCCL INFO Comm config graphUsageMode is set to 0 but the user is capturing graphs on the stream. Violating graphUsageMode semantics can lead to hangs!
h200-bar-196-199:3141523:3141523 [5] NCCL INFO Comm config graphUsageMode is set to 0 but the user is capturing graphs on the stream. Violating graphUsageMode semantics can lead to hangs!
h200-bar-196-199:3141523:3141523 [5] NCCL INFO Comm config graphUsageMode is set to 0 but the user is capturing graphs on the stream. Violating graphUsageMode semantics can lead to hangs!
h200-bar-197-045:3632258:3632258 [2] NCCL INFO Comm config graphUsageMode is set to 0 but the user is capturing graphs on the stream. Violating graphUsageMode semantics can lead to hangs!
h200-bar-197-045:3632258:3632258 [2] NCCL INFO Comm config graphUsageMode is set to 0 but the user is capturing graphs on the stream. Violating graphUsageMode semantics can lead to hangs!
h200-bar-196-199:3141522:3141522 [6] NCCL INFO Comm config graphUsageMode is set to 0 but the user is capturing graphs on the stream. Violating graphUsageMode semantics can lead to hangs!
h200-bar-196-199:3141522:3141522 [6] NCCL INFO Comm config graphUsageMode is set to 0 but the user is capturing graphs on the stream. Violating graphUsageMode semantics can lead to hangs!
h200-bar-197-045:3632215:3632215 [3] NCCL INFO Comm config graphUsageMode is set to 0 but the user is capturing graphs on the stream. Violating graphUsageMode semantics can lead to hangs!
h200-bar-197-045:3632215:3632215 [3] NCCL INFO Comm config graphUsageMode is set to 0 but the user is capturing graphs on the stream. Violating graphUsageMode semantics can lead to hangs!
h200-bar-196-199:3141522:3141522 [6] NCCL INFO Comm config graphUsageMode is set to 0 but the user is capturing graphs on the stream. Violating graphUsageMode semantics can lead to hangs!
h200-bar-197-045:3632215:3632215 [3] NCCL INFO Comm config graphUsageMode is set to 0 but the user is capturing graphs on the stream. Violating graphUsageMode semantics can lead to hangs!
h200-bar-196-199:3141541:3141541 [7] NCCL INFO Comm config graphUsageMode is set to 0 but the user is capturing graphs on the stream. Violating graphUsageMode semantics can lead to hangs!
h200-bar-196-199:3141541:3141541 [7] NCCL INFO Comm config graphUsageMode is set to 0 but the user is capturing graphs on the stream. Violating graphUsageMode semantics can lead to hangs!
h200-bar-197-045:3632257:3632257 [4] NCCL INFO Comm config graphUsageMode is set to 0 but the user is capturing graphs on the stream. Violating graphUsageMode semantics can lead to hangs!
h200-bar-197-045:3632257:3632257 [4] NCCL INFO Comm config graphUsageMode is set to 0 but the user is capturing graphs on the stream. Violating graphUsageMode semantics can lead to hangs!
h200-bar-196-199:3141541:3141541 [7] NCCL INFO Comm config graphUsageMode is set to 0 but the user is capturing graphs on the stream. Violating graphUsageMode semantics can lead to hangs!
h200-bar-197-045:3632257:3632257 [4] NCCL INFO Comm config graphUsageMode is set to 0 but the user is capturing graphs on the stream. Violating graphUsageMode semantics can lead to hangs!
h200-bar-196-199:3141487:3141487 [0] NCCL INFO Comm config graphUsageMode is set to 0 but the user is capturing graphs on the stream. Violating graphUsageMode semantics can lead to hangs!
h200-bar-196-199:3141487:3141487 [0] NCCL INFO Comm config graphUsageMode is set to 0 but the user is capturing graphs on the stream. Violating graphUsageMode semantics can lead to hangs!
h200-bar-197-045:3632207:3632207 [5] NCCL INFO Comm config graphUsageMode is set to 0 but the user is capturing graphs on the stream. Violating graphUsageMode semantics can lead to hangs!
h200-bar-197-045:3632207:3632207 [5] NCCL INFO Comm config graphUsageMode is set to 0 but the user is capturing graphs on the stream. Violating graphUsageMode semantics can lead to hangs!
h200-bar-196-199:3141487:3141487 [0] NCCL INFO Comm config graphUsageMode is set to 0 but the user is capturing graphs on the stream. Violating graphUsageMode semantics can lead to hangs!
h200-bar-197-045:3632207:3632207 [5] NCCL INFO Comm config graphUsageMode is set to 0 but the user is capturing graphs on the stream. Violating graphUsageMode semantics can lead to hangs!
h200-bar-196-199:3141505:3141505 [1] NCCL INFO Comm config graphUsageMode is set to 0 but the user is capturing graphs on the stream. Violating graphUsageMode semantics can lead to hangs!
h200-bar-196-199:3141505:3141505 [1] NCCL INFO Comm config graphUsageMode is set to 0 but the user is capturing graphs on the stream. Violating graphUsageMode semantics can lead to hangs!
h200-bar-197-045:3632259:3632259 [6] NCCL INFO Comm config graphUsageMode is set to 0 but the user is capturing graphs on the stream. Violating graphUsageMode semantics can lead to hangs!
h200-bar-197-045:3632259:3632259 [6] NCCL INFO Comm config graphUsageMode is set to 0 but the user is capturing graphs on the stream. Violating graphUsageMode semantics can lead to hangs!
h200-bar-196-199:3141531:3141531 [2] NCCL INFO Comm config graphUsageMode is set to 0 but the user is capturing graphs on the stream. Violating graphUsageMode semantics can lead to hangs!
h200-bar-196-199:3141531:3141531 [2] NCCL INFO Comm config graphUsageMode is set to 0 but the user is capturing graphs on the stream. Violating graphUsageMode semantics can lead to hangs!
h200-bar-197-045:3632259:3632259 [6] NCCL INFO Comm config graphUsageMode is set to 0 but the user is capturing graphs on the stream. Violating graphUsageMode semantics can lead to hangs!
h200-bar-196-199:3141502:3141502 [3] NCCL INFO Comm config graphUsageMode is set to 0 but the user is capturing graphs on the stream. Violating graphUsageMode semantics can lead to hangs!
h200-bar-196-199:3141502:3141502 [3] NCCL INFO Comm config graphUsageMode is set to 0 but the user is capturing graphs on the stream. Violating graphUsageMode semantics can lead to hangs!
h200-bar-197-045:3632256:3632256 [0] NCCL INFO Comm config graphUsageMode is set to 0 but the user is capturing graphs on the stream. Violating graphUsageMode semantics can lead to hangs!
h200-bar-197-045:3632256:3632256 [0] NCCL INFO Comm config graphUsageMode is set to 0 but the user is capturing graphs on the stream. Violating graphUsageMode semantics can lead to hangs!
h200-bar-196-199:3141479:3141479 [4] NCCL INFO Comm config graphUsageMode is set to 0 but the user is capturing graphs on the stream. Violating graphUsageMode semantics can lead to hangs!
h200-bar-197-045:3632205:3632205 [1] NCCL INFO Comm config graphUsageMode is set to 0 but the user is capturing graphs on the stream. Violating graphUsageMode semantics can lead to hangs!
h200-bar-196-199:3141523:3141523 [5] NCCL INFO Comm config graphUsageMode is set to 0 but the user is capturing graphs on the stream. Violating graphUsageMode semantics can lead to hangs!
h200-bar-197-045:3632258:3632258 [2] NCCL INFO Comm config graphUsageMode is set to 0 but the user is capturing graphs on the stream. Violating graphUsageMode semantics can lead to hangs!
h200-bar-197-045:3632226:3632226 [7] NCCL INFO Comm config graphUsageMode is set to 0 but the user is capturing graphs on the stream. Violating graphUsageMode semantics can lead to hangs!
h200-bar-197-045:3632226:3632226 [7] NCCL INFO Comm config graphUsageMode is set to 0 but the user is capturing graphs on the stream. Violating graphUsageMode semantics can lead to hangs!
h200-bar-196-199:3141505:3141505 [1] NCCL INFO Comm config graphUsageMode is set to 0 but the user is capturing graphs on the stream. Violating graphUsageMode semantics can lead to hangs!
h200-bar-196-199:3141531:3141531 [2] NCCL INFO Comm config graphUsageMode is set to 0 but the user is capturing graphs on the stream. Violating graphUsageMode semantics can lead to hangs!
h200-bar-197-045:3632256:3632256 [0] NCCL INFO Comm config graphUsageMode is set to 0 but the user is capturing graphs on the stream. Violating graphUsageMode semantics can lead to hangs!
h200-bar-196-199:3141502:3141502 [3] NCCL INFO Comm config graphUsageMode is set to 0 but the user is capturing graphs on the stream. Violating graphUsageMode semantics can lead to hangs!
h200-bar-197-045:3632205:3632205 [1] NCCL INFO Comm config graphUsageMode is set to 0 but the user is capturing graphs on the stream. Violating graphUsageMode semantics can lead to hangs!
h200-bar-196-199:3141479:3141479 [4] NCCL INFO Comm config graphUsageMode is set to 0 but the user is capturing graphs on the stream. Violating graphUsageMode semantics can lead to hangs!
h200-bar-197-045:3632258:3632258 [2] NCCL INFO Comm config graphUsageMode is set to 0 but the user is capturing graphs on the stream. Violating graphUsageMode semantics can lead to hangs!
h200-bar-197-045:3632258:3632258 [2] NCCL INFO Comm config graphUsageMode is set to 0 but the user is capturing graphs on the stream. Violating graphUsageMode semantics can lead to hangs!
h200-bar-196-199:3141523:3141523 [5] NCCL INFO Comm config graphUsageMode is set to 0 but the user is capturing graphs on the stream. Violating graphUsageMode semantics can lead to hangs!
h200-bar-196-199:3141523:3141523 [5] NCCL INFO Comm config graphUsageMode is set to 0 but the user is capturing graphs on the stream. Violating graphUsageMode semantics can lead to hangs!
h200-bar-197-045:3632215:3632215 [3] NCCL INFO Comm config graphUsageMode is set to 0 but the user is capturing graphs on the stream. Violating graphUsageMode semantics can lead to hangs!
h200-bar-197-045:3632215:3632215 [3] NCCL INFO Comm config graphUsageMode is set to 0 but the user is capturing graphs on the stream. Violating graphUsageMode semantics can lead to hangs!
h200-bar-196-199:3141522:3141522 [6] NCCL INFO Comm config graphUsageMode is set to 0 but the user is capturing graphs on the stream. Violating graphUsageMode semantics can lead to hangs!
h200-bar-196-199:3141522:3141522 [6] NCCL INFO Comm config graphUsageMode is set to 0 but the user is capturing graphs on the stream. Violating graphUsageMode semantics can lead to hangs!
h200-bar-197-045:3632257:3632257 [4] NCCL INFO Comm config graphUsageMode is set to 0 but the user is capturing graphs on the stream. Violating graphUsageMode semantics can lead to hangs!
h200-bar-197-045:3632257:3632257 [4] NCCL INFO Comm config graphUsageMode is set to 0 but the user is capturing graphs on the stream. Violating graphUsageMode semantics can lead to hangs!
h200-bar-196-199:3141522:3141522 [6] NCCL INFO Comm config graphUsageMode is set to 0 but the user is capturing graphs on the stream. Violating graphUsageMode semantics can lead to hangs!
h200-bar-197-045:3632257:3632257 [4] NCCL INFO Comm config graphUsageMode is set to 0 but the user is capturing graphs on the stream. Violating graphUsageMode semantics can lead to hangs!
h200-bar-196-199:3141541:3141541 [7] NCCL INFO Comm config graphUsageMode is set to 0 but the user is capturing graphs on the stream. Violating graphUsageMode semantics can lead to hangs!
h200-bar-196-199:3141541:3141541 [7] NCCL INFO Comm config graphUsageMode is set to 0 but the user is capturing graphs on the stream. Violating graphUsageMode semantics can lead to hangs!
h200-bar-197-045:3632207:3632207 [5] NCCL INFO Comm config graphUsageMode is set to 0 but the user is capturing graphs on the stream. Violating graphUsageMode semantics can lead to hangs!
h200-bar-197-045:3632207:3632207 [5] NCCL INFO Comm config graphUsageMode is set to 0 but the user is capturing graphs on the stream. Violating graphUsageMode semantics can lead to hangs!
h200-bar-196-199:3141541:3141541 [7] NCCL INFO Comm config graphUsageMode is set to 0 but the user is capturing graphs on the stream. Violating graphUsageMode semantics can lead to hangs!
h200-bar-197-045:3632207:3632207 [5] NCCL INFO Comm config graphUsageMode is set to 0 but the user is capturing graphs on the stream. Violating graphUsageMode semantics can lead to hangs!
h200-bar-196-199:3141487:3141487 [0] NCCL INFO Comm config graphUsageMode is set to 0 but the user is capturing graphs on the stream. Violating graphUsageMode semantics can lead to hangs!
h200-bar-196-199:3141487:3141487 [0] NCCL INFO Comm config graphUsageMode is set to 0 but the user is capturing graphs on the stream. Violating graphUsageMode semantics can lead to hangs!
h200-bar-197-045:3632259:3632259 [6] NCCL INFO Comm config graphUsageMode is set to 0 but the user is capturing graphs on the stream. Violating graphUsageMode semantics can lead to hangs!
h200-bar-197-045:3632259:3632259 [6] NCCL INFO Comm config graphUsageMode is set to 0 but the user is capturing graphs on the stream. Violating graphUsageMode semantics can lead to hangs!
h200-bar-196-199:3141487:3141487 [0] NCCL INFO Comm config graphUsageMode is set to 0 but the user is capturing graphs on the stream. Violating graphUsageMode semantics can lead to hangs!
h200-bar-196-199:3141505:3141505 [1] NCCL INFO Comm config graphUsageMode is set to 0 but the user is capturing graphs on the stream. Violating graphUsageMode semantics can lead to hangs!
h200-bar-196-199:3141505:3141505 [1] NCCL INFO Comm config graphUsageMode is set to 0 but the user is capturing graphs on the stream. Violating graphUsageMode semantics can lead to hangs!
h200-bar-197-045:3632259:3632259 [6] NCCL INFO Comm config graphUsageMode is set to 0 but the user is capturing graphs on the stream. Violating graphUsageMode semantics can lead to hangs!
h200-bar-196-199:3141531:3141531 [2] NCCL INFO Comm config graphUsageMode is set to 0 but the user is capturing graphs on the stream. Violating graphUsageMode semantics can lead to hangs!
h200-bar-196-199:3141531:3141531 [2] NCCL INFO Comm config graphUsageMode is set to 0 but the user is capturing graphs on the stream. Violating graphUsageMode semantics can lead to hangs!
h200-bar-197-045:3632226:3632226 [7] NCCL INFO Comm config graphUsageMode is set to 0 but the user is capturing graphs on the stream. Violating graphUsageMode semantics can lead to hangs!
h200-bar-197-045:3632226:3632226 [7] NCCL INFO Comm config graphUsageMode is set to 0 but the user is capturing graphs on the stream. Violating graphUsageMode semantics can lead to hangs!
h200-bar-196-199:3141502:3141502 [3] NCCL INFO Comm config graphUsageMode is set to 0 but the user is capturing graphs on the stream. Violating graphUsageMode semantics can lead to hangs!
h200-bar-196-199:3141502:3141502 [3] NCCL INFO Comm config graphUsageMode is set to 0 but the user is capturing graphs on the stream. Violating graphUsageMode semantics can lead to hangs!
h200-bar-197-045:3632226:3632226 [7] NCCL INFO Comm config graphUsageMode is set to 0 but the user is capturing graphs on the stream. Violating graphUsageMode semantics can lead to hangs!
h200-bar-196-199:3141479:3141479 [4] NCCL INFO Comm config graphUsageMode is set to 0 but the user is capturing graphs on the stream. Violating graphUsageMode semantics can lead to hangs!
h200-bar-196-199:3141479:3141479 [4] NCCL INFO Comm config graphUsageMode is set to 0 but the user is capturing graphs on the stream. Violating graphUsageMode semantics can lead to hangs!
h200-bar-197-045:3632256:3632256 [0] NCCL INFO Comm config graphUsageMode is set to 0 but the user is capturing graphs on the stream. Violating graphUsageMode semantics can lead to hangs!
h200-bar-197-045:3632256:3632256 [0] NCCL INFO Comm config graphUsageMode is set to 0 but the user is capturing graphs on the stream. Violating graphUsageMode semantics can lead to hangs!
h200-bar-196-199:3141523:3141523 [5] NCCL INFO Comm config graphUsageMode is set to 0 but the user is capturing graphs on the stream. Violating graphUsageMode semantics can lead to hangs!
h200-bar-197-045:3632205:3632205 [1] NCCL INFO Comm config graphUsageMode is set to 0 but the user is capturing graphs on the stream. Violating graphUsageMode semantics can lead to hangs!
h200-bar-197-045:3632205:3632205 [1] NCCL INFO Comm config graphUsageMode is set to 0 but the user is capturing graphs on the stream. Violating graphUsageMode semantics can lead to hangs!
h200-bar-197-045:3632258:3632258 [2] NCCL INFO Comm config graphUsageMode is set to 0 but the user is capturing graphs on the stream. Violating graphUsageMode semantics can lead to hangs!
h200-bar-197-045:3632215:3632215 [3] NCCL INFO Comm config graphUsageMode is set to 0 but the user is capturing graphs on the stream. Violating graphUsageMode semantics can lead to hangs!
    34.51    0.01    0.03    N/A
h200-bar-197-045:3632256:3632256 [0] NCCL INFO Comm config graphUsageMode is set to 0 but the user is capturing graphs on the stream. Violating graphUsageMode semantics can lead to hangs!
h200-bar-196-199:3141505:3141505 [1] NCCL INFO Comm config graphUsageMode is set to 0 but the user is capturing graphs on the stream. Violating graphUsageMode semantics can lead to hangs!
h200-bar-197-045:3632205:3632205 [1] NCCL INFO Comm config graphUsageMode is set to 0 but the user is capturing graphs on the stream. Violating graphUsageMode semantics can lead to hangs!
h200-bar-196-199:3141531:3141531 [2] NCCL INFO Comm config graphUsageMode is set to 0 but the user is capturing graphs on the stream. Violating graphUsageMode semantics can lead to hangs!
h200-bar-197-045:3632258:3632258 [2] NCCL INFO Comm config graphUsageMode is set to 0 but the user is capturing graphs on the stream. Violating graphUsageMode semantics can lead to hangs!
h200-bar-196-199:3141502:3141502 [3] NCCL INFO Comm config graphUsageMode is set to 0 but the user is capturing graphs on the stream. Violating graphUsageMode semantics can lead to hangs!
h200-bar-196-199:3141502:3141502 [3] NCCL INFO Comm config graphUsageMode is set to 0 but the user is capturing graphs on the stream. Violating graphUsageMode semantics can lead to hangs!
h200-bar-197-045:3632215:3632215 [3] NCCL INFO Comm config graphUsageMode is set to 0 but the user is capturing graphs on the stream. Violating graphUsageMode semantics can lead to hangs!
h200-bar-197-045:3632215:3632215 [3] NCCL INFO Comm config graphUsageMode is set to 0 but the user is capturing graphs on the stream. Violating graphUsageMode semantics can lead to hangs!
h200-bar-196-199:3141479:3141479 [4] NCCL INFO Comm config graphUsageMode is set to 0 but the user is capturing graphs on the stream. Violating graphUsageMode semantics can lead to hangs!
h200-bar-196-199:3141479:3141479 [4] NCCL INFO Comm config graphUsageMode is set to 0 but the user is capturing graphs on the stream. Violating graphUsageMode semantics can lead to hangs!
h200-bar-197-045:3632257:3632257 [4] NCCL INFO Comm config graphUsageMode is set to 0 but the user is capturing graphs on the stream. Violating graphUsageMode semantics can lead to hangs!
h200-bar-197-045:3632257:3632257 [4] NCCL INFO Comm config graphUsageMode is set to 0 but the user is capturing graphs on the stream. Violating graphUsageMode semantics can lead to hangs!
h200-bar-196-199:3141523:3141523 [5] NCCL INFO Comm config graphUsageMode is set to 0 but the user is capturing graphs on the stream. Violating graphUsageMode semantics can lead to hangs!
h200-bar-196-199:3141523:3141523 [5] NCCL INFO Comm config graphUsageMode is set to 0 but the user is capturing graphs on the stream. Violating graphUsageMode semantics can lead to hangs!
h200-bar-197-045:3632207:3632207 [5] NCCL INFO Comm config graphUsageMode is set to 0 but the user is capturing graphs on the stream. Violating graphUsageMode semantics can lead to hangs!
h200-bar-197-045:3632207:3632207 [5] NCCL INFO Comm config graphUsageMode is set to 0 but the user is capturing graphs on the stream. Violating graphUsageMode semantics can lead to hangs!
h200-bar-196-199:3141523:3141523 [5] NCCL INFO Comm config graphUsageMode is set to 0 but the user is capturing graphs on the stream. Violating graphUsageMode semantics can lead to hangs!
h200-bar-197-045:3632207:3632207 [5] NCCL INFO Comm config graphUsageMode is set to 0 but the user is capturing graphs on the stream. Violating graphUsageMode semantics can lead to hangs!
h200-bar-196-199:3141522:3141522 [6] NCCL INFO Comm config graphUsageMode is set to 0 but the user is capturing graphs on the stream. Violating graphUsageMode semantics can lead to hangs!
h200-bar-196-199:3141522:3141522 [6] NCCL INFO Comm config graphUsageMode is set to 0 but the user is capturing graphs on the stream. Violating graphUsageMode semantics can lead to hangs!
h200-bar-197-045:3632259:3632259 [6] NCCL INFO Comm config graphUsageMode is set to 0 but the user is capturing graphs on the stream. Violating graphUsageMode semantics can lead to hangs!
h200-bar-197-045:3632259:3632259 [6] NCCL INFO Comm config graphUsageMode is set to 0 but the user is capturing graphs on the stream. Violating graphUsageMode semantics can lead to hangs!
h200-bar-196-199:3141522:3141522 [6] NCCL INFO Comm config graphUsageMode is set to 0 but the user is capturing graphs on the stream. Violating graphUsageMode semantics can lead to hangs!
h200-bar-197-045:3632259:3632259 [6] NCCL INFO Comm config graphUsageMode is set to 0 but the user is capturing graphs on the stream. Violating graphUsageMode semantics can lead to hangs!
h200-bar-196-199:3141541:3141541 [7] NCCL INFO Comm config graphUsageMode is set to 0 but the user is capturing graphs on the stream. Violating graphUsageMode semantics can lead to hangs!
h200-bar-196-199:3141541:3141541 [7] NCCL INFO Comm config graphUsageMode is set to 0 but the user is capturing graphs on the stream. Violating graphUsageMode semantics can lead to hangs!
h200-bar-197-045:3632226:3632226 [7] NCCL INFO Comm config graphUsageMode is set to 0 but the user is capturing graphs on the stream. Violating graphUsageMode semantics can lead to hangs!
h200-bar-197-045:3632226:3632226 [7] NCCL INFO Comm config graphUsageMode is set to 0 but the user is capturing graphs on the stream. Violating graphUsageMode semantics can lead to hangs!
h200-bar-196-199:3141541:3141541 [7] NCCL INFO Comm config graphUsageMode is set to 0 but the user is capturing graphs on the stream. Violating graphUsageMode semantics can lead to hangs!
h200-bar-197-045:3632226:3632226 [7] NCCL INFO Comm config graphUsageMode is set to 0 but the user is capturing graphs on the stream. Violating graphUsageMode semantics can lead to hangs!
h200-bar-196-199:3141487:3141487 [0] NCCL INFO Comm config graphUsageMode is set to 0 but the user is capturing graphs on the stream. Violating graphUsageMode semantics can lead to hangs!
h200-bar-196-199:3141487:3141487 [0] NCCL INFO Comm config graphUsageMode is set to 0 but the user is capturing graphs on the stream. Violating graphUsageMode semantics can lead to hangs!
h200-bar-196-199:3141487:3141487 [0] NCCL INFO Comm config graphUsageMode is set to 0 but the user is capturing graphs on the stream. Violating graphUsageMode semantics can lead to hangs!
h200-bar-197-045:3632256:3632256 [0] NCCL INFO Comm config graphUsageMode is set to 0 but the user is capturing graphs on the stream. Violating graphUsageMode semantics can lead to hangs!
h200-bar-197-045:3632256:3632256 [0] NCCL INFO Comm config graphUsageMode is set to 0 but the user is capturing graphs on the stream. Violating graphUsageMode semantics can lead to hangs!
h200-bar-196-199:3141505:3141505 [1] NCCL INFO Comm config graphUsageMode is set to 0 but the user is capturing graphs on the stream. Violating graphUsageMode semantics can lead to hangs!
h200-bar-196-199:3141505:3141505 [1] NCCL INFO Comm config graphUsageMode is set to 0 but the user is capturing graphs on the stream. Violating graphUsageMode semantics can lead to hangs!
h200-bar-197-045:3632205:3632205 [1] NCCL INFO Comm config graphUsageMode is set to 0 but the user is capturing graphs on the stream. Violating graphUsageMode semantics can lead to hangs!
h200-bar-197-045:3632205:3632205 [1] NCCL INFO Comm config graphUsageMode is set to 0 but the user is capturing graphs on the stream. Violating graphUsageMode semantics can lead to hangs!
h200-bar-196-199:3141531:3141531 [2] NCCL INFO Comm config graphUsageMode is set to 0 but the user is capturing graphs on the stream. Violating graphUsageMode semantics can lead to hangs!
h200-bar-196-199:3141531:3141531 [2] NCCL INFO Comm config graphUsageMode is set to 0 but the user is capturing graphs on the stream. Violating graphUsageMode semantics can lead to hangs!
h200-bar-197-045:3632258:3632258 [2] NCCL INFO Comm config graphUsageMode is set to 0 but the user is capturing graphs on the stream. Violating graphUsageMode semantics can lead to hangs!
h200-bar-197-045:3632258:3632258 [2] NCCL INFO Comm config graphUsageMode is set to 0 but the user is capturing graphs on the stream. Violating graphUsageMode semantics can lead to hangs!
h200-bar-196-199:3141502:3141502 [3] NCCL INFO Comm config graphUsageMode is set to 0 but the user is capturing graphs on the stream. Violating graphUsageMode semantics can lead to hangs!
h200-bar-197-045:3632215:3632215 [3] NCCL INFO Comm config graphUsageMode is set to 0 but the user is capturing graphs on the stream. Violating graphUsageMode semantics can lead to hangs!
h200-bar-196-199:3141479:3141479 [4] NCCL INFO Comm config graphUsageMode is set to 0 but the user is capturing graphs on the stream. Violating graphUsageMode semantics can lead to hangs!
h200-bar-197-045:3632257:3632257 [4] NCCL INFO Comm config graphUsageMode is set to 0 but the user is capturing graphs on the stream. Violating graphUsageMode semantics can lead to hangs!
h200-bar-197-045:3632205:3632205 [1] NCCL INFO Comm config graphUsageMode is set to 0 but the user is capturing graphs on the stream. Violating graphUsageMode semantics can lead to hangs!
h200-bar-197-045:3632258:3632258 [2] NCCL INFO Comm config graphUsageMode is set to 0 but the user is capturing graphs on the stream. Violating graphUsageMode semantics can lead to hangs!
h200-bar-197-045:3632215:3632215 [3] NCCL INFO Comm config graphUsageMode is set to 0 but the user is capturing graphs on the stream. Violating graphUsageMode semantics can lead to hangs!
h200-bar-197-045:3632257:3632257 [4] NCCL INFO Comm config graphUsageMode is set to 0 but the user is capturing graphs on the stream. Violating graphUsageMode semantics can lead to hangs!
h200-bar-197-045:3632257:3632257 [4] NCCL INFO Comm config graphUsageMode is set to 0 but the user is capturing graphs on the stream. Violating graphUsageMode semantics can lead to hangs!
h200-bar-197-045:3632207:3632207 [5] NCCL INFO Comm config graphUsageMode is set to 0 but the user is capturing graphs on the stream. Violating graphUsageMode semantics can lead to hangs!
h200-bar-197-045:3632207:3632207 [5] NCCL INFO Comm config graphUsageMode is set to 0 but the user is capturing graphs on the stream. Violating graphUsageMode semantics can lead to hangs!
h200-bar-197-045:3632259:3632259 [6] NCCL INFO Comm config graphUsageMode is set to 0 but the user is capturing graphs on the stream. Violating graphUsageMode semantics can lead to hangs!
h200-bar-197-045:3632259:3632259 [6] NCCL INFO Comm config graphUsageMode is set to 0 but the user is capturing graphs on the stream. Violating graphUsageMode semantics can lead to hangs!
h200-bar-197-045:3632259:3632259 [6] NCCL INFO Comm config graphUsageMode is set to 0 but the user is capturing graphs on the stream. Violating graphUsageMode semantics can lead to hangs!
h200-bar-197-045:3632226:3632226 [7] NCCL INFO Comm config graphUsageMode is set to 0 but the user is capturing graphs on the stream. Violating graphUsageMode semantics can lead to hangs!
h200-bar-197-045:3632226:3632226 [7] NCCL INFO Comm config graphUsageMode is set to 0 but the user is capturing graphs on the stream. Violating graphUsageMode semantics can lead to hangs!
h200-bar-197-045:3632226:3632226 [7] NCCL INFO Comm config graphUsageMode is set to 0 but the user is capturing graphs on the stream. Violating graphUsageMode semantics can lead to hangs!
h200-bar-197-045:3632256:3632256 [0] NCCL INFO Comm config graphUsageMode is set to 0 but the user is capturing graphs on the stream. Violating graphUsageMode semantics can lead to hangs!
h200-bar-197-045:3632256:3632256 [0] NCCL INFO Comm config graphUsageMode is set to 0 but the user is capturing graphs on the stream. Violating graphUsageMode semantics can lead to hangs!
h200-bar-197-045:3632256:3632256 [0] NCCL INFO Comm config graphUsageMode is set to 0 but the user is capturing graphs on the stream. Violating graphUsageMode semantics can lead to hangs!
h200-bar-197-045:3632205:3632205 [1] NCCL INFO Comm config graphUsageMode is set to 0 but the user is capturing graphs on the stream. Violating graphUsageMode semantics can lead to hangs!
h200-bar-197-045:3632205:3632205 [1] NCCL INFO Comm config graphUsageMode is set to 0 but the user is capturing graphs on the stream. Violating graphUsageMode semantics can lead to hangs!
h200-bar-197-045:3632258:3632258 [2] NCCL INFO Comm config graphUsageMode is set to 0 but the user is capturing graphs on the stream. Violating graphUsageMode semantics can lead to hangs!
h200-bar-197-045:3632258:3632258 [2] NCCL INFO Comm config graphUsageMode is set to 0 but the user is capturing graphs on the stream. Violating graphUsageMode semantics can lead to hangs!
h200-bar-196-199:3141523:3141523 [5] NCCL INFO Comm config graphUsageMode is set to 0 but the user is capturing graphs on the stream. Violating graphUsageMode semantics can lead to hangs!
h200-bar-197-045:3632215:3632215 [3] NCCL INFO Comm config graphUsageMode is set to 0 but the user is capturing graphs on the stream. Violating graphUsageMode semantics can lead to hangs!
h200-bar-197-045:3632215:3632215 [3] NCCL INFO Comm config graphUsageMode is set to 0 but the user is capturing graphs on the stream. Violating graphUsageMode semantics can lead to hangs!
h200-bar-196-199:3141487:3141487 [0] NCCL INFO Comm config graphUsageMode is set to 0 but the user is capturing graphs on the stream. Violating graphUsageMode semantics can lead to hangs!
h200-bar-197-045:3632257:3632257 [4] NCCL INFO Comm config graphUsageMode is set to 0 but the user is capturing graphs on the stream. Violating graphUsageMode semantics can lead to hangs!
h200-bar-196-199:3141505:3141505 [1] NCCL INFO Comm config graphUsageMode is set to 0 but the user is capturing graphs on the stream. Violating graphUsageMode semantics can lead to hangs!
h200-bar-196-199:3141505:3141505 [1] NCCL INFO Comm config graphUsageMode is set to 0 but the user is capturing graphs on the stream. Violating graphUsageMode semantics can lead to hangs!
h200-bar-197-045:3632207:3632207 [5] NCCL INFO Comm config graphUsageMode is set to 0 but the user is capturing graphs on the stream. Violating graphUsageMode semantics can lead to hangs!
h200-bar-196-199:3141531:3141531 [2] NCCL INFO Comm config graphUsageMode is set to 0 but the user is capturing graphs on the stream. Violating graphUsageMode semantics can lead to hangs!
h200-bar-196-199:3141531:3141531 [2] NCCL INFO Comm config graphUsageMode is set to 0 but the user is capturing graphs on the stream. Violating graphUsageMode semantics can lead to hangs!
h200-bar-196-199:3141531:3141531 [2] NCCL INFO Comm config graphUsageMode is set to 0 but the user is capturing graphs on the stream. Violating graphUsageMode semantics can lead to hangs!
h200-bar-196-199:3141502:3141502 [3] NCCL INFO Comm config graphUsageMode is set to 0 but the user is capturing graphs on the stream. Violating graphUsageMode semantics can lead to hangs!
h200-bar-196-199:3141502:3141502 [3] NCCL INFO Comm config graphUsageMode is set to 0 but the user is capturing graphs on the stream. Violating graphUsageMode semantics can lead to hangs!
h200-bar-196-199:3141502:3141502 [3] NCCL INFO Comm config graphUsageMode is set to 0 but the user is capturing graphs on the stream. Violating graphUsageMode semantics can lead to hangs!
h200-bar-196-199:3141479:3141479 [4] NCCL INFO Comm config graphUsageMode is set to 0 but the user is capturing graphs on the stream. Violating graphUsageMode semantics can lead to hangs!
h200-bar-196-199:3141479:3141479 [4] NCCL INFO Comm config graphUsageMode is set to 0 but the user is capturing graphs on the stream. Violating graphUsageMode semantics can lead to hangs!
h200-bar-196-199:3141479:3141479 [4] NCCL INFO Comm config graphUsageMode is set to 0 but the user is capturing graphs on the stream. Violating graphUsageMode semantics can lead to hangs!
h200-bar-196-199:3141523:3141523 [5] NCCL INFO Comm config graphUsageMode is set to 0 but the user is capturing graphs on the stream. Violating graphUsageMode semantics can lead to hangs!
h200-bar-196-199:3141523:3141523 [5] NCCL INFO Comm config graphUsageMode is set to 0 but the user is capturing graphs on the stream. Violating graphUsageMode semantics can lead to hangs!
h200-bar-196-199:3141522:3141522 [6] NCCL INFO Comm config graphUsageMode is set to 0 but the user is capturing graphs on the stream. Violating graphUsageMode semantics can lead to hangs!
h200-bar-196-199:3141522:3141522 [6] NCCL INFO Comm config graphUsageMode is set to 0 but the user is capturing graphs on the stream. Violating graphUsageMode semantics can lead to hangs!
h200-bar-196-199:3141522:3141522 [6] NCCL INFO Comm config graphUsageMode is set to 0 but the user is capturing graphs on the stream. Violating graphUsageMode semantics can lead to hangs!
h200-bar-196-199:3141541:3141541 [7] NCCL INFO Comm config graphUsageMode is set to 0 but the user is capturing graphs on the stream. Violating graphUsageMode semantics can lead to hangs!
h200-bar-196-199:3141541:3141541 [7] NCCL INFO Comm config graphUsageMode is set to 0 but the user is capturing graphs on the stream. Violating graphUsageMode semantics can lead to hangs!
h200-bar-196-199:3141541:3141541 [7] NCCL INFO Comm config graphUsageMode is set to 0 but the user is capturing graphs on the stream. Violating graphUsageMode semantics can lead to hangs!
h200-bar-196-199:3141487:3141487 [0] NCCL INFO Comm config graphUsageMode is set to 0 but the user is capturing graphs on the stream. Violating graphUsageMode semantics can lead to hangs!
h200-bar-196-199:3141487:3141487 [0] NCCL INFO Comm config graphUsageMode is set to 0 but the user is capturing graphs on the stream. Violating graphUsageMode semantics can lead to hangs!
h200-bar-196-199:3141505:3141505 [1] NCCL INFO Comm config graphUsageMode is set to 0 but the user is capturing graphs on the stream. Violating graphUsageMode semantics can lead to hangs!
    36.35    0.06    0.11    N/A
h200-bar-197-045:3632256:3632256 [0] NCCL INFO Comm config graphUsageMode is set to 0 but the user is capturing graphs on the stream. Violating graphUsageMode semantics can lead to hangs!
h200-bar-197-045:3632205:3632205 [1] NCCL INFO Comm config graphUsageMode is set to 0 but the user is capturing graphs on the stream. Violating graphUsageMode semantics can lead to hangs!
h200-bar-197-045:3632258:3632258 [2] NCCL INFO Comm config graphUsageMode is set to 0 but the user is capturing graphs on the stream. Violating graphUsageMode semantics can lead to hangs!
h200-bar-197-045:3632258:3632258 [2] NCCL INFO Comm config graphUsageMode is set to 0 but the user is capturing graphs on the stream. Violating graphUsageMode semantics can lead to hangs!
h200-bar-197-045:3632215:3632215 [3] NCCL INFO Comm config graphUsageMode is set to 0 but the user is capturing graphs on the stream. Violating graphUsageMode semantics can lead to hangs!
h200-bar-197-045:3632215:3632215 [3] NCCL INFO Comm config graphUsageMode is set to 0 but the user is capturing graphs on the stream. Violating graphUsageMode semantics can lead to hangs!
h200-bar-197-045:3632257:3632257 [4] NCCL INFO Comm config graphUsageMode is set to 0 but the user is capturing graphs on the stream. Violating graphUsageMode semantics can lead to hangs!
h200-bar-197-045:3632257:3632257 [4] NCCL INFO Comm config graphUsageMode is set to 0 but the user is capturing graphs on the stream. Violating graphUsageMode semantics can lead to hangs!
h200-bar-197-045:3632257:3632257 [4] NCCL INFO Comm config graphUsageMode is set to 0 but the user is capturing graphs on the stream. Violating graphUsageMode semantics can lead to hangs!
h200-bar-196-199:3141505:3141505 [1] NCCL INFO Comm config graphUsageMode is set to 0 but the user is capturing graphs on the stream. Violating graphUsageMode semantics can lead to hangs!
h200-bar-197-045:3632207:3632207 [5] NCCL INFO Comm config graphUsageMode is set to 0 but the user is capturing graphs on the stream. Violating graphUsageMode semantics can lead to hangs!
h200-bar-197-045:3632207:3632207 [5] NCCL INFO Comm config graphUsageMode is set to 0 but the user is capturing graphs on the stream. Violating graphUsageMode semantics can lead to hangs!
h200-bar-196-199:3141531:3141531 [2] NCCL INFO Comm config graphUsageMode is set to 0 but the user is capturing graphs on the stream. Violating graphUsageMode semantics can lead to hangs!
h200-bar-197-045:3632207:3632207 [5] NCCL INFO Comm config graphUsageMode is set to 0 but the user is capturing graphs on the stream. Violating graphUsageMode semantics can lead to hangs!
h200-bar-196-199:3141502:3141502 [3] NCCL INFO Comm config graphUsageMode is set to 0 but the user is capturing graphs on the stream. Violating graphUsageMode semantics can lead to hangs!
h200-bar-196-199:3141502:3141502 [3] NCCL INFO Comm config graphUsageMode is set to 0 but the user is capturing graphs on the stream. Violating graphUsageMode semantics can lead to hangs!
h200-bar-197-045:3632259:3632259 [6] NCCL INFO Comm config graphUsageMode is set to 0 but the user is capturing graphs on the stream. Violating graphUsageMode semantics can lead to hangs!
h200-bar-197-045:3632259:3632259 [6] NCCL INFO Comm config graphUsageMode is set to 0 but the user is capturing graphs on the stream. Violating graphUsageMode semantics can lead to hangs!
h200-bar-196-199:3141479:3141479 [4] NCCL INFO Comm config graphUsageMode is set to 0 but the user is capturing graphs on the stream. Violating graphUsageMode semantics can lead to hangs!
h200-bar-196-199:3141479:3141479 [4] NCCL INFO Comm config graphUsageMode is set to 0 but the user is capturing graphs on the stream. Violating graphUsageMode semantics can lead to hangs!
h200-bar-197-045:3632259:3632259 [6] NCCL INFO Comm config graphUsageMode is set to 0 but the user is capturing graphs on the stream. Violating graphUsageMode semantics can lead to hangs!
h200-bar-196-199:3141523:3141523 [5] NCCL INFO Comm config graphUsageMode is set to 0 but the user is capturing graphs on the stream. Violating graphUsageMode semantics can lead to hangs!
h200-bar-196-199:3141523:3141523 [5] NCCL INFO Comm config graphUsageMode is set to 0 but the user is capturing graphs on the stream. Violating graphUsageMode semantics can lead to hangs!
h200-bar-197-045:3632226:3632226 [7] NCCL INFO Comm config graphUsageMode is set to 0 but the user is capturing graphs on the stream. Violating graphUsageMode semantics can lead to hangs!
h200-bar-197-045:3632226:3632226 [7] NCCL INFO Comm config graphUsageMode is set to 0 but the user is capturing graphs on the stream. Violating graphUsageMode semantics can lead to hangs!
h200-bar-196-199:3141523:3141523 [5] NCCL INFO Comm config graphUsageMode is set to 0 but the user is capturing graphs on the stream. Violating graphUsageMode semantics can lead to hangs!
h200-bar-197-045:3632226:3632226 [7] NCCL INFO Comm config graphUsageMode is set to 0 but the user is capturing graphs on the stream. Violating graphUsageMode semantics can lead to hangs!
h200-bar-197-045:3632256:3632256 [0] NCCL INFO Comm config graphUsageMode is set to 0 but the user is capturing graphs on the stream. Violating graphUsageMode semantics can lead to hangs!
h200-bar-197-045:3632256:3632256 [0] NCCL INFO Comm config graphUsageMode is set to 0 but the user is capturing graphs on the stream. Violating graphUsageMode semantics can lead to hangs!
h200-bar-197-045:3632258:3632258 [2] NCCL INFO Comm config graphUsageMode is set to 0 but the user is capturing graphs on the stream. Violating graphUsageMode semantics can lead to hangs!
h200-bar-197-045:3632215:3632215 [3] NCCL INFO Comm config graphUsageMode is set to 0 but the user is capturing graphs on the stream. Violating graphUsageMode semantics can lead to hangs!
h200-bar-197-045:3632205:3632205 [1] NCCL INFO Comm config graphUsageMode is set to 0 but the user is capturing graphs on the stream. Violating graphUsageMode semantics can lead to hangs!
h200-bar-197-045:3632205:3632205 [1] NCCL INFO Comm config graphUsageMode is set to 0 but the user is capturing graphs on the stream. Violating graphUsageMode semantics can lead to hangs!
h200-bar-196-199:3141522:3141522 [6] NCCL INFO Comm config graphUsageMode is set to 0 but the user is capturing graphs on the stream. Violating graphUsageMode semantics can lead to hangs!
h200-bar-196-199:3141522:3141522 [6] NCCL INFO Comm config graphUsageMode is set to 0 but the user is capturing graphs on the stream. Violating graphUsageMode semantics can lead to hangs!
h200-bar-196-199:3141522:3141522 [6] NCCL INFO Comm config graphUsageMode is set to 0 but the user is capturing graphs on the stream. Violating graphUsageMode semantics can lead to hangs!
h200-bar-196-199:3141541:3141541 [7] NCCL INFO Comm config graphUsageMode is set to 0 but the user is capturing graphs on the stream. Violating graphUsageMode semantics can lead to hangs!
h200-bar-196-199:3141541:3141541 [7] NCCL INFO Comm config graphUsageMode is set to 0 but the user is capturing graphs on the stream. Violating graphUsageMode semantics can lead to hangs!
h200-bar-196-199:3141541:3141541 [7] NCCL INFO Comm config graphUsageMode is set to 0 but the user is capturing graphs on the stream. Violating graphUsageMode semantics can lead to hangs!
h200-bar-196-199:3141487:3141487 [0] NCCL INFO Comm config graphUsageMode is set to 0 but the user is capturing graphs on the stream. Violating graphUsageMode semantics can lead to hangs!
h200-bar-196-199:3141487:3141487 [0] NCCL INFO Comm config graphUsageMode is set to 0 but the user is capturing graphs on the stream. Violating graphUsageMode semantics can lead to hangs!
h200-bar-196-199:3141487:3141487 [0] NCCL INFO Comm config graphUsageMode is set to 0 but the user is capturing graphs on the stream. Violating graphUsageMode semantics can lead to hangs!
h200-bar-196-199:3141531:3141531 [2] NCCL INFO Comm config graphUsageMode is set to 0 but the user is capturing graphs on the stream. Violating graphUsageMode semantics can lead to hangs!
h200-bar-196-199:3141531:3141531 [2] NCCL INFO Comm config graphUsageMode is set to 0 but the user is capturing graphs on the stream. Violating graphUsageMode semantics can lead to hangs!
h200-bar-196-199:3141502:3141502 [3] NCCL INFO Comm config graphUsageMode is set to 0 but the user is capturing graphs on the stream. Violating graphUsageMode semantics can lead to hangs!
h200-bar-196-199:3141479:3141479 [4] NCCL INFO Comm config graphUsageMode is set to 0 but the user is capturing graphs on the stream. Violating graphUsageMode semantics can lead to hangs!
h200-bar-196-199:3141505:3141505 [1] NCCL INFO Comm config graphUsageMode is set to 0 but the user is capturing graphs on the stream. Violating graphUsageMode semantics can lead to hangs!
h200-bar-196-199:3141505:3141505 [1] NCCL INFO Comm config graphUsageMode is set to 0 but the user is capturing graphs on the stream. Violating graphUsageMode semantics can lead to hangs!
h200-bar-197-045:3632226:3632226 [7] NCCL INFO Comm config graphUsageMode is set to 0 but the user is capturing graphs on the stream. Violating graphUsageMode semantics can lead to hangs!
h200-bar-197-045:3632256:3632256 [0] NCCL INFO Comm config graphUsageMode is set to 0 but the user is capturing graphs on the stream. Violating graphUsageMode semantics can lead to hangs!
h200-bar-197-045:3632205:3632205 [1] NCCL INFO Comm config graphUsageMode is set to 0 but the user is capturing graphs on the stream. Violating graphUsageMode semantics can lead to hangs!
h200-bar-197-045:3632205:3632205 [1] NCCL INFO Comm config graphUsageMode is set to 0 but the user is capturing graphs on the stream. Violating graphUsageMode semantics can lead to hangs!
h200-bar-197-045:3632258:3632258 [2] NCCL INFO Comm config graphUsageMode is set to 0 but the user is capturing graphs on the stream. Violating graphUsageMode semantics can lead to hangs!
h200-bar-197-045:3632258:3632258 [2] NCCL INFO Comm config graphUsageMode is set to 0 but the user is capturing graphs on the stream. Violating graphUsageMode semantics can lead to hangs!
h200-bar-197-045:3632258:3632258 [2] NCCL INFO Comm config graphUsageMode is set to 0 but the user is capturing graphs on the stream. Violating graphUsageMode semantics can lead to hangs!
h200-bar-197-045:3632215:3632215 [3] NCCL INFO Comm config graphUsageMode is set to 0 but the user is capturing graphs on the stream. Violating graphUsageMode semantics can lead to hangs!
h200-bar-197-045:3632215:3632215 [3] NCCL INFO Comm config graphUsageMode is set to 0 but the user is capturing graphs on the stream. Violating graphUsageMode semantics can lead to hangs!
h200-bar-197-045:3632215:3632215 [3] NCCL INFO Comm config graphUsageMode is set to 0 but the user is capturing graphs on the stream. Violating graphUsageMode semantics can lead to hangs!
h200-bar-197-045:3632257:3632257 [4] NCCL INFO Comm config graphUsageMode is set to 0 but the user is capturing graphs on the stream. Violating graphUsageMode semantics can lead to hangs!
h200-bar-197-045:3632257:3632257 [4] NCCL INFO Comm config graphUsageMode is set to 0 but the user is capturing graphs on the stream. Violating graphUsageMode semantics can lead to hangs!
h200-bar-197-045:3632257:3632257 [4] NCCL INFO Comm config graphUsageMode is set to 0 but the user is capturing graphs on the stream. Violating graphUsageMode semantics can lead to hangs!
h200-bar-197-045:3632207:3632207 [5] NCCL INFO Comm config graphUsageMode is set to 0 but the user is capturing graphs on the stream. Violating graphUsageMode semantics can lead to hangs!
h200-bar-197-045:3632207:3632207 [5] NCCL INFO Comm config graphUsageMode is set to 0 but the user is capturing graphs on the stream. Violating graphUsageMode semantics can lead to hangs!
h200-bar-197-045:3632207:3632207 [5] NCCL INFO Comm config graphUsageMode is set to 0 but the user is capturing graphs on the stream. Violating graphUsageMode semantics can lead to hangs!
h200-bar-197-045:3632259:3632259 [6] NCCL INFO Comm config graphUsageMode is set to 0 but the user is capturing graphs on the stream. Violating graphUsageMode semantics can lead to hangs!
h200-bar-197-045:3632259:3632259 [6] NCCL INFO Comm config graphUsageMode is set to 0 but the user is capturing graphs on the stream. Violating graphUsageMode semantics can lead to hangs!
h200-bar-197-045:3632259:3632259 [6] NCCL INFO Comm config graphUsageMode is set to 0 but the user is capturing graphs on the stream. Violating graphUsageMode semantics can lead to hangs!
h200-bar-197-045:3632256:3632256 [0] NCCL INFO Comm config graphUsageMode is set to 0 but the user is capturing graphs on the stream. Violating graphUsageMode semantics can lead to hangs!
h200-bar-197-045:3632256:3632256 [0] NCCL INFO Comm config graphUsageMode is set to 0 but the user is capturing graphs on the stream. Violating graphUsageMode semantics can lead to hangs!
h200-bar-197-045:3632205:3632205 [1] NCCL INFO Comm config graphUsageMode is set to 0 but the user is capturing graphs on the stream. Violating graphUsageMode semantics can lead to hangs!
h200-bar-197-045:3632226:3632226 [7] NCCL INFO Comm config graphUsageMode is set to 0 but the user is capturing graphs on the stream. Violating graphUsageMode semantics can lead to hangs!
h200-bar-197-045:3632226:3632226 [7] NCCL INFO Comm config graphUsageMode is set to 0 but the user is capturing graphs on the stream. Violating graphUsageMode semantics can lead to hangs!
h200-bar-196-199:3141505:3141505 [1] NCCL INFO Comm config graphUsageMode is set to 0 but the user is capturing graphs on the stream. Violating graphUsageMode semantics can lead to hangs!
h200-bar-196-199:3141531:3141531 [2] NCCL INFO Comm config graphUsageMode is set to 0 but the user is capturing graphs on the stream. Violating graphUsageMode semantics can lead to hangs!
h200-bar-196-199:3141502:3141502 [3] NCCL INFO Comm config graphUsageMode is set to 0 but the user is capturing graphs on the stream. Violating graphUsageMode semantics can lead to hangs!
h200-bar-196-199:3141479:3141479 [4] NCCL INFO Comm config graphUsageMode is set to 0 but the user is capturing graphs on the stream. Violating graphUsageMode semantics can lead to hangs!
h200-bar-196-199:3141479:3141479 [4] NCCL INFO Comm config graphUsageMode is set to 0 but the user is capturing graphs on the stream. Violating graphUsageMode semantics can lead to hangs!
h200-bar-196-199:3141523:3141523 [5] NCCL INFO Comm config graphUsageMode is set to 0 but the user is capturing graphs on the stream. Violating graphUsageMode semantics can lead to hangs!
h200-bar-196-199:3141523:3141523 [5] NCCL INFO Comm config graphUsageMode is set to 0 but the user is capturing graphs on the stream. Violating graphUsageMode semantics can lead to hangs!
h200-bar-196-199:3141523:3141523 [5] NCCL INFO Comm config graphUsageMode is set to 0 but the user is capturing graphs on the stream. Violating graphUsageMode semantics can lead to hangs!
h200-bar-196-199:3141522:3141522 [6] NCCL INFO Comm config graphUsageMode is set to 0 but the user is capturing graphs on the stream. Violating graphUsageMode semantics can lead to hangs!
h200-bar-196-199:3141522:3141522 [6] NCCL INFO Comm config graphUsageMode is set to 0 but the user is capturing graphs on the stream. Violating graphUsageMode semantics can lead to hangs!
h200-bar-196-199:3141522:3141522 [6] NCCL INFO Comm config graphUsageMode is set to 0 but the user is capturing graphs on the stream. Violating graphUsageMode semantics can lead to hangs!
h200-bar-196-199:3141541:3141541 [7] NCCL INFO Comm config graphUsageMode is set to 0 but the user is capturing graphs on the stream. Violating graphUsageMode semantics can lead to hangs!
h200-bar-196-199:3141541:3141541 [7] NCCL INFO Comm config graphUsageMode is set to 0 but the user is capturing graphs on the stream. Violating graphUsageMode semantics can lead to hangs!
h200-bar-196-199:3141541:3141541 [7] NCCL INFO Comm config graphUsageMode is set to 0 but the user is capturing graphs on the stream. Violating graphUsageMode semantics can lead to hangs!
h200-bar-196-199:3141487:3141487 [0] NCCL INFO Comm config graphUsageMode is set to 0 but the user is capturing graphs on the stream. Violating graphUsageMode semantics can lead to hangs!
h200-bar-196-199:3141487:3141487 [0] NCCL INFO Comm config graphUsageMode is set to 0 but the user is capturing graphs on the stream. Violating graphUsageMode semantics can lead to hangs!
h200-bar-196-199:3141487:3141487 [0] NCCL INFO Comm config graphUsageMode is set to 0 but the user is capturing graphs on the stream. Violating graphUsageMode semantics can lead to hangs!
h200-bar-196-199:3141505:3141505 [1] NCCL INFO Comm config graphUsageMode is set to 0 but the user is capturing graphs on the stream. Violating graphUsageMode semantics can lead to hangs!
h200-bar-196-199:3141505:3141505 [1] NCCL INFO Comm config graphUsageMode is set to 0 but the user is capturing graphs on the stream. Violating graphUsageMode semantics can lead to hangs!
h200-bar-196-199:3141531:3141531 [2] NCCL INFO Comm config graphUsageMode is set to 0 but the user is capturing graphs on the stream. Violating graphUsageMode semantics can lead to hangs!
h200-bar-196-199:3141531:3141531 [2] NCCL INFO Comm config graphUsageMode is set to 0 but the user is capturing graphs on the stream. Violating graphUsageMode semantics can lead to hangs!
h200-bar-196-199:3141502:3141502 [3] NCCL INFO Comm config graphUsageMode is set to 0 but the user is capturing graphs on the stream. Violating graphUsageMode semantics can lead to hangs!
h200-bar-196-199:3141502:3141502 [3] NCCL INFO Comm config graphUsageMode is set to 0 but the user is capturing graphs on the stream. Violating graphUsageMode semantics can lead to hangs!
h200-bar-196-199:3141479:3141479 [4] NCCL INFO Comm config graphUsageMode is set to 0 but the user is capturing graphs on the stream. Violating graphUsageMode semantics can lead to hangs!
    48.31    0.17    0.32    N/A
h200-bar-197-045:3632256:3632256 [0] NCCL INFO Comm config graphUsageMode is set to 0 but the user is capturing graphs on the stream. Violating graphUsageMode semantics can lead to hangs!
h200-bar-197-045:3632205:3632205 [1] NCCL INFO Comm config graphUsageMode is set to 0 but the user is capturing graphs on the stream. Violating graphUsageMode semantics can lead to hangs!
h200-bar-197-045:3632258:3632258 [2] NCCL INFO Comm config graphUsageMode is set to 0 but the user is capturing graphs on the stream. Violating graphUsageMode semantics can lead to hangs!
h200-bar-197-045:3632215:3632215 [3] NCCL INFO Comm config graphUsageMode is set to 0 but the user is capturing graphs on the stream. Violating graphUsageMode semantics can lead to hangs!
h200-bar-197-045:3632257:3632257 [4] NCCL INFO Comm config graphUsageMode is set to 0 but the user is capturing graphs on the stream. Violating graphUsageMode semantics can lead to hangs!
h200-bar-197-045:3632207:3632207 [5] NCCL INFO Comm config graphUsageMode is set to 0 but the user is capturing graphs on the stream. Violating graphUsageMode semantics can lead to hangs!
h200-bar-197-045:3632259:3632259 [6] NCCL INFO Comm config graphUsageMode is set to 0 but the user is capturing graphs on the stream. Violating graphUsageMode semantics can lead to hangs!
h200-bar-197-045:3632226:3632226 [7] NCCL INFO Comm config graphUsageMode is set to 0 but the user is capturing graphs on the stream. Violating graphUsageMode semantics can lead to hangs!
h200-bar-197-045:3632256:3632256 [0] NCCL INFO Comm config graphUsageMode is set to 0 but the user is capturing graphs on the stream. Violating graphUsageMode semantics can lead to hangs!
h200-bar-197-045:3632256:3632256 [0] NCCL INFO Comm config graphUsageMode is set to 0 but the user is capturing graphs on the stream. Violating graphUsageMode semantics can lead to hangs!
h200-bar-197-045:3632205:3632205 [1] NCCL INFO Comm config graphUsageMode is set to 0 but the user is capturing graphs on the stream. Violating graphUsageMode semantics can lead to hangs!
h200-bar-197-045:3632205:3632205 [1] NCCL INFO Comm config graphUsageMode is set to 0 but the user is capturing graphs on the stream. Violating graphUsageMode semantics can lead to hangs!
h200-bar-196-199:3141531:3141531 [2] NCCL INFO Comm config graphUsageMode is set to 0 but the user is capturing graphs on the stream. Violating graphUsageMode semantics can lead to hangs!
h200-bar-196-199:3141502:3141502 [3] NCCL INFO Comm config graphUsageMode is set to 0 but the user is capturing graphs on the stream. Violating graphUsageMode semantics can lead to hangs!
h200-bar-196-199:3141523:3141523 [5] NCCL INFO Comm config graphUsageMode is set to 0 but the user is capturing graphs on the stream. Violating graphUsageMode semantics can lead to hangs!
h200-bar-196-199:3141522:3141522 [6] NCCL INFO Comm config graphUsageMode is set to 0 but the user is capturing graphs on the stream. Violating graphUsageMode semantics can lead to hangs!
h200-bar-196-199:3141541:3141541 [7] NCCL INFO Comm config graphUsageMode is set to 0 but the user is capturing graphs on the stream. Violating graphUsageMode semantics can lead to hangs!
h200-bar-196-199:3141487:3141487 [0] NCCL INFO Comm config graphUsageMode is set to 0 but the user is capturing graphs on the stream. Violating graphUsageMode semantics can lead to hangs!
h200-bar-196-199:3141487:3141487 [0] NCCL INFO Comm config graphUsageMode is set to 0 but the user is capturing graphs on the stream. Violating graphUsageMode semantics can lead to hangs!
h200-bar-196-199:3141505:3141505 [1] NCCL INFO Comm config graphUsageMode is set to 0 but the user is capturing graphs on the stream. Violating graphUsageMode semantics can lead to hangs!
h200-bar-196-199:3141505:3141505 [1] NCCL INFO Comm config graphUsageMode is set to 0 but the user is capturing graphs on the stream. Violating graphUsageMode semantics can lead to hangs!
h200-bar-196-199:3141505:3141505 [1] NCCL INFO Comm config graphUsageMode is set to 0 but the user is capturing graphs on the stream. Violating graphUsageMode semantics can lead to hangs!
h200-bar-196-199:3141479:3141479 [4] NCCL INFO Comm config graphUsageMode is set to 0 but the user is capturing graphs on the stream. Violating graphUsageMode semantics can lead to hangs!
h200-bar-196-199:3141487:3141487 [0] NCCL INFO Comm config graphUsageMode is set to 0 but the user is capturing graphs on the stream. Violating graphUsageMode semantics can lead to hangs!
h200-bar-196-199:3141523:3141523 [5] NCCL INFO Comm config graphUsageMode is set to 0 but the user is capturing graphs on the stream. Violating graphUsageMode semantics can lead to hangs!
h200-bar-196-199:3141523:3141523 [5] NCCL INFO Comm config graphUsageMode is set to 0 but the user is capturing graphs on the stream. Violating graphUsageMode semantics can lead to hangs!
h200-bar-196-199:3141479:3141479 [4] NCCL INFO Comm config graphUsageMode is set to 0 but the user is capturing graphs on the stream. Violating graphUsageMode semantics can lead to hangs!
h200-bar-196-199:3141502:3141502 [3] NCCL INFO Comm config graphUsageMode is set to 0 but the user is capturing graphs on the stream. Violating graphUsageMode semantics can lead to hangs!
h200-bar-197-045:3632207:3632207 [5] NCCL INFO Comm config graphUsageMode is set to 0 but the user is capturing graphs on the stream. Violating graphUsageMode semantics can lead to hangs!
h200-bar-197-045:3632207:3632207 [5] NCCL INFO Comm config graphUsageMode is set to 0 but the user is capturing graphs on the stream. Violating graphUsageMode semantics can lead to hangs!
h200-bar-196-199:3141479:3141479 [4] NCCL INFO Comm config graphUsageMode is set to 0 but the user is capturing graphs on the stream. Violating graphUsageMode semantics can lead to hangs!
h200-bar-197-045:3632258:3632258 [2] NCCL INFO Comm config graphUsageMode is set to 0 but the user is capturing graphs on the stream. Violating graphUsageMode semantics can lead to hangs!
h200-bar-196-199:3141502:3141502 [3] NCCL INFO Comm config graphUsageMode is set to 0 but the user is capturing graphs on the stream. Violating graphUsageMode semantics can lead to hangs!
h200-bar-197-045:3632258:3632258 [2] NCCL INFO Comm config graphUsageMode is set to 0 but the user is capturing graphs on the stream. Violating graphUsageMode semantics can lead to hangs!
h200-bar-197-045:3632259:3632259 [6] NCCL INFO Comm config graphUsageMode is set to 0 but the user is capturing graphs on the stream. Violating graphUsageMode semantics can lead to hangs!
h200-bar-196-199:3141541:3141541 [7] NCCL INFO Comm config graphUsageMode is set to 0 but the user is capturing graphs on the stream. Violating graphUsageMode semantics can lead to hangs!
h200-bar-197-045:3632259:3632259 [6] NCCL INFO Comm config graphUsageMode is set to 0 but the user is capturing graphs on the stream. Violating graphUsageMode semantics can lead to hangs!
h200-bar-196-199:3141522:3141522 [6] NCCL INFO Comm config graphUsageMode is set to 0 but the user is capturing graphs on the stream. Violating graphUsageMode semantics can lead to hangs!
h200-bar-196-199:3141541:3141541 [7] NCCL INFO Comm config graphUsageMode is set to 0 but the user is capturing graphs on the stream. Violating graphUsageMode semantics can lead to hangs!
h200-bar-196-199:3141522:3141522 [6] NCCL INFO Comm config graphUsageMode is set to 0 but the user is capturing graphs on the stream. Violating graphUsageMode semantics can lead to hangs!
h200-bar-196-199:3141531:3141531 [2] NCCL INFO Comm config graphUsageMode is set to 0 but the user is capturing graphs on the stream. Violating graphUsageMode semantics can lead to hangs!
h200-bar-196-199:3141531:3141531 [2] NCCL INFO Comm config graphUsageMode is set to 0 but the user is capturing graphs on the stream. Violating graphUsageMode semantics can lead to hangs!
h200-bar-197-045:3632226:3632226 [7] NCCL INFO Comm config graphUsageMode is set to 0 but the user is capturing graphs on the stream. Violating graphUsageMode semantics can lead to hangs!
h200-bar-197-045:3632226:3632226 [7] NCCL INFO Comm config graphUsageMode is set to 0 but the user is capturing graphs on the stream. Violating graphUsageMode semantics can lead to hangs!
h200-bar-197-045:3632215:3632215 [3] NCCL INFO Comm config graphUsageMode is set to 0 but the user is capturing graphs on the stream. Violating graphUsageMode semantics can lead to hangs!
h200-bar-197-045:3632215:3632215 [3] NCCL INFO Comm config graphUsageMode is set to 0 but the user is capturing graphs on the stream. Violating graphUsageMode semantics can lead to hangs!
h200-bar-197-045:3632257:3632257 [4] NCCL INFO Comm config graphUsageMode is set to 0 but the user is capturing graphs on the stream. Violating graphUsageMode semantics can lead to hangs!
h200-bar-197-045:3632257:3632257 [4] NCCL INFO Comm config graphUsageMode is set to 0 but the user is capturing graphs on the stream. Violating graphUsageMode semantics can lead to hangs!
h200-bar-197-045:3632256:3632256 [0] NCCL INFO Comm config graphUsageMode is set to 0 but the user is capturing graphs on the stream. Violating graphUsageMode semantics can lead to hangs!
h200-bar-197-045:3632205:3632205 [1] NCCL INFO Comm config graphUsageMode is set to 0 but the user is capturing graphs on the stream. Violating graphUsageMode semantics can lead to hangs!
h200-bar-197-045:3632258:3632258 [2] NCCL INFO Comm config graphUsageMode is set to 0 but the user is capturing graphs on the stream. Violating graphUsageMode semantics can lead to hangs!
h200-bar-197-045:3632215:3632215 [3] NCCL INFO Comm config graphUsageMode is set to 0 but the user is capturing graphs on the stream. Violating graphUsageMode semantics can lead to hangs!
h200-bar-197-045:3632257:3632257 [4] NCCL INFO Comm config graphUsageMode is set to 0 but the user is capturing graphs on the stream. Violating graphUsageMode semantics can lead to hangs!
h200-bar-197-045:3632207:3632207 [5] NCCL INFO Comm config graphUsageMode is set to 0 but the user is capturing graphs on the stream. Violating graphUsageMode semantics can lead to hangs!
h200-bar-197-045:3632207:3632207 [5] NCCL INFO Comm config graphUsageMode is set to 0 but the user is capturing graphs on the stream. Violating graphUsageMode semantics can lead to hangs!
h200-bar-197-045:3632259:3632259 [6] NCCL INFO Comm config graphUsageMode is set to 0 but the user is capturing graphs on the stream. Violating graphUsageMode semantics can lead to hangs!
h200-bar-197-045:3632259:3632259 [6] NCCL INFO Comm config graphUsageMode is set to 0 but the user is capturing graphs on the stream. Violating graphUsageMode semantics can lead to hangs!
h200-bar-197-045:3632259:3632259 [6] NCCL INFO Comm config graphUsageMode is set to 0 but the user is capturing graphs on the stream. Violating graphUsageMode semantics can lead to hangs!
h200-bar-196-199:3141505:3141505 [1] NCCL INFO Comm config graphUsageMode is set to 0 but the user is capturing graphs on the stream. Violating graphUsageMode semantics can lead to hangs!
h200-bar-197-045:3632226:3632226 [7] NCCL INFO Comm config graphUsageMode is set to 0 but the user is capturing graphs on the stream. Violating graphUsageMode semantics can lead to hangs!
h200-bar-197-045:3632226:3632226 [7] NCCL INFO Comm config graphUsageMode is set to 0 but the user is capturing graphs on the stream. Violating graphUsageMode semantics can lead to hangs!
h200-bar-196-199:3141531:3141531 [2] NCCL INFO Comm config graphUsageMode is set to 0 but the user is capturing graphs on the stream. Violating graphUsageMode semantics can lead to hangs!
h200-bar-197-045:3632226:3632226 [7] NCCL INFO Comm config graphUsageMode is set to 0 but the user is capturing graphs on the stream. Violating graphUsageMode semantics can lead to hangs!
h200-bar-196-199:3141502:3141502 [3] NCCL INFO Comm config graphUsageMode is set to 0 but the user is capturing graphs on the stream. Violating graphUsageMode semantics can lead to hangs!
h200-bar-197-045:3632256:3632256 [0] NCCL INFO Comm config graphUsageMode is set to 0 but the user is capturing graphs on the stream. Violating graphUsageMode semantics can lead to hangs!
h200-bar-197-045:3632256:3632256 [0] NCCL INFO Comm config graphUsageMode is set to 0 but the user is capturing graphs on the stream. Violating graphUsageMode semantics can lead to hangs!
h200-bar-196-199:3141479:3141479 [4] NCCL INFO Comm config graphUsageMode is set to 0 but the user is capturing graphs on the stream. Violating graphUsageMode semantics can lead to hangs!
h200-bar-197-045:3632205:3632205 [1] NCCL INFO Comm config graphUsageMode is set to 0 but the user is capturing graphs on the stream. Violating graphUsageMode semantics can lead to hangs!
h200-bar-197-045:3632205:3632205 [1] NCCL INFO Comm config graphUsageMode is set to 0 but the user is capturing graphs on the stream. Violating graphUsageMode semantics can lead to hangs!
h200-bar-196-199:3141523:3141523 [5] NCCL INFO Comm config graphUsageMode is set to 0 but the user is capturing graphs on the stream. Violating graphUsageMode semantics can lead to hangs!
h200-bar-196-199:3141523:3141523 [5] NCCL INFO Comm config graphUsageMode is set to 0 but the user is capturing graphs on the stream. Violating graphUsageMode semantics can lead to hangs!
h200-bar-197-045:3632258:3632258 [2] NCCL INFO Comm config graphUsageMode is set to 0 but the user is capturing graphs on the stream. Violating graphUsageMode semantics can lead to hangs!
h200-bar-197-045:3632258:3632258 [2] NCCL INFO Comm config graphUsageMode is set to 0 but the user is capturing graphs on the stream. Violating graphUsageMode semantics can lead to hangs!
h200-bar-196-199:3141522:3141522 [6] NCCL INFO Comm config graphUsageMode is set to 0 but the user is capturing graphs on the stream. Violating graphUsageMode semantics can lead to hangs!
h200-bar-196-199:3141522:3141522 [6] NCCL INFO Comm config graphUsageMode is set to 0 but the user is capturing graphs on the stream. Violating graphUsageMode semantics can lead to hangs!
h200-bar-197-045:3632215:3632215 [3] NCCL INFO Comm config graphUsageMode is set to 0 but the user is capturing graphs on the stream. Violating graphUsageMode semantics can lead to hangs!
h200-bar-197-045:3632215:3632215 [3] NCCL INFO Comm config graphUsageMode is set to 0 but the user is capturing graphs on the stream. Violating graphUsageMode semantics can lead to hangs!
h200-bar-196-199:3141541:3141541 [7] NCCL INFO Comm config graphUsageMode is set to 0 but the user is capturing graphs on the stream. Violating graphUsageMode semantics can lead to hangs!
h200-bar-196-199:3141541:3141541 [7] NCCL INFO Comm config graphUsageMode is set to 0 but the user is capturing graphs on the stream. Violating graphUsageMode semantics can lead to hangs!
h200-bar-197-045:3632257:3632257 [4] NCCL INFO Comm config graphUsageMode is set to 0 but the user is capturing graphs on the stream. Violating graphUsageMode semantics can lead to hangs!
h200-bar-197-045:3632257:3632257 [4] NCCL INFO Comm config graphUsageMode is set to 0 but the user is capturing graphs on the stream. Violating graphUsageMode semantics can lead to hangs!
h200-bar-196-199:3141487:3141487 [0] NCCL INFO Comm config graphUsageMode is set to 0 but the user is capturing graphs on the stream. Violating graphUsageMode semantics can lead to hangs!
h200-bar-196-199:3141487:3141487 [0] NCCL INFO Comm config graphUsageMode is set to 0 but the user is capturing graphs on the stream. Violating graphUsageMode semantics can lead to hangs!
h200-bar-197-045:3632207:3632207 [5] NCCL INFO Comm config graphUsageMode is set to 0 but the user is capturing graphs on the stream. Violating graphUsageMode semantics can lead to hangs!
h200-bar-196-199:3141487:3141487 [0] NCCL INFO Comm config graphUsageMode is set to 0 but the user is capturing graphs on the stream. Violating graphUsageMode semantics can lead to hangs!
h200-bar-196-199:3141505:3141505 [1] NCCL INFO Comm config graphUsageMode is set to 0 but the user is capturing graphs on the stream. Violating graphUsageMode semantics can lead to hangs!
h200-bar-196-199:3141505:3141505 [1] NCCL INFO Comm config graphUsageMode is set to 0 but the user is capturing graphs on the stream. Violating graphUsageMode semantics can lead to hangs!
h200-bar-196-199:3141531:3141531 [2] NCCL INFO Comm config graphUsageMode is set to 0 but the user is capturing graphs on the stream. Violating graphUsageMode semantics can lead to hangs!
h200-bar-196-199:3141531:3141531 [2] NCCL INFO Comm config graphUsageMode is set to 0 but the user is capturing graphs on the stream. Violating graphUsageMode semantics can lead to hangs!
h200-bar-196-199:3141502:3141502 [3] NCCL INFO Comm config graphUsageMode is set to 0 but the user is capturing graphs on the stream. Violating graphUsageMode semantics can lead to hangs!
h200-bar-196-199:3141502:3141502 [3] NCCL INFO Comm config graphUsageMode is set to 0 but the user is capturing graphs on the stream. Violating graphUsageMode semantics can lead to hangs!
h200-bar-196-199:3141479:3141479 [4] NCCL INFO Comm config graphUsageMode is set to 0 but the user is capturing graphs on the stream. Violating graphUsageMode semantics can lead to hangs!
h200-bar-196-199:3141479:3141479 [4] NCCL INFO Comm config graphUsageMode is set to 0 but the user is capturing graphs on the stream. Violating graphUsageMode semantics can lead to hangs!
h200-bar-196-199:3141523:3141523 [5] NCCL INFO Comm config graphUsageMode is set to 0 but the user is capturing graphs on the stream. Violating graphUsageMode semantics can lead to hangs!
h200-bar-196-199:3141522:3141522 [6] NCCL INFO Comm config graphUsageMode is set to 0 but the user is capturing graphs on the stream. Violating graphUsageMode semantics can lead to hangs!
h200-bar-196-199:3141541:3141541 [7] NCCL INFO Comm config graphUsageMode is set to 0 but the user is capturing graphs on the stream. Violating graphUsageMode semantics can lead to hangs!
    72.64    0.45    0.85    N/A
h200-bar-196-199:3141531:3141531 [2] NCCL INFO Comm config graphUsageMode is set to 0 but the user is capturing graphs on the stream. Violating graphUsageMode semantics can lead to hangs!
h200-bar-197-045:3632256:3632256 [0] NCCL INFO Comm config graphUsageMode is set to 0 but the user is capturing graphs on the stream. Violating graphUsageMode semantics can lead to hangs!
h200-bar-197-045:3632205:3632205 [1] NCCL INFO Comm config graphUsageMode is set to 0 but the user is capturing graphs on the stream. Violating graphUsageMode semantics can lead to hangs!
h200-bar-197-045:3632258:3632258 [2] NCCL INFO Comm config graphUsageMode is set to 0 but the user is capturing graphs on the stream. Violating graphUsageMode semantics can lead to hangs!
h200-bar-197-045:3632215:3632215 [3] NCCL INFO Comm config graphUsageMode is set to 0 but the user is capturing graphs on the stream. Violating graphUsageMode semantics can lead to hangs!
h200-bar-197-045:3632215:3632215 [3] NCCL INFO Comm config graphUsageMode is set to 0 but the user is capturing graphs on the stream. Violating graphUsageMode semantics can lead to hangs!
h200-bar-197-045:3632257:3632257 [4] NCCL INFO Comm config graphUsageMode is set to 0 but the user is capturing graphs on the stream. Violating graphUsageMode semantics can lead to hangs!
h200-bar-197-045:3632257:3632257 [4] NCCL INFO Comm config graphUsageMode is set to 0 but the user is capturing graphs on the stream. Violating graphUsageMode semantics can lead to hangs!
h200-bar-196-199:3141502:3141502 [3] NCCL INFO Comm config graphUsageMode is set to 0 but the user is capturing graphs on the stream. Violating graphUsageMode semantics can lead to hangs!
h200-bar-197-045:3632207:3632207 [5] NCCL INFO Comm config graphUsageMode is set to 0 but the user is capturing graphs on the stream. Violating graphUsageMode semantics can lead to hangs!
h200-bar-197-045:3632207:3632207 [5] NCCL INFO Comm config graphUsageMode is set to 0 but the user is capturing graphs on the stream. Violating graphUsageMode semantics can lead to hangs!
h200-bar-196-199:3141523:3141523 [5] NCCL INFO Comm config graphUsageMode is set to 0 but the user is capturing graphs on the stream. Violating graphUsageMode semantics can lead to hangs!
h200-bar-197-045:3632207:3632207 [5] NCCL INFO Comm config graphUsageMode is set to 0 but the user is capturing graphs on the stream. Violating graphUsageMode semantics can lead to hangs!
h200-bar-196-199:3141522:3141522 [6] NCCL INFO Comm config graphUsageMode is set to 0 but the user is capturing graphs on the stream. Violating graphUsageMode semantics can lead to hangs!
h200-bar-196-199:3141522:3141522 [6] NCCL INFO Comm config graphUsageMode is set to 0 but the user is capturing graphs on the stream. Violating graphUsageMode semantics can lead to hangs!
h200-bar-197-045:3632259:3632259 [6] NCCL INFO Comm config graphUsageMode is set to 0 but the user is capturing graphs on the stream. Violating graphUsageMode semantics can lead to hangs!
h200-bar-197-045:3632259:3632259 [6] NCCL INFO Comm config graphUsageMode is set to 0 but the user is capturing graphs on the stream. Violating graphUsageMode semantics can lead to hangs!
h200-bar-196-199:3141541:3141541 [7] NCCL INFO Comm config graphUsageMode is set to 0 but the user is capturing graphs on the stream. Violating graphUsageMode semantics can lead to hangs!
h200-bar-196-199:3141541:3141541 [7] NCCL INFO Comm config graphUsageMode is set to 0 but the user is capturing graphs on the stream. Violating graphUsageMode semantics can lead to hangs!
h200-bar-197-045:3632259:3632259 [6] NCCL INFO Comm config graphUsageMode is set to 0 but the user is capturing graphs on the stream. Violating graphUsageMode semantics can lead to hangs!
h200-bar-196-199:3141487:3141487 [0] NCCL INFO Comm config graphUsageMode is set to 0 but the user is capturing graphs on the stream. Violating graphUsageMode semantics can lead to hangs!
h200-bar-196-199:3141487:3141487 [0] NCCL INFO Comm config graphUsageMode is set to 0 but the user is capturing graphs on the stream. Violating graphUsageMode semantics can lead to hangs!
h200-bar-197-045:3632226:3632226 [7] NCCL INFO Comm config graphUsageMode is set to 0 but the user is capturing graphs on the stream. Violating graphUsageMode semantics can lead to hangs!
h200-bar-197-045:3632226:3632226 [7] NCCL INFO Comm config graphUsageMode is set to 0 but the user is capturing graphs on the stream. Violating graphUsageMode semantics can lead to hangs!
h200-bar-196-199:3141487:3141487 [0] NCCL INFO Comm config graphUsageMode is set to 0 but the user is capturing graphs on the stream. Violating graphUsageMode semantics can lead to hangs!
h200-bar-197-045:3632226:3632226 [7] NCCL INFO Comm config graphUsageMode is set to 0 but the user is capturing graphs on the stream. Violating graphUsageMode semantics can lead to hangs!
h200-bar-196-199:3141505:3141505 [1] NCCL INFO Comm config graphUsageMode is set to 0 but the user is capturing graphs on the stream. Violating graphUsageMode semantics can lead to hangs!
h200-bar-196-199:3141505:3141505 [1] NCCL INFO Comm config graphUsageMode is set to 0 but the user is capturing graphs on the stream. Violating graphUsageMode semantics can lead to hangs!
h200-bar-197-045:3632256:3632256 [0] NCCL INFO Comm config graphUsageMode is set to 0 but the user is capturing graphs on the stream. Violating graphUsageMode semantics can lead to hangs!
h200-bar-197-045:3632256:3632256 [0] NCCL INFO Comm config graphUsageMode is set to 0 but the user is capturing graphs on the stream. Violating graphUsageMode semantics can lead to hangs!
h200-bar-196-199:3141505:3141505 [1] NCCL INFO Comm config graphUsageMode is set to 0 but the user is capturing graphs on the stream. Violating graphUsageMode semantics can lead to hangs!
h200-bar-197-045:3632205:3632205 [1] NCCL INFO Comm config graphUsageMode is set to 0 but the user is capturing graphs on the stream. Violating graphUsageMode semantics can lead to hangs!
h200-bar-197-045:3632205:3632205 [1] NCCL INFO Comm config graphUsageMode is set to 0 but the user is capturing graphs on the stream. Violating graphUsageMode semantics can lead to hangs!
h200-bar-196-199:3141531:3141531 [2] NCCL INFO Comm config graphUsageMode is set to 0 but the user is capturing graphs on the stream. Violating graphUsageMode semantics can lead to hangs!
h200-bar-196-199:3141531:3141531 [2] NCCL INFO Comm config graphUsageMode is set to 0 but the user is capturing graphs on the stream. Violating graphUsageMode semantics can lead to hangs!
h200-bar-197-045:3632258:3632258 [2] NCCL INFO Comm config graphUsageMode is set to 0 but the user is capturing graphs on the stream. Violating graphUsageMode semantics can lead to hangs!
h200-bar-197-045:3632258:3632258 [2] NCCL INFO Comm config graphUsageMode is set to 0 but the user is capturing graphs on the stream. Violating graphUsageMode semantics can lead to hangs!
h200-bar-196-199:3141502:3141502 [3] NCCL INFO Comm config graphUsageMode is set to 0 but the user is capturing graphs on the stream. Violating graphUsageMode semantics can lead to hangs!
h200-bar-196-199:3141502:3141502 [3] NCCL INFO Comm config graphUsageMode is set to 0 but the user is capturing graphs on the stream. Violating graphUsageMode semantics can lead to hangs!
h200-bar-197-045:3632215:3632215 [3] NCCL INFO Comm config graphUsageMode is set to 0 but the user is capturing graphs on the stream. Violating graphUsageMode semantics can lead to hangs!
h200-bar-196-199:3141479:3141479 [4] NCCL INFO Comm config graphUsageMode is set to 0 but the user is capturing graphs on the stream. Violating graphUsageMode semantics can lead to hangs!
h200-bar-196-199:3141479:3141479 [4] NCCL INFO Comm config graphUsageMode is set to 0 but the user is capturing graphs on the stream. Violating graphUsageMode semantics can lead to hangs!
h200-bar-197-045:3632257:3632257 [4] NCCL INFO Comm config graphUsageMode is set to 0 but the user is capturing graphs on the stream. Violating graphUsageMode semantics can lead to hangs!
h200-bar-196-199:3141479:3141479 [4] NCCL INFO Comm config graphUsageMode is set to 0 but the user is capturing graphs on the stream. Violating graphUsageMode semantics can lead to hangs!
h200-bar-196-199:3141523:3141523 [5] NCCL INFO Comm config graphUsageMode is set to 0 but the user is capturing graphs on the stream. Violating graphUsageMode semantics can lead to hangs!
h200-bar-196-199:3141523:3141523 [5] NCCL INFO Comm config graphUsageMode is set to 0 but the user is capturing graphs on the stream. Violating graphUsageMode semantics can lead to hangs!
h200-bar-196-199:3141522:3141522 [6] NCCL INFO Comm config graphUsageMode is set to 0 but the user is capturing graphs on the stream. Violating graphUsageMode semantics can lead to hangs!
h200-bar-196-199:3141541:3141541 [7] NCCL INFO Comm config graphUsageMode is set to 0 but the user is capturing graphs on the stream. Violating graphUsageMode semantics can lead to hangs!
h200-bar-197-045:3632256:3632256 [0] NCCL INFO Comm config graphUsageMode is set to 0 but the user is capturing graphs on the stream. Violating graphUsageMode semantics can lead to hangs!
h200-bar-197-045:3632205:3632205 [1] NCCL INFO Comm config graphUsageMode is set to 0 but the user is capturing graphs on the stream. Violating graphUsageMode semantics can lead to hangs!
h200-bar-197-045:3632258:3632258 [2] NCCL INFO Comm config graphUsageMode is set to 0 but the user is capturing graphs on the stream. Violating graphUsageMode semantics can lead to hangs!
h200-bar-196-199:3141487:3141487 [0] NCCL INFO Comm config graphUsageMode is set to 0 but the user is capturing graphs on the stream. Violating graphUsageMode semantics can lead to hangs!
h200-bar-197-045:3632215:3632215 [3] NCCL INFO Comm config graphUsageMode is set to 0 but the user is capturing graphs on the stream. Violating graphUsageMode semantics can lead to hangs!
h200-bar-197-045:3632215:3632215 [3] NCCL INFO Comm config graphUsageMode is set to 0 but the user is capturing graphs on the stream. Violating graphUsageMode semantics can lead to hangs!
h200-bar-196-199:3141505:3141505 [1] NCCL INFO Comm config graphUsageMode is set to 0 but the user is capturing graphs on the stream. Violating graphUsageMode semantics can lead to hangs!
h200-bar-197-045:3632257:3632257 [4] NCCL INFO Comm config graphUsageMode is set to 0 but the user is capturing graphs on the stream. Violating graphUsageMode semantics can lead to hangs!
h200-bar-197-045:3632257:3632257 [4] NCCL INFO Comm config graphUsageMode is set to 0 but the user is capturing graphs on the stream. Violating graphUsageMode semantics can lead to hangs!
h200-bar-196-199:3141531:3141531 [2] NCCL INFO Comm config graphUsageMode is set to 0 but the user is capturing graphs on the stream. Violating graphUsageMode semantics can lead to hangs!
h200-bar-197-045:3632207:3632207 [5] NCCL INFO Comm config graphUsageMode is set to 0 but the user is capturing graphs on the stream. Violating graphUsageMode semantics can lead to hangs!
h200-bar-197-045:3632207:3632207 [5] NCCL INFO Comm config graphUsageMode is set to 0 but the user is capturing graphs on the stream. Violating graphUsageMode semantics can lead to hangs!
h200-bar-196-199:3141502:3141502 [3] NCCL INFO Comm config graphUsageMode is set to 0 but the user is capturing graphs on the stream. Violating graphUsageMode semantics can lead to hangs!
h200-bar-196-199:3141502:3141502 [3] NCCL INFO Comm config graphUsageMode is set to 0 but the user is capturing graphs on the stream. Violating graphUsageMode semantics can lead to hangs!
h200-bar-197-045:3632207:3632207 [5] NCCL INFO Comm config graphUsageMode is set to 0 but the user is capturing graphs on the stream. Violating graphUsageMode semantics can lead to hangs!
h200-bar-196-199:3141479:3141479 [4] NCCL INFO Comm config graphUsageMode is set to 0 but the user is capturing graphs on the stream. Violating graphUsageMode semantics can lead to hangs!
h200-bar-196-199:3141479:3141479 [4] NCCL INFO Comm config graphUsageMode is set to 0 but the user is capturing graphs on the stream. Violating graphUsageMode semantics can lead to hangs!
h200-bar-197-045:3632259:3632259 [6] NCCL INFO Comm config graphUsageMode is set to 0 but the user is capturing graphs on the stream. Violating graphUsageMode semantics can lead to hangs!
h200-bar-197-045:3632259:3632259 [6] NCCL INFO Comm config graphUsageMode is set to 0 but the user is capturing graphs on the stream. Violating graphUsageMode semantics can lead to hangs!
h200-bar-196-199:3141523:3141523 [5] NCCL INFO Comm config graphUsageMode is set to 0 but the user is capturing graphs on the stream. Violating graphUsageMode semantics can lead to hangs!
h200-bar-196-199:3141523:3141523 [5] NCCL INFO Comm config graphUsageMode is set to 0 but the user is capturing graphs on the stream. Violating graphUsageMode semantics can lead to hangs!
h200-bar-197-045:3632259:3632259 [6] NCCL INFO Comm config graphUsageMode is set to 0 but the user is capturing graphs on the stream. Violating graphUsageMode semantics can lead to hangs!
h200-bar-196-199:3141523:3141523 [5] NCCL INFO Comm config graphUsageMode is set to 0 but the user is capturing graphs on the stream. Violating graphUsageMode semantics can lead to hangs!
h200-bar-197-045:3632226:3632226 [7] NCCL INFO Comm config graphUsageMode is set to 0 but the user is capturing graphs on the stream. Violating graphUsageMode semantics can lead to hangs!
h200-bar-197-045:3632226:3632226 [7] NCCL INFO Comm config graphUsageMode is set to 0 but the user is capturing graphs on the stream. Violating graphUsageMode semantics can lead to hangs!
h200-bar-196-199:3141522:3141522 [6] NCCL INFO Comm config graphUsageMode is set to 0 but the user is capturing graphs on the stream. Violating graphUsageMode semantics can lead to hangs!
h200-bar-196-199:3141522:3141522 [6] NCCL INFO Comm config graphUsageMode is set to 0 but the user is capturing graphs on the stream. Violating graphUsageMode semantics can lead to hangs!
h200-bar-197-045:3632226:3632226 [7] NCCL INFO Comm config graphUsageMode is set to 0 but the user is capturing graphs on the stream. Violating graphUsageMode semantics can lead to hangs!
h200-bar-196-199:3141522:3141522 [6] NCCL INFO Comm config graphUsageMode is set to 0 but the user is capturing graphs on the stream. Violating graphUsageMode semantics can lead to hangs!
h200-bar-197-045:3632256:3632256 [0] NCCL INFO Comm config graphUsageMode is set to 0 but the user is capturing graphs on the stream. Violating graphUsageMode semantics can lead to hangs!
h200-bar-197-045:3632256:3632256 [0] NCCL INFO Comm config graphUsageMode is set to 0 but the user is capturing graphs on the stream. Violating graphUsageMode semantics can lead to hangs!
h200-bar-196-199:3141541:3141541 [7] NCCL INFO Comm config graphUsageMode is set to 0 but the user is capturing graphs on the stream. Violating graphUsageMode semantics can lead to hangs!
h200-bar-196-199:3141541:3141541 [7] NCCL INFO Comm config graphUsageMode is set to 0 but the user is capturing graphs on the stream. Violating graphUsageMode semantics can lead to hangs!
h200-bar-197-045:3632205:3632205 [1] NCCL INFO Comm config graphUsageMode is set to 0 but the user is capturing graphs on the stream. Violating graphUsageMode semantics can lead to hangs!
h200-bar-197-045:3632205:3632205 [1] NCCL INFO Comm config graphUsageMode is set to 0 but the user is capturing graphs on the stream. Violating graphUsageMode semantics can lead to hangs!
h200-bar-196-199:3141541:3141541 [7] NCCL INFO Comm config graphUsageMode is set to 0 but the user is capturing graphs on the stream. Violating graphUsageMode semantics can lead to hangs!
h200-bar-197-045:3632258:3632258 [2] NCCL INFO Comm config graphUsageMode is set to 0 but the user is capturing graphs on the stream. Violating graphUsageMode semantics can lead to hangs!
h200-bar-197-045:3632258:3632258 [2] NCCL INFO Comm config graphUsageMode is set to 0 but the user is capturing graphs on the stream. Violating graphUsageMode semantics can lead to hangs!
h200-bar-196-199:3141487:3141487 [0] NCCL INFO Comm config graphUsageMode is set to 0 but the user is capturing graphs on the stream. Violating graphUsageMode semantics can lead to hangs!
h200-bar-196-199:3141487:3141487 [0] NCCL INFO Comm config graphUsageMode is set to 0 but the user is capturing graphs on the stream. Violating graphUsageMode semantics can lead to hangs!
h200-bar-197-045:3632215:3632215 [3] NCCL INFO Comm config graphUsageMode is set to 0 but the user is capturing graphs on the stream. Violating graphUsageMode semantics can lead to hangs!
h200-bar-196-199:3141505:3141505 [1] NCCL INFO Comm config graphUsageMode is set to 0 but the user is capturing graphs on the stream. Violating graphUsageMode semantics can lead to hangs!
h200-bar-196-199:3141505:3141505 [1] NCCL INFO Comm config graphUsageMode is set to 0 but the user is capturing graphs on the stream. Violating graphUsageMode semantics can lead to hangs!
h200-bar-197-045:3632257:3632257 [4] NCCL INFO Comm config graphUsageMode is set to 0 but the user is capturing graphs on the stream. Violating graphUsageMode semantics can lead to hangs!
h200-bar-196-199:3141531:3141531 [2] NCCL INFO Comm config graphUsageMode is set to 0 but the user is capturing graphs on the stream. Violating graphUsageMode semantics can lead to hangs!
h200-bar-196-199:3141531:3141531 [2] NCCL INFO Comm config graphUsageMode is set to 0 but the user is capturing graphs on the stream. Violating graphUsageMode semantics can lead to hangs!
h200-bar-196-199:3141502:3141502 [3] NCCL INFO Comm config graphUsageMode is set to 0 but the user is capturing graphs on the stream. Violating graphUsageMode semantics can lead to hangs!
h200-bar-196-199:3141479:3141479 [4] NCCL INFO Comm config graphUsageMode is set to 0 but the user is capturing graphs on the stream. Violating graphUsageMode semantics can lead to hangs!
    63.47    2.06    3.87    N/A
h200-bar-196-199:3141487:3141487 [0] NCCL INFO Comm config graphUsageMode is set to 0 but the user is capturing graphs on the stream. Violating graphUsageMode semantics can lead to hangs!
h200-bar-197-045:3632256:3632256 [0] NCCL INFO Comm config graphUsageMode is set to 0 but the user is capturing graphs on the stream. Violating graphUsageMode semantics can lead to hangs!
h200-bar-197-045:3632205:3632205 [1] NCCL INFO Comm config graphUsageMode is set to 0 but the user is capturing graphs on the stream. Violating graphUsageMode semantics can lead to hangs!
h200-bar-197-045:3632258:3632258 [2] NCCL INFO Comm config graphUsageMode is set to 0 but the user is capturing graphs on the stream. Violating graphUsageMode semantics can lead to hangs!
h200-bar-197-045:3632258:3632258 [2] NCCL INFO Comm config graphUsageMode is set to 0 but the user is capturing graphs on the stream. Violating graphUsageMode semantics can lead to hangs!
h200-bar-197-045:3632215:3632215 [3] NCCL INFO Comm config graphUsageMode is set to 0 but the user is capturing graphs on the stream. Violating graphUsageMode semantics can lead to hangs!
h200-bar-197-045:3632215:3632215 [3] NCCL INFO Comm config graphUsageMode is set to 0 but the user is capturing graphs on the stream. Violating graphUsageMode semantics can lead to hangs!
h200-bar-197-045:3632257:3632257 [4] NCCL INFO Comm config graphUsageMode is set to 0 but the user is capturing graphs on the stream. Violating graphUsageMode semantics can lead to hangs!
h200-bar-197-045:3632257:3632257 [4] NCCL INFO Comm config graphUsageMode is set to 0 but the user is capturing graphs on the stream. Violating graphUsageMode semantics can lead to hangs!
h200-bar-197-045:3632257:3632257 [4] NCCL INFO Comm config graphUsageMode is set to 0 but the user is capturing graphs on the stream. Violating graphUsageMode semantics can lead to hangs!
h200-bar-196-199:3141505:3141505 [1] NCCL INFO Comm config graphUsageMode is set to 0 but the user is capturing graphs on the stream. Violating graphUsageMode semantics can lead to hangs!
h200-bar-197-045:3632207:3632207 [5] NCCL INFO Comm config graphUsageMode is set to 0 but the user is capturing graphs on the stream. Violating graphUsageMode semantics can lead to hangs!
h200-bar-197-045:3632207:3632207 [5] NCCL INFO Comm config graphUsageMode is set to 0 but the user is capturing graphs on the stream. Violating graphUsageMode semantics can lead to hangs!
h200-bar-196-199:3141531:3141531 [2] NCCL INFO Comm config graphUsageMode is set to 0 but the user is capturing graphs on the stream. Violating graphUsageMode semantics can lead to hangs!
h200-bar-196-199:3141502:3141502 [3] NCCL INFO Comm config graphUsageMode is set to 0 but the user is capturing graphs on the stream. Violating graphUsageMode semantics can lead to hangs!
h200-bar-196-199:3141502:3141502 [3] NCCL INFO Comm config graphUsageMode is set to 0 but the user is capturing graphs on the stream. Violating graphUsageMode semantics can lead to hangs!
h200-bar-197-045:3632207:3632207 [5] NCCL INFO Comm config graphUsageMode is set to 0 but the user is capturing graphs on the stream. Violating graphUsageMode semantics can lead to hangs!
h200-bar-196-199:3141479:3141479 [4] NCCL INFO Comm config graphUsageMode is set to 0 but the user is capturing graphs on the stream. Violating graphUsageMode semantics can lead to hangs!
h200-bar-196-199:3141479:3141479 [4] NCCL INFO Comm config graphUsageMode is set to 0 but the user is capturing graphs on the stream. Violating graphUsageMode semantics can lead to hangs!
h200-bar-197-045:3632259:3632259 [6] NCCL INFO Comm config graphUsageMode is set to 0 but the user is capturing graphs on the stream. Violating graphUsageMode semantics can lead to hangs!
h200-bar-197-045:3632259:3632259 [6] NCCL INFO Comm config graphUsageMode is set to 0 but the user is capturing graphs on the stream. Violating graphUsageMode semantics can lead to hangs!
h200-bar-196-199:3141523:3141523 [5] NCCL INFO Comm config graphUsageMode is set to 0 but the user is capturing graphs on the stream. Violating graphUsageMode semantics can lead to hangs!
h200-bar-196-199:3141523:3141523 [5] NCCL INFO Comm config graphUsageMode is set to 0 but the user is capturing graphs on the stream. Violating graphUsageMode semantics can lead to hangs!
h200-bar-197-045:3632259:3632259 [6] NCCL INFO Comm config graphUsageMode is set to 0 but the user is capturing graphs on the stream. Violating graphUsageMode semantics can lead to hangs!
h200-bar-196-199:3141523:3141523 [5] NCCL INFO Comm config graphUsageMode is set to 0 but the user is capturing graphs on the stream. Violating graphUsageMode semantics can lead to hangs!
h200-bar-197-045:3632226:3632226 [7] NCCL INFO Comm config graphUsageMode is set to 0 but the user is capturing graphs on the stream. Violating graphUsageMode semantics can lead to hangs!
h200-bar-197-045:3632226:3632226 [7] NCCL INFO Comm config graphUsageMode is set to 0 but the user is capturing graphs on the stream. Violating graphUsageMode semantics can lead to hangs!
h200-bar-196-199:3141522:3141522 [6] NCCL INFO Comm config graphUsageMode is set to 0 but the user is capturing graphs on the stream. Violating graphUsageMode semantics can lead to hangs!
h200-bar-196-199:3141522:3141522 [6] NCCL INFO Comm config graphUsageMode is set to 0 but the user is capturing graphs on the stream. Violating graphUsageMode semantics can lead to hangs!
h200-bar-197-045:3632226:3632226 [7] NCCL INFO Comm config graphUsageMode is set to 0 but the user is capturing graphs on the stream. Violating graphUsageMode semantics can lead to hangs!
h200-bar-196-199:3141522:3141522 [6] NCCL INFO Comm config graphUsageMode is set to 0 but the user is capturing graphs on the stream. Violating graphUsageMode semantics can lead to hangs!
h200-bar-197-045:3632256:3632256 [0] NCCL INFO Comm config graphUsageMode is set to 0 but the user is capturing graphs on the stream. Violating graphUsageMode semantics can lead to hangs!
h200-bar-197-045:3632256:3632256 [0] NCCL INFO Comm config graphUsageMode is set to 0 but the user is capturing graphs on the stream. Violating graphUsageMode semantics can lead to hangs!
h200-bar-196-199:3141541:3141541 [7] NCCL INFO Comm config graphUsageMode is set to 0 but the user is capturing graphs on the stream. Violating graphUsageMode semantics can lead to hangs!
h200-bar-196-199:3141541:3141541 [7] NCCL INFO Comm config graphUsageMode is set to 0 but the user is capturing graphs on the stream. Violating graphUsageMode semantics can lead to hangs!
h200-bar-197-045:3632205:3632205 [1] NCCL INFO Comm config graphUsageMode is set to 0 but the user is capturing graphs on the stream. Violating graphUsageMode semantics can lead to hangs!
h200-bar-197-045:3632205:3632205 [1] NCCL INFO Comm config graphUsageMode is set to 0 but the user is capturing graphs on the stream. Violating graphUsageMode semantics can lead to hangs!
h200-bar-196-199:3141541:3141541 [7] NCCL INFO Comm config graphUsageMode is set to 0 but the user is capturing graphs on the stream. Violating graphUsageMode semantics can lead to hangs!
h200-bar-197-045:3632258:3632258 [2] NCCL INFO Comm config graphUsageMode is set to 0 but the user is capturing graphs on the stream. Violating graphUsageMode semantics can lead to hangs!
h200-bar-196-199:3141487:3141487 [0] NCCL INFO Comm config graphUsageMode is set to 0 but the user is capturing graphs on the stream. Violating graphUsageMode semantics can lead to hangs!
h200-bar-196-199:3141487:3141487 [0] NCCL INFO Comm config graphUsageMode is set to 0 but the user is capturing graphs on the stream. Violating graphUsageMode semantics can lead to hangs!
h200-bar-197-045:3632215:3632215 [3] NCCL INFO Comm config graphUsageMode is set to 0 but the user is capturing graphs on the stream. Violating graphUsageMode semantics can lead to hangs!
h200-bar-196-199:3141505:3141505 [1] NCCL INFO Comm config graphUsageMode is set to 0 but the user is capturing graphs on the stream. Violating graphUsageMode semantics can lead to hangs!
h200-bar-196-199:3141505:3141505 [1] NCCL INFO Comm config graphUsageMode is set to 0 but the user is capturing graphs on the stream. Violating graphUsageMode semantics can lead to hangs!
h200-bar-196-199:3141531:3141531 [2] NCCL INFO Comm config graphUsageMode is set to 0 but the user is capturing graphs on the stream. Violating graphUsageMode semantics can lead to hangs!
h200-bar-196-199:3141531:3141531 [2] NCCL INFO Comm config graphUsageMode is set to 0 but the user is capturing graphs on the stream. Violating graphUsageMode semantics can lead to hangs!
h200-bar-196-199:3141502:3141502 [3] NCCL INFO Comm config graphUsageMode is set to 0 but the user is capturing graphs on the stream. Violating graphUsageMode semantics can lead to hangs!
h200-bar-196-199:3141479:3141479 [4] NCCL INFO Comm config graphUsageMode is set to 0 but the user is capturing graphs on the stream. Violating graphUsageMode semantics can lead to hangs!
h200-bar-197-045:3632256:3632256 [0] NCCL INFO Comm config graphUsageMode is set to 0 but the user is capturing graphs on the stream. Violating graphUsageMode semantics can lead to hangs!
h200-bar-197-045:3632205:3632205 [1] NCCL INFO Comm config graphUsageMode is set to 0 but the user is capturing graphs on the stream. Violating graphUsageMode semantics can lead to hangs!
h200-bar-197-045:3632258:3632258 [2] NCCL INFO Comm config graphUsageMode is set to 0 but the user is capturing graphs on the stream. Violating graphUsageMode semantics can lead to hangs!
h200-bar-197-045:3632215:3632215 [3] NCCL INFO Comm config graphUsageMode is set to 0 but the user is capturing graphs on the stream. Violating graphUsageMode semantics can lead to hangs!
h200-bar-197-045:3632215:3632215 [3] NCCL INFO Comm config graphUsageMode is set to 0 but the user is capturing graphs on the stream. Violating graphUsageMode semantics can lead to hangs!
h200-bar-197-045:3632257:3632257 [4] NCCL INFO Comm config graphUsageMode is set to 0 but the user is capturing graphs on the stream. Violating graphUsageMode semantics can lead to hangs!
h200-bar-197-045:3632257:3632257 [4] NCCL INFO Comm config graphUsageMode is set to 0 but the user is capturing graphs on the stream. Violating graphUsageMode semantics can lead to hangs!
h200-bar-196-199:3141487:3141487 [0] NCCL INFO Comm config graphUsageMode is set to 0 but the user is capturing graphs on the stream. Violating graphUsageMode semantics can lead to hangs!
h200-bar-197-045:3632207:3632207 [5] NCCL INFO Comm config graphUsageMode is set to 0 but the user is capturing graphs on the stream. Violating graphUsageMode semantics can lead to hangs!
h200-bar-197-045:3632207:3632207 [5] NCCL INFO Comm config graphUsageMode is set to 0 but the user is capturing graphs on the stream. Violating graphUsageMode semantics can lead to hangs!
h200-bar-196-199:3141505:3141505 [1] NCCL INFO Comm config graphUsageMode is set to 0 but the user is capturing graphs on the stream. Violating graphUsageMode semantics can lead to hangs!
h200-bar-197-045:3632207:3632207 [5] NCCL INFO Comm config graphUsageMode is set to 0 but the user is capturing graphs on the stream. Violating graphUsageMode semantics can lead to hangs!
h200-bar-196-199:3141531:3141531 [2] NCCL INFO Comm config graphUsageMode is set to 0 but the user is capturing graphs on the stream. Violating graphUsageMode semantics can lead to hangs!
h200-bar-197-045:3632259:3632259 [6] NCCL INFO Comm config graphUsageMode is set to 0 but the user is capturing graphs on the stream. Violating graphUsageMode semantics can lead to hangs!
h200-bar-197-045:3632259:3632259 [6] NCCL INFO Comm config graphUsageMode is set to 0 but the user is capturing graphs on the stream. Violating graphUsageMode semantics can lead to hangs!
h200-bar-196-199:3141502:3141502 [3] NCCL INFO Comm config graphUsageMode is set to 0 but the user is capturing graphs on the stream. Violating graphUsageMode semantics can lead to hangs!
h200-bar-196-199:3141502:3141502 [3] NCCL INFO Comm config graphUsageMode is set to 0 but the user is capturing graphs on the stream. Violating graphUsageMode semantics can lead to hangs!
h200-bar-197-045:3632259:3632259 [6] NCCL INFO Comm config graphUsageMode is set to 0 but the user is capturing graphs on the stream. Violating graphUsageMode semantics can lead to hangs!
h200-bar-196-199:3141479:3141479 [4] NCCL INFO Comm config graphUsageMode is set to 0 but the user is capturing graphs on the stream. Violating graphUsageMode semantics can lead to hangs!
h200-bar-196-199:3141479:3141479 [4] NCCL INFO Comm config graphUsageMode is set to 0 but the user is capturing graphs on the stream. Violating graphUsageMode semantics can lead to hangs!
h200-bar-196-199:3141479:3141479 [4] NCCL INFO Comm config graphUsageMode is set to 0 but the user is capturing graphs on the stream. Violating graphUsageMode semantics can lead to hangs!
h200-bar-196-199:3141523:3141523 [5] NCCL INFO Comm config graphUsageMode is set to 0 but the user is capturing graphs on the stream. Violating graphUsageMode semantics can lead to hangs!
h200-bar-196-199:3141523:3141523 [5] NCCL INFO Comm config graphUsageMode is set to 0 but the user is capturing graphs on the stream. Violating graphUsageMode semantics can lead to hangs!
h200-bar-196-199:3141523:3141523 [5] NCCL INFO Comm config graphUsageMode is set to 0 but the user is capturing graphs on the stream. Violating graphUsageMode semantics can lead to hangs!
h200-bar-196-199:3141522:3141522 [6] NCCL INFO Comm config graphUsageMode is set to 0 but the user is capturing graphs on the stream. Violating graphUsageMode semantics can lead to hangs!
h200-bar-196-199:3141522:3141522 [6] NCCL INFO Comm config graphUsageMode is set to 0 but the user is capturing graphs on the stream. Violating graphUsageMode semantics can lead to hangs!
h200-bar-196-199:3141522:3141522 [6] NCCL INFO Comm config graphUsageMode is set to 0 but the user is capturing graphs on the stream. Violating graphUsageMode semantics can lead to hangs!
h200-bar-196-199:3141541:3141541 [7] NCCL INFO Comm config graphUsageMode is set to 0 but the user is capturing graphs on the stream. Violating graphUsageMode semantics can lead to hangs!
h200-bar-196-199:3141541:3141541 [7] NCCL INFO Comm config graphUsageMode is set to 0 but the user is capturing graphs on the stream. Violating graphUsageMode semantics can lead to hangs!
h200-bar-197-045:3632226:3632226 [7] NCCL INFO Comm config graphUsageMode is set to 0 but the user is capturing graphs on the stream. Violating graphUsageMode semantics can lead to hangs!
h200-bar-197-045:3632226:3632226 [7] NCCL INFO Comm config graphUsageMode is set to 0 but the user is capturing graphs on the stream. Violating graphUsageMode semantics can lead to hangs!
h200-bar-196-199:3141541:3141541 [7] NCCL INFO Comm config graphUsageMode is set to 0 but the user is capturing graphs on the stream. Violating graphUsageMode semantics can lead to hangs!
h200-bar-197-045:3632226:3632226 [7] NCCL INFO Comm config graphUsageMode is set to 0 but the user is capturing graphs on the stream. Violating graphUsageMode semantics can lead to hangs!
h200-bar-196-199:3141487:3141487 [0] NCCL INFO Comm config graphUsageMode is set to 0 but the user is capturing graphs on the stream. Violating graphUsageMode semantics can lead to hangs!
h200-bar-196-199:3141487:3141487 [0] NCCL INFO Comm config graphUsageMode is set to 0 but the user is capturing graphs on the stream. Violating graphUsageMode semantics can lead to hangs!
h200-bar-197-045:3632256:3632256 [0] NCCL INFO Comm config graphUsageMode is set to 0 but the user is capturing graphs on the stream. Violating graphUsageMode semantics can lead to hangs!
h200-bar-197-045:3632256:3632256 [0] NCCL INFO Comm config graphUsageMode is set to 0 but the user is capturing graphs on the stream. Violating graphUsageMode semantics can lead to hangs!
h200-bar-196-199:3141505:3141505 [1] NCCL INFO Comm config graphUsageMode is set to 0 but the user is capturing graphs on the stream. Violating graphUsageMode semantics can lead to hangs!
h200-bar-196-199:3141505:3141505 [1] NCCL INFO Comm config graphUsageMode is set to 0 but the user is capturing graphs on the stream. Violating graphUsageMode semantics can lead to hangs!
h200-bar-197-045:3632205:3632205 [1] NCCL INFO Comm config graphUsageMode is set to 0 but the user is capturing graphs on the stream. Violating graphUsageMode semantics can lead to hangs!
h200-bar-197-045:3632205:3632205 [1] NCCL INFO Comm config graphUsageMode is set to 0 but the user is capturing graphs on the stream. Violating graphUsageMode semantics can lead to hangs!
h200-bar-196-199:3141531:3141531 [2] NCCL INFO Comm config graphUsageMode is set to 0 but the user is capturing graphs on the stream. Violating graphUsageMode semantics can lead to hangs!
h200-bar-196-199:3141531:3141531 [2] NCCL INFO Comm config graphUsageMode is set to 0 but the user is capturing graphs on the stream. Violating graphUsageMode semantics can lead to hangs!
h200-bar-197-045:3632258:3632258 [2] NCCL INFO Comm config graphUsageMode is set to 0 but the user is capturing graphs on the stream. Violating graphUsageMode semantics can lead to hangs!
h200-bar-197-045:3632258:3632258 [2] NCCL INFO Comm config graphUsageMode is set to 0 but the user is capturing graphs on the stream. Violating graphUsageMode semantics can lead to hangs!
h200-bar-196-199:3141502:3141502 [3] NCCL INFO Comm config graphUsageMode is set to 0 but the user is capturing graphs on the stream. Violating graphUsageMode semantics can lead to hangs!
h200-bar-197-045:3632215:3632215 [3] NCCL INFO Comm config graphUsageMode is set to 0 but the user is capturing graphs on the stream. Violating graphUsageMode semantics can lead to hangs!
h200-bar-197-045:3632257:3632257 [4] NCCL INFO Comm config graphUsageMode is set to 0 but the user is capturing graphs on the stream. Violating graphUsageMode semantics can lead to hangs!
    85.22    6.15   11.53    N/A
h200-bar-196-199:3141487:3141487 [0] NCCL INFO Comm config graphUsageMode is set to 0 but the user is capturing graphs on the stream. Violating graphUsageMode semantics can lead to hangs!
h200-bar-197-045:3632256:3632256 [0] NCCL INFO Comm config graphUsageMode is set to 0 but the user is capturing graphs on the stream. Violating graphUsageMode semantics can lead to hangs!
h200-bar-197-045:3632205:3632205 [1] NCCL INFO Comm config graphUsageMode is set to 0 but the user is capturing graphs on the stream. Violating graphUsageMode semantics can lead to hangs!
h200-bar-196-199:3141505:3141505 [1] NCCL INFO Comm config graphUsageMode is set to 0 but the user is capturing graphs on the stream. Violating graphUsageMode semantics can lead to hangs!
h200-bar-197-045:3632258:3632258 [2] NCCL INFO Comm config graphUsageMode is set to 0 but the user is capturing graphs on the stream. Violating graphUsageMode semantics can lead to hangs!
h200-bar-197-045:3632215:3632215 [3] NCCL INFO Comm config graphUsageMode is set to 0 but the user is capturing graphs on the stream. Violating graphUsageMode semantics can lead to hangs!
h200-bar-197-045:3632257:3632257 [4] NCCL INFO Comm config graphUsageMode is set to 0 but the user is capturing graphs on the stream. Violating graphUsageMode semantics can lead to hangs!
h200-bar-197-045:3632207:3632207 [5] NCCL INFO Comm config graphUsageMode is set to 0 but the user is capturing graphs on the stream. Violating graphUsageMode semantics can lead to hangs!
h200-bar-197-045:3632259:3632259 [6] NCCL INFO Comm config graphUsageMode is set to 0 but the user is capturing graphs on the stream. Violating graphUsageMode semantics can lead to hangs!
h200-bar-197-045:3632259:3632259 [6] NCCL INFO Comm config graphUsageMode is set to 0 but the user is capturing graphs on the stream. Violating graphUsageMode semantics can lead to hangs!
h200-bar-196-199:3141531:3141531 [2] NCCL INFO Comm config graphUsageMode is set to 0 but the user is capturing graphs on the stream. Violating graphUsageMode semantics can lead to hangs!
h200-bar-197-045:3632226:3632226 [7] NCCL INFO Comm config graphUsageMode is set to 0 but the user is capturing graphs on the stream. Violating graphUsageMode semantics can lead to hangs!
h200-bar-197-045:3632226:3632226 [7] NCCL INFO Comm config graphUsageMode is set to 0 but the user is capturing graphs on the stream. Violating graphUsageMode semantics can lead to hangs!
h200-bar-196-199:3141502:3141502 [3] NCCL INFO Comm config graphUsageMode is set to 0 but the user is capturing graphs on the stream. Violating graphUsageMode semantics can lead to hangs!
h200-bar-197-045:3632256:3632256 [0] NCCL INFO Comm config graphUsageMode is set to 0 but the user is capturing graphs on the stream. Violating graphUsageMode semantics can lead to hangs!
h200-bar-196-199:3141479:3141479 [4] NCCL INFO Comm config graphUsageMode is set to 0 but the user is capturing graphs on the stream. Violating graphUsageMode semantics can lead to hangs!
h200-bar-197-045:3632205:3632205 [1] NCCL INFO Comm config graphUsageMode is set to 0 but the user is capturing graphs on the stream. Violating graphUsageMode semantics can lead to hangs!
h200-bar-197-045:3632205:3632205 [1] NCCL INFO Comm config graphUsageMode is set to 0 but the user is capturing graphs on the stream. Violating graphUsageMode semantics can lead to hangs!
h200-bar-197-045:3632258:3632258 [2] NCCL INFO Comm config graphUsageMode is set to 0 but the user is capturing graphs on the stream. Violating graphUsageMode semantics can lead to hangs!
h200-bar-197-045:3632258:3632258 [2] NCCL INFO Comm config graphUsageMode is set to 0 but the user is capturing graphs on the stream. Violating graphUsageMode semantics can lead to hangs!
h200-bar-197-045:3632215:3632215 [3] NCCL INFO Comm config graphUsageMode is set to 0 but the user is capturing graphs on the stream. Violating graphUsageMode semantics can lead to hangs!
h200-bar-197-045:3632215:3632215 [3] NCCL INFO Comm config graphUsageMode is set to 0 but the user is capturing graphs on the stream. Violating graphUsageMode semantics can lead to hangs!
h200-bar-197-045:3632257:3632257 [4] NCCL INFO Comm config graphUsageMode is set to 0 but the user is capturing graphs on the stream. Violating graphUsageMode semantics can lead to hangs!
h200-bar-197-045:3632257:3632257 [4] NCCL INFO Comm config graphUsageMode is set to 0 but the user is capturing graphs on the stream. Violating graphUsageMode semantics can lead to hangs!
h200-bar-197-045:3632207:3632207 [5] NCCL INFO Comm config graphUsageMode is set to 0 but the user is capturing graphs on the stream. Violating graphUsageMode semantics can lead to hangs!
h200-bar-197-045:3632207:3632207 [5] NCCL INFO Comm config graphUsageMode is set to 0 but the user is capturing graphs on the stream. Violating graphUsageMode semantics can lead to hangs!
h200-bar-197-045:3632256:3632256 [0] NCCL INFO Comm config graphUsageMode is set to 0 but the user is capturing graphs on the stream. Violating graphUsageMode semantics can lead to hangs!
h200-bar-197-045:3632259:3632259 [6] NCCL INFO Comm config graphUsageMode is set to 0 but the user is capturing graphs on the stream. Violating graphUsageMode semantics can lead to hangs!
h200-bar-196-199:3141523:3141523 [5] NCCL INFO Comm config graphUsageMode is set to 0 but the user is capturing graphs on the stream. Violating graphUsageMode semantics can lead to hangs!
h200-bar-197-045:3632226:3632226 [7] NCCL INFO Comm config graphUsageMode is set to 0 but the user is capturing graphs on the stream. Violating graphUsageMode semantics can lead to hangs!
h200-bar-196-199:3141522:3141522 [6] NCCL INFO Comm config graphUsageMode is set to 0 but the user is capturing graphs on the stream. Violating graphUsageMode semantics can lead to hangs!
h200-bar-196-199:3141541:3141541 [7] NCCL INFO Comm config graphUsageMode is set to 0 but the user is capturing graphs on the stream. Violating graphUsageMode semantics can lead to hangs!
h200-bar-196-199:3141487:3141487 [0] NCCL INFO Comm config graphUsageMode is set to 0 but the user is capturing graphs on the stream. Violating graphUsageMode semantics can lead to hangs!
h200-bar-196-199:3141505:3141505 [1] NCCL INFO Comm config graphUsageMode is set to 0 but the user is capturing graphs on the stream. Violating graphUsageMode semantics can lead to hangs!
h200-bar-196-199:3141531:3141531 [2] NCCL INFO Comm config graphUsageMode is set to 0 but the user is capturing graphs on the stream. Violating graphUsageMode semantics can lead to hangs!
h200-bar-196-199:3141479:3141479 [4] NCCL INFO Comm config graphUsageMode is set to 0 but the user is capturing graphs on the stream. Violating graphUsageMode semantics can lead to hangs!
h200-bar-196-199:3141523:3141523 [5] NCCL INFO Comm config graphUsageMode is set to 0 but the user is capturing graphs on the stream. Violating graphUsageMode semantics can lead to hangs!
h200-bar-196-199:3141523:3141523 [5] NCCL INFO Comm config graphUsageMode is set to 0 but the user is capturing graphs on the stream. Violating graphUsageMode semantics can lead to hangs!
h200-bar-196-199:3141522:3141522 [6] NCCL INFO Comm config graphUsageMode is set to 0 but the user is capturing graphs on the stream. Violating graphUsageMode semantics can lead to hangs!
h200-bar-196-199:3141522:3141522 [6] NCCL INFO Comm config graphUsageMode is set to 0 but the user is capturing graphs on the stream. Violating graphUsageMode semantics can lead to hangs!
h200-bar-196-199:3141541:3141541 [7] NCCL INFO Comm config graphUsageMode is set to 0 but the user is capturing graphs on the stream. Violating graphUsageMode semantics can lead to hangs!
h200-bar-196-199:3141541:3141541 [7] NCCL INFO Comm config graphUsageMode is set to 0 but the user is capturing graphs on the stream. Violating graphUsageMode semantics can lead to hangs!
h200-bar-196-199:3141487:3141487 [0] NCCL INFO Comm config graphUsageMode is set to 0 but the user is capturing graphs on the stream. Violating graphUsageMode semantics can lead to hangs!
h200-bar-196-199:3141505:3141505 [1] NCCL INFO Comm config graphUsageMode is set to 0 but the user is capturing graphs on the stream. Violating graphUsageMode semantics can lead to hangs!
h200-bar-196-199:3141531:3141531 [2] NCCL INFO Comm config graphUsageMode is set to 0 but the user is capturing graphs on the stream. Violating graphUsageMode semantics can lead to hangs!
h200-bar-196-199:3141502:3141502 [3] NCCL INFO Comm config graphUsageMode is set to 0 but the user is capturing graphs on the stream. Violating graphUsageMode semantics can lead to hangs!
h200-bar-196-199:3141502:3141502 [3] NCCL INFO Comm config graphUsageMode is set to 0 but the user is capturing graphs on the stream. Violating graphUsageMode semantics can lead to hangs!
h200-bar-196-199:3141479:3141479 [4] NCCL INFO Comm config graphUsageMode is set to 0 but the user is capturing graphs on the stream. Violating graphUsageMode semantics can lead to hangs!
h200-bar-196-199:3141487:3141487 [0] NCCL INFO Comm config graphUsageMode is set to 0 but the user is capturing graphs on the stream. Violating graphUsageMode semantics can lead to hangs!
h200-bar-197-045:3632256:3632256 [0] NCCL INFO Comm config graphUsageMode is set to 0 but the user is capturing graphs on the stream. Violating graphUsageMode semantics can lead to hangs!
h200-bar-197-045:3632205:3632205 [1] NCCL INFO Comm config graphUsageMode is set to 0 but the user is capturing graphs on the stream. Violating graphUsageMode semantics can lead to hangs!
h200-bar-197-045:3632258:3632258 [2] NCCL INFO Comm config graphUsageMode is set to 0 but the user is capturing graphs on the stream. Violating graphUsageMode semantics can lead to hangs!
h200-bar-197-045:3632215:3632215 [3] NCCL INFO Comm config graphUsageMode is set to 0 but the user is capturing graphs on the stream. Violating graphUsageMode semantics can lead to hangs!
h200-bar-197-045:3632257:3632257 [4] NCCL INFO Comm config graphUsageMode is set to 0 but the user is capturing graphs on the stream. Violating graphUsageMode semantics can lead to hangs!
h200-bar-197-045:3632257:3632257 [4] NCCL INFO Comm config graphUsageMode is set to 0 but the user is capturing graphs on the stream. Violating graphUsageMode semantics can lead to hangs!
h200-bar-197-045:3632207:3632207 [5] NCCL INFO Comm config graphUsageMode is set to 0 but the user is capturing graphs on the stream. Violating graphUsageMode semantics can lead to hangs!
h200-bar-197-045:3632207:3632207 [5] NCCL INFO Comm config graphUsageMode is set to 0 but the user is capturing graphs on the stream. Violating graphUsageMode semantics can lead to hangs!
h200-bar-197-045:3632259:3632259 [6] NCCL INFO Comm config graphUsageMode is set to 0 but the user is capturing graphs on the stream. Violating graphUsageMode semantics can lead to hangs!
h200-bar-197-045:3632259:3632259 [6] NCCL INFO Comm config graphUsageMode is set to 0 but the user is capturing graphs on the stream. Violating graphUsageMode semantics can lead to hangs!
h200-bar-197-045:3632226:3632226 [7] NCCL INFO Comm config graphUsageMode is set to 0 but the user is capturing graphs on the stream. Violating graphUsageMode semantics can lead to hangs!
h200-bar-197-045:3632226:3632226 [7] NCCL INFO Comm config graphUsageMode is set to 0 but the user is capturing graphs on the stream. Violating graphUsageMode semantics can lead to hangs!
h200-bar-197-045:3632226:3632226 [7] NCCL INFO Comm config graphUsageMode is set to 0 but the user is capturing graphs on the stream. Violating graphUsageMode semantics can lead to hangs!
h200-bar-197-045:3632256:3632256 [0] NCCL INFO Comm config graphUsageMode is set to 0 but the user is capturing graphs on the stream. Violating graphUsageMode semantics can lead to hangs!
h200-bar-197-045:3632256:3632256 [0] NCCL INFO Comm config graphUsageMode is set to 0 but the user is capturing graphs on the stream. Violating graphUsageMode semantics can lead to hangs!
h200-bar-197-045:3632205:3632205 [1] NCCL INFO Comm config graphUsageMode is set to 0 but the user is capturing graphs on the stream. Violating graphUsageMode semantics can lead to hangs!
h200-bar-197-045:3632205:3632205 [1] NCCL INFO Comm config graphUsageMode is set to 0 but the user is capturing graphs on the stream. Violating graphUsageMode semantics can lead to hangs!
h200-bar-197-045:3632258:3632258 [2] NCCL INFO Comm config graphUsageMode is set to 0 but the user is capturing graphs on the stream. Violating graphUsageMode semantics can lead to hangs!
h200-bar-197-045:3632258:3632258 [2] NCCL INFO Comm config graphUsageMode is set to 0 but the user is capturing graphs on the stream. Violating graphUsageMode semantics can lead to hangs!
h200-bar-196-199:3141505:3141505 [1] NCCL INFO Comm config graphUsageMode is set to 0 but the user is capturing graphs on the stream. Violating graphUsageMode semantics can lead to hangs!
h200-bar-197-045:3632215:3632215 [3] NCCL INFO Comm config graphUsageMode is set to 0 but the user is capturing graphs on the stream. Violating graphUsageMode semantics can lead to hangs!
h200-bar-197-045:3632215:3632215 [3] NCCL INFO Comm config graphUsageMode is set to 0 but the user is capturing graphs on the stream. Violating graphUsageMode semantics can lead to hangs!
h200-bar-196-199:3141531:3141531 [2] NCCL INFO Comm config graphUsageMode is set to 0 but the user is capturing graphs on the stream. Violating graphUsageMode semantics can lead to hangs!
h200-bar-197-045:3632257:3632257 [4] NCCL INFO Comm config graphUsageMode is set to 0 but the user is capturing graphs on the stream. Violating graphUsageMode semantics can lead to hangs!
h200-bar-196-199:3141502:3141502 [3] NCCL INFO Comm config graphUsageMode is set to 0 but the user is capturing graphs on the stream. Violating graphUsageMode semantics can lead to hangs!
h200-bar-196-199:3141502:3141502 [3] NCCL INFO Comm config graphUsageMode is set to 0 but the user is capturing graphs on the stream. Violating graphUsageMode semantics can lead to hangs!
h200-bar-197-045:3632207:3632207 [5] NCCL INFO Comm config graphUsageMode is set to 0 but the user is capturing graphs on the stream. Violating graphUsageMode semantics can lead to hangs!
h200-bar-196-199:3141479:3141479 [4] NCCL INFO Comm config graphUsageMode is set to 0 but the user is capturing graphs on the stream. Violating graphUsageMode semantics can lead to hangs!
h200-bar-196-199:3141479:3141479 [4] NCCL INFO Comm config graphUsageMode is set to 0 but the user is capturing graphs on the stream. Violating graphUsageMode semantics can lead to hangs!
h200-bar-197-045:3632259:3632259 [6] NCCL INFO Comm config graphUsageMode is set to 0 but the user is capturing graphs on the stream. Violating graphUsageMode semantics can lead to hangs!
h200-bar-196-199:3141523:3141523 [5] NCCL INFO Comm config graphUsageMode is set to 0 but the user is capturing graphs on the stream. Violating graphUsageMode semantics can lead to hangs!
h200-bar-196-199:3141523:3141523 [5] NCCL INFO Comm config graphUsageMode is set to 0 but the user is capturing graphs on the stream. Violating graphUsageMode semantics can lead to hangs!
h200-bar-196-199:3141522:3141522 [6] NCCL INFO Comm config graphUsageMode is set to 0 but the user is capturing graphs on the stream. Violating graphUsageMode semantics can lead to hangs!
h200-bar-196-199:3141522:3141522 [6] NCCL INFO Comm config graphUsageMode is set to 0 but the user is capturing graphs on the stream. Violating graphUsageMode semantics can lead to hangs!
h200-bar-196-199:3141522:3141522 [6] NCCL INFO Comm config graphUsageMode is set to 0 but the user is capturing graphs on the stream. Violating graphUsageMode semantics can lead to hangs!
h200-bar-196-199:3141541:3141541 [7] NCCL INFO Comm config graphUsageMode is set to 0 but the user is capturing graphs on the stream. Violating graphUsageMode semantics can lead to hangs!
h200-bar-196-199:3141541:3141541 [7] NCCL INFO Comm config graphUsageMode is set to 0 but the user is capturing graphs on the stream. Violating graphUsageMode semantics can lead to hangs!
h200-bar-196-199:3141541:3141541 [7] NCCL INFO Comm config graphUsageMode is set to 0 but the user is capturing graphs on the stream. Violating graphUsageMode semantics can lead to hangs!
h200-bar-196-199:3141487:3141487 [0] NCCL INFO Comm config graphUsageMode is set to 0 but the user is capturing graphs on the stream. Violating graphUsageMode semantics can lead to hangs!
h200-bar-196-199:3141487:3141487 [0] NCCL INFO Comm config graphUsageMode is set to 0 but the user is capturing graphs on the stream. Violating graphUsageMode semantics can lead to hangs!
h200-bar-196-199:3141505:3141505 [1] NCCL INFO Comm config graphUsageMode is set to 0 but the user is capturing graphs on the stream. Violating graphUsageMode semantics can lead to hangs!
h200-bar-196-199:3141505:3141505 [1] NCCL INFO Comm config graphUsageMode is set to 0 but the user is capturing graphs on the stream. Violating graphUsageMode semantics can lead to hangs!
h200-bar-196-199:3141531:3141531 [2] NCCL INFO Comm config graphUsageMode is set to 0 but the user is capturing graphs on the stream. Violating graphUsageMode semantics can lead to hangs!
h200-bar-196-199:3141531:3141531 [2] NCCL INFO Comm config graphUsageMode is set to 0 but the user is capturing graphs on the stream. Violating graphUsageMode semantics can lead to hangs!
h200-bar-196-199:3141502:3141502 [3] NCCL INFO Comm config graphUsageMode is set to 0 but the user is capturing graphs on the stream. Violating graphUsageMode semantics can lead to hangs!
h200-bar-196-199:3141479:3141479 [4] NCCL INFO Comm config graphUsageMode is set to 0 but the user is capturing graphs on the stream. Violating graphUsageMode semantics can lead to hangs!
h200-bar-196-199:3141523:3141523 [5] NCCL INFO Comm config graphUsageMode is set to 0 but the user is capturing graphs on the stream. Violating graphUsageMode semantics can lead to hangs!
   104.00   20.16   37.81    N/A
h200-bar-196-199:3141487:3141487 [0] NCCL INFO Comm config graphUsageMode is set to 0 but the user is capturing graphs on the stream. Violating graphUsageMode semantics can lead to hangs!
h200-bar-197-045:3632256:3632256 [0] NCCL INFO Comm config graphUsageMode is set to 0 but the user is capturing graphs on the stream. Violating graphUsageMode semantics can lead to hangs!
h200-bar-196-199:3141505:3141505 [1] NCCL INFO Comm config graphUsageMode is set to 0 but the user is capturing graphs on the stream. Violating graphUsageMode semantics can lead to hangs!
h200-bar-197-045:3632205:3632205 [1] NCCL INFO Comm config graphUsageMode is set to 0 but the user is capturing graphs on the stream. Violating graphUsageMode semantics can lead to hangs!
h200-bar-196-199:3141531:3141531 [2] NCCL INFO Comm config graphUsageMode is set to 0 but the user is capturing graphs on the stream. Violating graphUsageMode semantics can lead to hangs!
h200-bar-197-045:3632258:3632258 [2] NCCL INFO Comm config graphUsageMode is set to 0 but the user is capturing graphs on the stream. Violating graphUsageMode semantics can lead to hangs!
h200-bar-196-199:3141502:3141502 [3] NCCL INFO Comm config graphUsageMode is set to 0 but the user is capturing graphs on the stream. Violating graphUsageMode semantics can lead to hangs!
h200-bar-197-045:3632215:3632215 [3] NCCL INFO Comm config graphUsageMode is set to 0 but the user is capturing graphs on the stream. Violating graphUsageMode semantics can lead to hangs!
h200-bar-197-045:3632215:3632215 [3] NCCL INFO Comm config graphUsageMode is set to 0 but the user is capturing graphs on the stream. Violating graphUsageMode semantics can lead to hangs!
h200-bar-196-199:3141479:3141479 [4] NCCL INFO Comm config graphUsageMode is set to 0 but the user is capturing graphs on the stream. Violating graphUsageMode semantics can lead to hangs!
h200-bar-196-199:3141479:3141479 [4] NCCL INFO Comm config graphUsageMode is set to 0 but the user is capturing graphs on the stream. Violating graphUsageMode semantics can lead to hangs!
h200-bar-197-045:3632257:3632257 [4] NCCL INFO Comm config graphUsageMode is set to 0 but the user is capturing graphs on the stream. Violating graphUsageMode semantics can lead to hangs!
h200-bar-197-045:3632257:3632257 [4] NCCL INFO Comm config graphUsageMode is set to 0 but the user is capturing graphs on the stream. Violating graphUsageMode semantics can lead to hangs!
h200-bar-196-199:3141523:3141523 [5] NCCL INFO Comm config graphUsageMode is set to 0 but the user is capturing graphs on the stream. Violating graphUsageMode semantics can lead to hangs!
h200-bar-196-199:3141523:3141523 [5] NCCL INFO Comm config graphUsageMode is set to 0 but the user is capturing graphs on the stream. Violating graphUsageMode semantics can lead to hangs!
h200-bar-197-045:3632207:3632207 [5] NCCL INFO Comm config graphUsageMode is set to 0 but the user is capturing graphs on the stream. Violating graphUsageMode semantics can lead to hangs!
h200-bar-197-045:3632207:3632207 [5] NCCL INFO Comm config graphUsageMode is set to 0 but the user is capturing graphs on the stream. Violating graphUsageMode semantics can lead to hangs!
h200-bar-196-199:3141522:3141522 [6] NCCL INFO Comm config graphUsageMode is set to 0 but the user is capturing graphs on the stream. Violating graphUsageMode semantics can lead to hangs!
h200-bar-196-199:3141522:3141522 [6] NCCL INFO Comm config graphUsageMode is set to 0 but the user is capturing graphs on the stream. Violating graphUsageMode semantics can lead to hangs!
h200-bar-197-045:3632259:3632259 [6] NCCL INFO Comm config graphUsageMode is set to 0 but the user is capturing graphs on the stream. Violating graphUsageMode semantics can lead to hangs!
h200-bar-197-045:3632259:3632259 [6] NCCL INFO Comm config graphUsageMode is set to 0 but the user is capturing graphs on the stream. Violating graphUsageMode semantics can lead to hangs!
h200-bar-196-199:3141541:3141541 [7] NCCL INFO Comm config graphUsageMode is set to 0 but the user is capturing graphs on the stream. Violating graphUsageMode semantics can lead to hangs!
h200-bar-196-199:3141541:3141541 [7] NCCL INFO Comm config graphUsageMode is set to 0 but the user is capturing graphs on the stream. Violating graphUsageMode semantics can lead to hangs!
h200-bar-197-045:3632259:3632259 [6] NCCL INFO Comm config graphUsageMode is set to 0 but the user is capturing graphs on the stream. Violating graphUsageMode semantics can lead to hangs!
h200-bar-196-199:3141541:3141541 [7] NCCL INFO Comm config graphUsageMode is set to 0 but the user is capturing graphs on the stream. Violating graphUsageMode semantics can lead to hangs!
h200-bar-197-045:3632226:3632226 [7] NCCL INFO Comm config graphUsageMode is set to 0 but the user is capturing graphs on the stream. Violating graphUsageMode semantics can lead to hangs!
h200-bar-197-045:3632226:3632226 [7] NCCL INFO Comm config graphUsageMode is set to 0 but the user is capturing graphs on the stream. Violating graphUsageMode semantics can lead to hangs!
h200-bar-196-199:3141487:3141487 [0] NCCL INFO Comm config graphUsageMode is set to 0 but the user is capturing graphs on the stream. Violating graphUsageMode semantics can lead to hangs!
h200-bar-196-199:3141487:3141487 [0] NCCL INFO Comm config graphUsageMode is set to 0 but the user is capturing graphs on the stream. Violating graphUsageMode semantics can lead to hangs!
h200-bar-197-045:3632226:3632226 [7] NCCL INFO Comm config graphUsageMode is set to 0 but the user is capturing graphs on the stream. Violating graphUsageMode semantics can lead to hangs!
h200-bar-196-199:3141505:3141505 [1] NCCL INFO Comm config graphUsageMode is set to 0 but the user is capturing graphs on the stream. Violating graphUsageMode semantics can lead to hangs!
h200-bar-196-199:3141505:3141505 [1] NCCL INFO Comm config graphUsageMode is set to 0 but the user is capturing graphs on the stream. Violating graphUsageMode semantics can lead to hangs!
h200-bar-197-045:3632256:3632256 [0] NCCL INFO Comm config graphUsageMode is set to 0 but the user is capturing graphs on the stream. Violating graphUsageMode semantics can lead to hangs!
h200-bar-197-045:3632256:3632256 [0] NCCL INFO Comm config graphUsageMode is set to 0 but the user is capturing graphs on the stream. Violating graphUsageMode semantics can lead to hangs!
h200-bar-196-199:3141531:3141531 [2] NCCL INFO Comm config graphUsageMode is set to 0 but the user is capturing graphs on the stream. Violating graphUsageMode semantics can lead to hangs!
h200-bar-196-199:3141531:3141531 [2] NCCL INFO Comm config graphUsageMode is set to 0 but the user is capturing graphs on the stream. Violating graphUsageMode semantics can lead to hangs!
h200-bar-197-045:3632205:3632205 [1] NCCL INFO Comm config graphUsageMode is set to 0 but the user is capturing graphs on the stream. Violating graphUsageMode semantics can lead to hangs!
h200-bar-197-045:3632205:3632205 [1] NCCL INFO Comm config graphUsageMode is set to 0 but the user is capturing graphs on the stream. Violating graphUsageMode semantics can lead to hangs!
h200-bar-196-199:3141502:3141502 [3] NCCL INFO Comm config graphUsageMode is set to 0 but the user is capturing graphs on the stream. Violating graphUsageMode semantics can lead to hangs!
h200-bar-196-199:3141502:3141502 [3] NCCL INFO Comm config graphUsageMode is set to 0 but the user is capturing graphs on the stream. Violating graphUsageMode semantics can lead to hangs!
h200-bar-197-045:3632258:3632258 [2] NCCL INFO Comm config graphUsageMode is set to 0 but the user is capturing graphs on the stream. Violating graphUsageMode semantics can lead to hangs!
h200-bar-197-045:3632258:3632258 [2] NCCL INFO Comm config graphUsageMode is set to 0 but the user is capturing graphs on the stream. Violating graphUsageMode semantics can lead to hangs!
h200-bar-196-199:3141479:3141479 [4] NCCL INFO Comm config graphUsageMode is set to 0 but the user is capturing graphs on the stream. Violating graphUsageMode semantics can lead to hangs!
h200-bar-197-045:3632215:3632215 [3] NCCL INFO Comm config graphUsageMode is set to 0 but the user is capturing graphs on the stream. Violating graphUsageMode semantics can lead to hangs!
h200-bar-196-199:3141523:3141523 [5] NCCL INFO Comm config graphUsageMode is set to 0 but the user is capturing graphs on the stream. Violating graphUsageMode semantics can lead to hangs!
h200-bar-197-045:3632257:3632257 [4] NCCL INFO Comm config graphUsageMode is set to 0 but the user is capturing graphs on the stream. Violating graphUsageMode semantics can lead to hangs!
h200-bar-196-199:3141522:3141522 [6] NCCL INFO Comm config graphUsageMode is set to 0 but the user is capturing graphs on the stream. Violating graphUsageMode semantics can lead to hangs!
h200-bar-197-045:3632207:3632207 [5] NCCL INFO Comm config graphUsageMode is set to 0 but the user is capturing graphs on the stream. Violating graphUsageMode semantics can lead to hangs!
h200-bar-197-045:3632256:3632256 [0] NCCL INFO Comm config graphUsageMode is set to 0 but the user is capturing graphs on the stream. Violating graphUsageMode semantics can lead to hangs!
h200-bar-196-199:3141487:3141487 [0] NCCL INFO Comm config graphUsageMode is set to 0 but the user is capturing graphs on the stream. Violating graphUsageMode semantics can lead to hangs!
h200-bar-197-045:3632205:3632205 [1] NCCL INFO Comm config graphUsageMode is set to 0 but the user is capturing graphs on the stream. Violating graphUsageMode semantics can lead to hangs!
h200-bar-197-045:3632258:3632258 [2] NCCL INFO Comm config graphUsageMode is set to 0 but the user is capturing graphs on the stream. Violating graphUsageMode semantics can lead to hangs!
h200-bar-196-199:3141505:3141505 [1] NCCL INFO Comm config graphUsageMode is set to 0 but the user is capturing graphs on the stream. Violating graphUsageMode semantics can lead to hangs!
h200-bar-197-045:3632215:3632215 [3] NCCL INFO Comm config graphUsageMode is set to 0 but the user is capturing graphs on the stream. Violating graphUsageMode semantics can lead to hangs!
h200-bar-197-045:3632215:3632215 [3] NCCL INFO Comm config graphUsageMode is set to 0 but the user is capturing graphs on the stream. Violating graphUsageMode semantics can lead to hangs!
h200-bar-196-199:3141531:3141531 [2] NCCL INFO Comm config graphUsageMode is set to 0 but the user is capturing graphs on the stream. Violating graphUsageMode semantics can lead to hangs!
h200-bar-197-045:3632257:3632257 [4] NCCL INFO Comm config graphUsageMode is set to 0 but the user is capturing graphs on the stream. Violating graphUsageMode semantics can lead to hangs!
h200-bar-197-045:3632257:3632257 [4] NCCL INFO Comm config graphUsageMode is set to 0 but the user is capturing graphs on the stream. Violating graphUsageMode semantics can lead to hangs!
h200-bar-196-199:3141502:3141502 [3] NCCL INFO Comm config graphUsageMode is set to 0 but the user is capturing graphs on the stream. Violating graphUsageMode semantics can lead to hangs!
h200-bar-197-045:3632207:3632207 [5] NCCL INFO Comm config graphUsageMode is set to 0 but the user is capturing graphs on the stream. Violating graphUsageMode semantics can lead to hangs!
h200-bar-197-045:3632207:3632207 [5] NCCL INFO Comm config graphUsageMode is set to 0 but the user is capturing graphs on the stream. Violating graphUsageMode semantics can lead to hangs!
h200-bar-196-199:3141479:3141479 [4] NCCL INFO Comm config graphUsageMode is set to 0 but the user is capturing graphs on the stream. Violating graphUsageMode semantics can lead to hangs!
h200-bar-196-199:3141479:3141479 [4] NCCL INFO Comm config graphUsageMode is set to 0 but the user is capturing graphs on the stream. Violating graphUsageMode semantics can lead to hangs!
h200-bar-197-045:3632259:3632259 [6] NCCL INFO Comm config graphUsageMode is set to 0 but the user is capturing graphs on the stream. Violating graphUsageMode semantics can lead to hangs!
h200-bar-197-045:3632259:3632259 [6] NCCL INFO Comm config graphUsageMode is set to 0 but the user is capturing graphs on the stream. Violating graphUsageMode semantics can lead to hangs!
h200-bar-196-199:3141523:3141523 [5] NCCL INFO Comm config graphUsageMode is set to 0 but the user is capturing graphs on the stream. Violating graphUsageMode semantics can lead to hangs!
h200-bar-196-199:3141523:3141523 [5] NCCL INFO Comm config graphUsageMode is set to 0 but the user is capturing graphs on the stream. Violating graphUsageMode semantics can lead to hangs!
h200-bar-197-045:3632259:3632259 [6] NCCL INFO Comm config graphUsageMode is set to 0 but the user is capturing graphs on the stream. Violating graphUsageMode semantics can lead to hangs!
h200-bar-196-199:3141522:3141522 [6] NCCL INFO Comm config graphUsageMode is set to 0 but the user is capturing graphs on the stream. Violating graphUsageMode semantics can lead to hangs!
h200-bar-196-199:3141522:3141522 [6] NCCL INFO Comm config graphUsageMode is set to 0 but the user is capturing graphs on the stream. Violating graphUsageMode semantics can lead to hangs!
h200-bar-197-045:3632226:3632226 [7] NCCL INFO Comm config graphUsageMode is set to 0 but the user is capturing graphs on the stream. Violating graphUsageMode semantics can lead to hangs!
h200-bar-197-045:3632226:3632226 [7] NCCL INFO Comm config graphUsageMode is set to 0 but the user is capturing graphs on the stream. Violating graphUsageMode semantics can lead to hangs!
h200-bar-196-199:3141541:3141541 [7] NCCL INFO Comm config graphUsageMode is set to 0 but the user is capturing graphs on the stream. Violating graphUsageMode semantics can lead to hangs!
h200-bar-196-199:3141541:3141541 [7] NCCL INFO Comm config graphUsageMode is set to 0 but the user is capturing graphs on the stream. Violating graphUsageMode semantics can lead to hangs!
h200-bar-197-045:3632226:3632226 [7] NCCL INFO Comm config graphUsageMode is set to 0 but the user is capturing graphs on the stream. Violating graphUsageMode semantics can lead to hangs!
h200-bar-196-199:3141487:3141487 [0] NCCL INFO Comm config graphUsageMode is set to 0 but the user is capturing graphs on the stream. Violating graphUsageMode semantics can lead to hangs!
h200-bar-196-199:3141487:3141487 [0] NCCL INFO Comm config graphUsageMode is set to 0 but the user is capturing graphs on the stream. Violating graphUsageMode semantics can lead to hangs!
h200-bar-197-045:3632256:3632256 [0] NCCL INFO Comm config graphUsageMode is set to 0 but the user is capturing graphs on the stream. Violating graphUsageMode semantics can lead to hangs!
h200-bar-197-045:3632256:3632256 [0] NCCL INFO Comm config graphUsageMode is set to 0 but the user is capturing graphs on the stream. Violating graphUsageMode semantics can lead to hangs!
h200-bar-196-199:3141505:3141505 [1] NCCL INFO Comm config graphUsageMode is set to 0 but the user is capturing graphs on the stream. Violating graphUsageMode semantics can lead to hangs!
h200-bar-196-199:3141505:3141505 [1] NCCL INFO Comm config graphUsageMode is set to 0 but the user is capturing graphs on the stream. Violating graphUsageMode semantics can lead to hangs!
h200-bar-197-045:3632205:3632205 [1] NCCL INFO Comm config graphUsageMode is set to 0 but the user is capturing graphs on the stream. Violating graphUsageMode semantics can lead to hangs!
h200-bar-197-045:3632205:3632205 [1] NCCL INFO Comm config graphUsageMode is set to 0 but the user is capturing graphs on the stream. Violating graphUsageMode semantics can lead to hangs!
h200-bar-196-199:3141531:3141531 [2] NCCL INFO Comm config graphUsageMode is set to 0 but the user is capturing graphs on the stream. Violating graphUsageMode semantics can lead to hangs!
h200-bar-196-199:3141531:3141531 [2] NCCL INFO Comm config graphUsageMode is set to 0 but the user is capturing graphs on the stream. Violating graphUsageMode semantics can lead to hangs!
h200-bar-197-045:3632258:3632258 [2] NCCL INFO Comm config graphUsageMode is set to 0 but the user is capturing graphs on the stream. Violating graphUsageMode semantics can lead to hangs!
h200-bar-197-045:3632258:3632258 [2] NCCL INFO Comm config graphUsageMode is set to 0 but the user is capturing graphs on the stream. Violating graphUsageMode semantics can lead to hangs!
h200-bar-196-199:3141502:3141502 [3] NCCL INFO Comm config graphUsageMode is set to 0 but the user is capturing graphs on the stream. Violating graphUsageMode semantics can lead to hangs!
h200-bar-196-199:3141502:3141502 [3] NCCL INFO Comm config graphUsageMode is set to 0 but the user is capturing graphs on the stream. Violating graphUsageMode semantics can lead to hangs!
h200-bar-197-045:3632215:3632215 [3] NCCL INFO Comm config graphUsageMode is set to 0 but the user is capturing graphs on the stream. Violating graphUsageMode semantics can lead to hangs!
h200-bar-196-199:3141479:3141479 [4] NCCL INFO Comm config graphUsageMode is set to 0 but the user is capturing graphs on the stream. Violating graphUsageMode semantics can lead to hangs!
h200-bar-197-045:3632257:3632257 [4] NCCL INFO Comm config graphUsageMode is set to 0 but the user is capturing graphs on the stream. Violating graphUsageMode semantics can lead to hangs!
h200-bar-196-199:3141523:3141523 [5] NCCL INFO Comm config graphUsageMode is set to 0 but the user is capturing graphs on the stream. Violating graphUsageMode semantics can lead to hangs!
h200-bar-197-045:3632207:3632207 [5] NCCL INFO Comm config graphUsageMode is set to 0 but the user is capturing graphs on the stream. Violating graphUsageMode semantics can lead to hangs!
h200-bar-196-199:3141522:3141522 [6] NCCL INFO Comm config graphUsageMode is set to 0 but the user is capturing graphs on the stream. Violating graphUsageMode semantics can lead to hangs!
h200-bar-196-199:3141541:3141541 [7] NCCL INFO Comm config graphUsageMode is set to 0 but the user is capturing graphs on the stream. Violating graphUsageMode semantics can lead to hangs!
   128.68   65.19  122.23    N/A
h200-bar-197-045:3632256:3632256 [0] NCCL INFO Comm config graphUsageMode is set to 0 but the user is capturing graphs on the stream. Violating graphUsageMode semantics can lead to hangs!
h200-bar-196-199:3141487:3141487 [0] NCCL INFO Comm config graphUsageMode is set to 0 but the user is capturing graphs on the stream. Violating graphUsageMode semantics can lead to hangs!
h200-bar-197-045:3632205:3632205 [1] NCCL INFO Comm config graphUsageMode is set to 0 but the user is capturing graphs on the stream. Violating graphUsageMode semantics can lead to hangs!
h200-bar-196-199:3141505:3141505 [1] NCCL INFO Comm config graphUsageMode is set to 0 but the user is capturing graphs on the stream. Violating graphUsageMode semantics can lead to hangs!
h200-bar-197-045:3632258:3632258 [2] NCCL INFO Comm config graphUsageMode is set to 0 but the user is capturing graphs on the stream. Violating graphUsageMode semantics can lead to hangs!
h200-bar-197-045:3632258:3632258 [2] NCCL INFO Comm config graphUsageMode is set to 0 but the user is capturing graphs on the stream. Violating graphUsageMode semantics can lead to hangs!
h200-bar-196-199:3141531:3141531 [2] NCCL INFO Comm config graphUsageMode is set to 0 but the user is capturing graphs on the stream. Violating graphUsageMode semantics can lead to hangs!
h200-bar-197-045:3632215:3632215 [3] NCCL INFO Comm config graphUsageMode is set to 0 but the user is capturing graphs on the stream. Violating graphUsageMode semantics can lead to hangs!
h200-bar-197-045:3632215:3632215 [3] NCCL INFO Comm config graphUsageMode is set to 0 but the user is capturing graphs on the stream. Violating graphUsageMode semantics can lead to hangs!
h200-bar-196-199:3141502:3141502 [3] NCCL INFO Comm config graphUsageMode is set to 0 but the user is capturing graphs on the stream. Violating graphUsageMode semantics can lead to hangs!
h200-bar-197-045:3632257:3632257 [4] NCCL INFO Comm config graphUsageMode is set to 0 but the user is capturing graphs on the stream. Violating graphUsageMode semantics can lead to hangs!
h200-bar-197-045:3632257:3632257 [4] NCCL INFO Comm config graphUsageMode is set to 0 but the user is capturing graphs on the stream. Violating graphUsageMode semantics can lead to hangs!
h200-bar-196-199:3141479:3141479 [4] NCCL INFO Comm config graphUsageMode is set to 0 but the user is capturing graphs on the stream. Violating graphUsageMode semantics can lead to hangs!
h200-bar-196-199:3141479:3141479 [4] NCCL INFO Comm config graphUsageMode is set to 0 but the user is capturing graphs on the stream. Violating graphUsageMode semantics can lead to hangs!
h200-bar-197-045:3632207:3632207 [5] NCCL INFO Comm config graphUsageMode is set to 0 but the user is capturing graphs on the stream. Violating graphUsageMode semantics can lead to hangs!
h200-bar-197-045:3632207:3632207 [5] NCCL INFO Comm config graphUsageMode is set to 0 but the user is capturing graphs on the stream. Violating graphUsageMode semantics can lead to hangs!
h200-bar-196-199:3141523:3141523 [5] NCCL INFO Comm config graphUsageMode is set to 0 but the user is capturing graphs on the stream. Violating graphUsageMode semantics can lead to hangs!
h200-bar-196-199:3141523:3141523 [5] NCCL INFO Comm config graphUsageMode is set to 0 but the user is capturing graphs on the stream. Violating graphUsageMode semantics can lead to hangs!
h200-bar-197-045:3632259:3632259 [6] NCCL INFO Comm config graphUsageMode is set to 0 but the user is capturing graphs on the stream. Violating graphUsageMode semantics can lead to hangs!
h200-bar-197-045:3632259:3632259 [6] NCCL INFO Comm config graphUsageMode is set to 0 but the user is capturing graphs on the stream. Violating graphUsageMode semantics can lead to hangs!
h200-bar-196-199:3141522:3141522 [6] NCCL INFO Comm config graphUsageMode is set to 0 but the user is capturing graphs on the stream. Violating graphUsageMode semantics can lead to hangs!
h200-bar-196-199:3141522:3141522 [6] NCCL INFO Comm config graphUsageMode is set to 0 but the user is capturing graphs on the stream. Violating graphUsageMode semantics can lead to hangs!
h200-bar-197-045:3632226:3632226 [7] NCCL INFO Comm config graphUsageMode is set to 0 but the user is capturing graphs on the stream. Violating graphUsageMode semantics can lead to hangs!
h200-bar-197-045:3632226:3632226 [7] NCCL INFO Comm config graphUsageMode is set to 0 but the user is capturing graphs on the stream. Violating graphUsageMode semantics can lead to hangs!
h200-bar-196-199:3141541:3141541 [7] NCCL INFO Comm config graphUsageMode is set to 0 but the user is capturing graphs on the stream. Violating graphUsageMode semantics can lead to hangs!
h200-bar-196-199:3141541:3141541 [7] NCCL INFO Comm config graphUsageMode is set to 0 but the user is capturing graphs on the stream. Violating graphUsageMode semantics can lead to hangs!
h200-bar-197-045:3632226:3632226 [7] NCCL INFO Comm config graphUsageMode is set to 0 but the user is capturing graphs on the stream. Violating graphUsageMode semantics can lead to hangs!
h200-bar-196-199:3141487:3141487 [0] NCCL INFO Comm config graphUsageMode is set to 0 but the user is capturing graphs on the stream. Violating graphUsageMode semantics can lead to hangs!
h200-bar-196-199:3141487:3141487 [0] NCCL INFO Comm config graphUsageMode is set to 0 but the user is capturing graphs on the stream. Violating graphUsageMode semantics can lead to hangs!
h200-bar-197-045:3632256:3632256 [0] NCCL INFO Comm config graphUsageMode is set to 0 but the user is capturing graphs on the stream. Violating graphUsageMode semantics can lead to hangs!
h200-bar-197-045:3632256:3632256 [0] NCCL INFO Comm config graphUsageMode is set to 0 but the user is capturing graphs on the stream. Violating graphUsageMode semantics can lead to hangs!
h200-bar-196-199:3141505:3141505 [1] NCCL INFO Comm config graphUsageMode is set to 0 but the user is capturing graphs on the stream. Violating graphUsageMode semantics can lead to hangs!
h200-bar-196-199:3141505:3141505 [1] NCCL INFO Comm config graphUsageMode is set to 0 but the user is capturing graphs on the stream. Violating graphUsageMode semantics can lead to hangs!
h200-bar-197-045:3632205:3632205 [1] NCCL INFO Comm config graphUsageMode is set to 0 but the user is capturing graphs on the stream. Violating graphUsageMode semantics can lead to hangs!
h200-bar-197-045:3632205:3632205 [1] NCCL INFO Comm config graphUsageMode is set to 0 but the user is capturing graphs on the stream. Violating graphUsageMode semantics can lead to hangs!
h200-bar-196-199:3141531:3141531 [2] NCCL INFO Comm config graphUsageMode is set to 0 but the user is capturing graphs on the stream. Violating graphUsageMode semantics can lead to hangs!
h200-bar-196-199:3141531:3141531 [2] NCCL INFO Comm config graphUsageMode is set to 0 but the user is capturing graphs on the stream. Violating graphUsageMode semantics can lead to hangs!
h200-bar-197-045:3632258:3632258 [2] NCCL INFO Comm config graphUsageMode is set to 0 but the user is capturing graphs on the stream. Violating graphUsageMode semantics can lead to hangs!
h200-bar-196-199:3141502:3141502 [3] NCCL INFO Comm config graphUsageMode is set to 0 but the user is capturing graphs on the stream. Violating graphUsageMode semantics can lead to hangs!
h200-bar-196-199:3141502:3141502 [3] NCCL INFO Comm config graphUsageMode is set to 0 but the user is capturing graphs on the stream. Violating graphUsageMode semantics can lead to hangs!
h200-bar-197-045:3632215:3632215 [3] NCCL INFO Comm config graphUsageMode is set to 0 but the user is capturing graphs on the stream. Violating graphUsageMode semantics can lead to hangs!
h200-bar-196-199:3141479:3141479 [4] NCCL INFO Comm config graphUsageMode is set to 0 but the user is capturing graphs on the stream. Violating graphUsageMode semantics can lead to hangs!
h200-bar-197-045:3632257:3632257 [4] NCCL INFO Comm config graphUsageMode is set to 0 but the user is capturing graphs on the stream. Violating graphUsageMode semantics can lead to hangs!
h200-bar-196-199:3141523:3141523 [5] NCCL INFO Comm config graphUsageMode is set to 0 but the user is capturing graphs on the stream. Violating graphUsageMode semantics can lead to hangs!
h200-bar-197-045:3632207:3632207 [5] NCCL INFO Comm config graphUsageMode is set to 0 but the user is capturing graphs on the stream. Violating graphUsageMode semantics can lead to hangs!
h200-bar-196-199:3141522:3141522 [6] NCCL INFO Comm config graphUsageMode is set to 0 but the user is capturing graphs on the stream. Violating graphUsageMode semantics can lead to hangs!
h200-bar-197-045:3632259:3632259 [6] NCCL INFO Comm config graphUsageMode is set to 0 but the user is capturing graphs on the stream. Violating graphUsageMode semantics can lead to hangs!
h200-bar-196-199:3141541:3141541 [7] NCCL INFO Comm config graphUsageMode is set to 0 but the user is capturing graphs on the stream. Violating graphUsageMode semantics can lead to hangs!
h200-bar-197-045:3632256:3632256 [0] NCCL INFO Comm config graphUsageMode is set to 0 but the user is capturing graphs on the stream. Violating graphUsageMode semantics can lead to hangs!
h200-bar-196-199:3141487:3141487 [0] NCCL INFO Comm config graphUsageMode is set to 0 but the user is capturing graphs on the stream. Violating graphUsageMode semantics can lead to hangs!
h200-bar-197-045:3632205:3632205 [1] NCCL INFO Comm config graphUsageMode is set to 0 but the user is capturing graphs on the stream. Violating graphUsageMode semantics can lead to hangs!
h200-bar-196-199:3141505:3141505 [1] NCCL INFO Comm config graphUsageMode is set to 0 but the user is capturing graphs on the stream. Violating graphUsageMode semantics can lead to hangs!
h200-bar-197-045:3632258:3632258 [2] NCCL INFO Comm config graphUsageMode is set to 0 but the user is capturing graphs on the stream. Violating graphUsageMode semantics can lead to hangs!
h200-bar-197-045:3632215:3632215 [3] NCCL INFO Comm config graphUsageMode is set to 0 but the user is capturing graphs on the stream. Violating graphUsageMode semantics can lead to hangs!
h200-bar-197-045:3632215:3632215 [3] NCCL INFO Comm config graphUsageMode is set to 0 but the user is capturing graphs on the stream. Violating graphUsageMode semantics can lead to hangs!
h200-bar-196-199:3141531:3141531 [2] NCCL INFO Comm config graphUsageMode is set to 0 but the user is capturing graphs on the stream. Violating graphUsageMode semantics can lead to hangs!
h200-bar-197-045:3632257:3632257 [4] NCCL INFO Comm config graphUsageMode is set to 0 but the user is capturing graphs on the stream. Violating graphUsageMode semantics can lead to hangs!
h200-bar-197-045:3632257:3632257 [4] NCCL INFO Comm config graphUsageMode is set to 0 but the user is capturing graphs on the stream. Violating graphUsageMode semantics can lead to hangs!
h200-bar-196-199:3141502:3141502 [3] NCCL INFO Comm config graphUsageMode is set to 0 but the user is capturing graphs on the stream. Violating graphUsageMode semantics can lead to hangs!
h200-bar-197-045:3632207:3632207 [5] NCCL INFO Comm config graphUsageMode is set to 0 but the user is capturing graphs on the stream. Violating graphUsageMode semantics can lead to hangs!
h200-bar-197-045:3632207:3632207 [5] NCCL INFO Comm config graphUsageMode is set to 0 but the user is capturing graphs on the stream. Violating graphUsageMode semantics can lead to hangs!
h200-bar-196-199:3141479:3141479 [4] NCCL INFO Comm config graphUsageMode is set to 0 but the user is capturing graphs on the stream. Violating graphUsageMode semantics can lead to hangs!
h200-bar-196-199:3141479:3141479 [4] NCCL INFO Comm config graphUsageMode is set to 0 but the user is capturing graphs on the stream. Violating graphUsageMode semantics can lead to hangs!
h200-bar-197-045:3632259:3632259 [6] NCCL INFO Comm config graphUsageMode is set to 0 but the user is capturing graphs on the stream. Violating graphUsageMode semantics can lead to hangs!
h200-bar-197-045:3632259:3632259 [6] NCCL INFO Comm config graphUsageMode is set to 0 but the user is capturing graphs on the stream. Violating graphUsageMode semantics can lead to hangs!
h200-bar-196-199:3141523:3141523 [5] NCCL INFO Comm config graphUsageMode is set to 0 but the user is capturing graphs on the stream. Violating graphUsageMode semantics can lead to hangs!
h200-bar-196-199:3141523:3141523 [5] NCCL INFO Comm config graphUsageMode is set to 0 but the user is capturing graphs on the stream. Violating graphUsageMode semantics can lead to hangs!
h200-bar-197-045:3632259:3632259 [6] NCCL INFO Comm config graphUsageMode is set to 0 but the user is capturing graphs on the stream. Violating graphUsageMode semantics can lead to hangs!
h200-bar-196-199:3141522:3141522 [6] NCCL INFO Comm config graphUsageMode is set to 0 but the user is capturing graphs on the stream. Violating graphUsageMode semantics can lead to hangs!
h200-bar-196-199:3141522:3141522 [6] NCCL INFO Comm config graphUsageMode is set to 0 but the user is capturing graphs on the stream. Violating graphUsageMode semantics can lead to hangs!
h200-bar-197-045:3632226:3632226 [7] NCCL INFO Comm config graphUsageMode is set to 0 but the user is capturing graphs on the stream. Violating graphUsageMode semantics can lead to hangs!
h200-bar-197-045:3632226:3632226 [7] NCCL INFO Comm config graphUsageMode is set to 0 but the user is capturing graphs on the stream. Violating graphUsageMode semantics can lead to hangs!
h200-bar-196-199:3141541:3141541 [7] NCCL INFO Comm config graphUsageMode is set to 0 but the user is capturing graphs on the stream. Violating graphUsageMode semantics can lead to hangs!
h200-bar-196-199:3141541:3141541 [7] NCCL INFO Comm config graphUsageMode is set to 0 but the user is capturing graphs on the stream. Violating graphUsageMode semantics can lead to hangs!
h200-bar-197-045:3632226:3632226 [7] NCCL INFO Comm config graphUsageMode is set to 0 but the user is capturing graphs on the stream. Violating graphUsageMode semantics can lead to hangs!
h200-bar-196-199:3141541:3141541 [7] NCCL INFO Comm config graphUsageMode is set to 0 but the user is capturing graphs on the stream. Violating graphUsageMode semantics can lead to hangs!
h200-bar-197-045:3632256:3632256 [0] NCCL INFO Comm config graphUsageMode is set to 0 but the user is capturing graphs on the stream. Violating graphUsageMode semantics can lead to hangs!
h200-bar-197-045:3632256:3632256 [0] NCCL INFO Comm config graphUsageMode is set to 0 but the user is capturing graphs on the stream. Violating graphUsageMode semantics can lead to hangs!
h200-bar-196-199:3141487:3141487 [0] NCCL INFO Comm config graphUsageMode is set to 0 but the user is capturing graphs on the stream. Violating graphUsageMode semantics can lead to hangs!
h200-bar-196-199:3141487:3141487 [0] NCCL INFO Comm config graphUsageMode is set to 0 but the user is capturing graphs on the stream. Violating graphUsageMode semantics can lead to hangs!
h200-bar-197-045:3632205:3632205 [1] NCCL INFO Comm config graphUsageMode is set to 0 but the user is capturing graphs on the stream. Violating graphUsageMode semantics can lead to hangs!
h200-bar-197-045:3632205:3632205 [1] NCCL INFO Comm config graphUsageMode is set to 0 but the user is capturing graphs on the stream. Violating graphUsageMode semantics can lead to hangs!
h200-bar-196-199:3141505:3141505 [1] NCCL INFO Comm config graphUsageMode is set to 0 but the user is capturing graphs on the stream. Violating graphUsageMode semantics can lead to hangs!
h200-bar-196-199:3141505:3141505 [1] NCCL INFO Comm config graphUsageMode is set to 0 but the user is capturing graphs on the stream. Violating graphUsageMode semantics can lead to hangs!
h200-bar-197-045:3632258:3632258 [2] NCCL INFO Comm config graphUsageMode is set to 0 but the user is capturing graphs on the stream. Violating graphUsageMode semantics can lead to hangs!
h200-bar-197-045:3632258:3632258 [2] NCCL INFO Comm config graphUsageMode is set to 0 but the user is capturing graphs on the stream. Violating graphUsageMode semantics can lead to hangs!
h200-bar-196-199:3141531:3141531 [2] NCCL INFO Comm config graphUsageMode is set to 0 but the user is capturing graphs on the stream. Violating graphUsageMode semantics can lead to hangs!
h200-bar-196-199:3141531:3141531 [2] NCCL INFO Comm config graphUsageMode is set to 0 but the user is capturing graphs on the stream. Violating graphUsageMode semantics can lead to hangs!
h200-bar-197-045:3632215:3632215 [3] NCCL INFO Comm config graphUsageMode is set to 0 but the user is capturing graphs on the stream. Violating graphUsageMode semantics can lead to hangs!
h200-bar-196-199:3141502:3141502 [3] NCCL INFO Comm config graphUsageMode is set to 0 but the user is capturing graphs on the stream. Violating graphUsageMode semantics can lead to hangs!
h200-bar-196-199:3141502:3141502 [3] NCCL INFO Comm config graphUsageMode is set to 0 but the user is capturing graphs on the stream. Violating graphUsageMode semantics can lead to hangs!
h200-bar-197-045:3632257:3632257 [4] NCCL INFO Comm config graphUsageMode is set to 0 but the user is capturing graphs on the stream. Violating graphUsageMode semantics can lead to hangs!
h200-bar-196-199:3141479:3141479 [4] NCCL INFO Comm config graphUsageMode is set to 0 but the user is capturing graphs on the stream. Violating graphUsageMode semantics can lead to hangs!
h200-bar-197-045:3632207:3632207 [5] NCCL INFO Comm config graphUsageMode is set to 0 but the user is capturing graphs on the stream. Violating graphUsageMode semantics can lead to hangs!
h200-bar-196-199:3141523:3141523 [5] NCCL INFO Comm config graphUsageMode is set to 0 but the user is capturing graphs on the stream. Violating graphUsageMode semantics can lead to hangs!
h200-bar-196-199:3141522:3141522 [6] NCCL INFO Comm config graphUsageMode is set to 0 but the user is capturing graphs on the stream. Violating graphUsageMode semantics can lead to hangs!
   240.10  139.75  262.04    N/A
h200-bar-196-199:3141487:3141487 [0] NCCL INFO Comm config graphUsageMode is set to 0 but the user is capturing graphs on the stream. Violating graphUsageMode semantics can lead to hangs!
h200-bar-197-045:3632256:3632256 [0] NCCL INFO Comm config graphUsageMode is set to 0 but the user is capturing graphs on the stream. Violating graphUsageMode semantics can lead to hangs!
h200-bar-196-199:3141505:3141505 [1] NCCL INFO Comm config graphUsageMode is set to 0 but the user is capturing graphs on the stream. Violating graphUsageMode semantics can lead to hangs!
h200-bar-197-045:3632205:3632205 [1] NCCL INFO Comm config graphUsageMode is set to 0 but the user is capturing graphs on the stream. Violating graphUsageMode semantics can lead to hangs!
h200-bar-196-199:3141531:3141531 [2] NCCL INFO Comm config graphUsageMode is set to 0 but the user is capturing graphs on the stream. Violating graphUsageMode semantics can lead to hangs!
h200-bar-197-045:3632258:3632258 [2] NCCL INFO Comm config graphUsageMode is set to 0 but the user is capturing graphs on the stream. Violating graphUsageMode semantics can lead to hangs!
h200-bar-196-199:3141502:3141502 [3] NCCL INFO Comm config graphUsageMode is set to 0 but the user is capturing graphs on the stream. Violating graphUsageMode semantics can lead to hangs!
h200-bar-197-045:3632215:3632215 [3] NCCL INFO Comm config graphUsageMode is set to 0 but the user is capturing graphs on the stream. Violating graphUsageMode semantics can lead to hangs!
h200-bar-196-199:3141479:3141479 [4] NCCL INFO Comm config graphUsageMode is set to 0 but the user is capturing graphs on the stream. Violating graphUsageMode semantics can lead to hangs!
h200-bar-196-199:3141479:3141479 [4] NCCL INFO Comm config graphUsageMode is set to 0 but the user is capturing graphs on the stream. Violating graphUsageMode semantics can lead to hangs!
h200-bar-197-045:3632257:3632257 [4] NCCL INFO Comm config graphUsageMode is set to 0 but the user is capturing graphs on the stream. Violating graphUsageMode semantics can lead to hangs!
h200-bar-197-045:3632257:3632257 [4] NCCL INFO Comm config graphUsageMode is set to 0 but the user is capturing graphs on the stream. Violating graphUsageMode semantics can lead to hangs!
h200-bar-196-199:3141523:3141523 [5] NCCL INFO Comm config graphUsageMode is set to 0 but the user is capturing graphs on the stream. Violating graphUsageMode semantics can lead to hangs!
h200-bar-196-199:3141523:3141523 [5] NCCL INFO Comm config graphUsageMode is set to 0 but the user is capturing graphs on the stream. Violating graphUsageMode semantics can lead to hangs!
h200-bar-197-045:3632207:3632207 [5] NCCL INFO Comm config graphUsageMode is set to 0 but the user is capturing graphs on the stream. Violating graphUsageMode semantics can lead to hangs!
h200-bar-197-045:3632207:3632207 [5] NCCL INFO Comm config graphUsageMode is set to 0 but the user is capturing graphs on the stream. Violating graphUsageMode semantics can lead to hangs!
h200-bar-196-199:3141522:3141522 [6] NCCL INFO Comm config graphUsageMode is set to 0 but the user is capturing graphs on the stream. Violating graphUsageMode semantics can lead to hangs!
h200-bar-196-199:3141522:3141522 [6] NCCL INFO Comm config graphUsageMode is set to 0 but the user is capturing graphs on the stream. Violating graphUsageMode semantics can lead to hangs!
h200-bar-197-045:3632259:3632259 [6] NCCL INFO Comm config graphUsageMode is set to 0 but the user is capturing graphs on the stream. Violating graphUsageMode semantics can lead to hangs!
h200-bar-197-045:3632259:3632259 [6] NCCL INFO Comm config graphUsageMode is set to 0 but the user is capturing graphs on the stream. Violating graphUsageMode semantics can lead to hangs!
h200-bar-196-199:3141541:3141541 [7] NCCL INFO Comm config graphUsageMode is set to 0 but the user is capturing graphs on the stream. Violating graphUsageMode semantics can lead to hangs!
h200-bar-196-199:3141541:3141541 [7] NCCL INFO Comm config graphUsageMode is set to 0 but the user is capturing graphs on the stream. Violating graphUsageMode semantics can lead to hangs!
h200-bar-197-045:3632226:3632226 [7] NCCL INFO Comm config graphUsageMode is set to 0 but the user is capturing graphs on the stream. Violating graphUsageMode semantics can lead to hangs!
h200-bar-197-045:3632226:3632226 [7] NCCL INFO Comm config graphUsageMode is set to 0 but the user is capturing graphs on the stream. Violating graphUsageMode semantics can lead to hangs!
h200-bar-196-199:3141487:3141487 [0] NCCL INFO Comm config graphUsageMode is set to 0 but the user is capturing graphs on the stream. Violating graphUsageMode semantics can lead to hangs!
h200-bar-197-045:3632226:3632226 [7] NCCL INFO Comm config graphUsageMode is set to 0 but the user is capturing graphs on the stream. Violating graphUsageMode semantics can lead to hangs!
h200-bar-196-199:3141505:3141505 [1] NCCL INFO Comm config graphUsageMode is set to 0 but the user is capturing graphs on the stream. Violating graphUsageMode semantics can lead to hangs!
h200-bar-196-199:3141505:3141505 [1] NCCL INFO Comm config graphUsageMode is set to 0 but the user is capturing graphs on the stream. Violating graphUsageMode semantics can lead to hangs!
h200-bar-197-045:3632256:3632256 [0] NCCL INFO Comm config graphUsageMode is set to 0 but the user is capturing graphs on the stream. Violating graphUsageMode semantics can lead to hangs!
h200-bar-197-045:3632256:3632256 [0] NCCL INFO Comm config graphUsageMode is set to 0 but the user is capturing graphs on the stream. Violating graphUsageMode semantics can lead to hangs!
h200-bar-196-199:3141531:3141531 [2] NCCL INFO Comm config graphUsageMode is set to 0 but the user is capturing graphs on the stream. Violating graphUsageMode semantics can lead to hangs!
h200-bar-196-199:3141531:3141531 [2] NCCL INFO Comm config graphUsageMode is set to 0 but the user is capturing graphs on the stream. Violating graphUsageMode semantics can lead to hangs!
h200-bar-197-045:3632205:3632205 [1] NCCL INFO Comm config graphUsageMode is set to 0 but the user is capturing graphs on the stream. Violating graphUsageMode semantics can lead to hangs!
h200-bar-197-045:3632205:3632205 [1] NCCL INFO Comm config graphUsageMode is set to 0 but the user is capturing graphs on the stream. Violating graphUsageMode semantics can lead to hangs!
h200-bar-196-199:3141502:3141502 [3] NCCL INFO Comm config graphUsageMode is set to 0 but the user is capturing graphs on the stream. Violating graphUsageMode semantics can lead to hangs!
h200-bar-196-199:3141502:3141502 [3] NCCL INFO Comm config graphUsageMode is set to 0 but the user is capturing graphs on the stream. Violating graphUsageMode semantics can lead to hangs!
h200-bar-197-045:3632258:3632258 [2] NCCL INFO Comm config graphUsageMode is set to 0 but the user is capturing graphs on the stream. Violating graphUsageMode semantics can lead to hangs!
h200-bar-197-045:3632258:3632258 [2] NCCL INFO Comm config graphUsageMode is set to 0 but the user is capturing graphs on the stream. Violating graphUsageMode semantics can lead to hangs!
h200-bar-196-199:3141487:3141487 [0] NCCL INFO Comm config graphUsageMode is set to 0 but the user is capturing graphs on the stream. Violating graphUsageMode semantics can lead to hangs!
h200-bar-197-045:3632215:3632215 [3] NCCL INFO Comm config graphUsageMode is set to 0 but the user is capturing graphs on the stream. Violating graphUsageMode semantics can lead to hangs!
h200-bar-197-045:3632215:3632215 [3] NCCL INFO Comm config graphUsageMode is set to 0 but the user is capturing graphs on the stream. Violating graphUsageMode semantics can lead to hangs!
h200-bar-196-199:3141479:3141479 [4] NCCL INFO Comm config graphUsageMode is set to 0 but the user is capturing graphs on the stream. Violating graphUsageMode semantics can lead to hangs!
h200-bar-197-045:3632257:3632257 [4] NCCL INFO Comm config graphUsageMode is set to 0 but the user is capturing graphs on the stream. Violating graphUsageMode semantics can lead to hangs!
h200-bar-196-199:3141523:3141523 [5] NCCL INFO Comm config graphUsageMode is set to 0 but the user is capturing graphs on the stream. Violating graphUsageMode semantics can lead to hangs!
h200-bar-197-045:3632207:3632207 [5] NCCL INFO Comm config graphUsageMode is set to 0 but the user is capturing graphs on the stream. Violating graphUsageMode semantics can lead to hangs!
h200-bar-196-199:3141522:3141522 [6] NCCL INFO Comm config graphUsageMode is set to 0 but the user is capturing graphs on the stream. Violating graphUsageMode semantics can lead to hangs!
h200-bar-197-045:3632259:3632259 [6] NCCL INFO Comm config graphUsageMode is set to 0 but the user is capturing graphs on the stream. Violating graphUsageMode semantics can lead to hangs!
h200-bar-196-199:3141541:3141541 [7] NCCL INFO Comm config graphUsageMode is set to 0 but the user is capturing graphs on the stream. Violating graphUsageMode semantics can lead to hangs!
h200-bar-197-045:3632256:3632256 [0] NCCL INFO Comm config graphUsageMode is set to 0 but the user is capturing graphs on the stream. Violating graphUsageMode semantics can lead to hangs!
h200-bar-197-045:3632205:3632205 [1] NCCL INFO Comm config graphUsageMode is set to 0 but the user is capturing graphs on the stream. Violating graphUsageMode semantics can lead to hangs!
h200-bar-196-199:3141487:3141487 [0] NCCL INFO Comm config graphUsageMode is set to 0 but the user is capturing graphs on the stream. Violating graphUsageMode semantics can lead to hangs!
h200-bar-197-045:3632258:3632258 [2] NCCL INFO Comm config graphUsageMode is set to 0 but the user is capturing graphs on the stream. Violating graphUsageMode semantics can lead to hangs!
h200-bar-196-199:3141505:3141505 [1] NCCL INFO Comm config graphUsageMode is set to 0 but the user is capturing graphs on the stream. Violating graphUsageMode semantics can lead to hangs!
h200-bar-196-199:3141505:3141505 [1] NCCL INFO Comm config graphUsageMode is set to 0 but the user is capturing graphs on the stream. Violating graphUsageMode semantics can lead to hangs!
h200-bar-197-045:3632215:3632215 [3] NCCL INFO Comm config graphUsageMode is set to 0 but the user is capturing graphs on the stream. Violating graphUsageMode semantics can lead to hangs!
h200-bar-197-045:3632257:3632257 [4] NCCL INFO Comm config graphUsageMode is set to 0 but the user is capturing graphs on the stream. Violating graphUsageMode semantics can lead to hangs!
h200-bar-197-045:3632257:3632257 [4] NCCL INFO Comm config graphUsageMode is set to 0 but the user is capturing graphs on the stream. Violating graphUsageMode semantics can lead to hangs!
h200-bar-197-045:3632207:3632207 [5] NCCL INFO Comm config graphUsageMode is set to 0 but the user is capturing graphs on the stream. Violating graphUsageMode semantics can lead to hangs!
h200-bar-197-045:3632207:3632207 [5] NCCL INFO Comm config graphUsageMode is set to 0 but the user is capturing graphs on the stream. Violating graphUsageMode semantics can lead to hangs!
h200-bar-196-199:3141531:3141531 [2] NCCL INFO Comm config graphUsageMode is set to 0 but the user is capturing graphs on the stream. Violating graphUsageMode semantics can lead to hangs!
h200-bar-196-199:3141531:3141531 [2] NCCL INFO Comm config graphUsageMode is set to 0 but the user is capturing graphs on the stream. Violating graphUsageMode semantics can lead to hangs!
h200-bar-197-045:3632259:3632259 [6] NCCL INFO Comm config graphUsageMode is set to 0 but the user is capturing graphs on the stream. Violating graphUsageMode semantics can lead to hangs!
h200-bar-197-045:3632259:3632259 [6] NCCL INFO Comm config graphUsageMode is set to 0 but the user is capturing graphs on the stream. Violating graphUsageMode semantics can lead to hangs!
h200-bar-196-199:3141502:3141502 [3] NCCL INFO Comm config graphUsageMode is set to 0 but the user is capturing graphs on the stream. Violating graphUsageMode semantics can lead to hangs!
h200-bar-196-199:3141502:3141502 [3] NCCL INFO Comm config graphUsageMode is set to 0 but the user is capturing graphs on the stream. Violating graphUsageMode semantics can lead to hangs!
h200-bar-197-045:3632226:3632226 [7] NCCL INFO Comm config graphUsageMode is set to 0 but the user is capturing graphs on the stream. Violating graphUsageMode semantics can lead to hangs!
h200-bar-197-045:3632226:3632226 [7] NCCL INFO Comm config graphUsageMode is set to 0 but the user is capturing graphs on the stream. Violating graphUsageMode semantics can lead to hangs!
h200-bar-196-199:3141479:3141479 [4] NCCL INFO Comm config graphUsageMode is set to 0 but the user is capturing graphs on the stream. Violating graphUsageMode semantics can lead to hangs!
h200-bar-196-199:3141479:3141479 [4] NCCL INFO Comm config graphUsageMode is set to 0 but the user is capturing graphs on the stream. Violating graphUsageMode semantics can lead to hangs!
h200-bar-197-045:3632256:3632256 [0] NCCL INFO Comm config graphUsageMode is set to 0 but the user is capturing graphs on the stream. Violating graphUsageMode semantics can lead to hangs!
h200-bar-197-045:3632256:3632256 [0] NCCL INFO Comm config graphUsageMode is set to 0 but the user is capturing graphs on the stream. Violating graphUsageMode semantics can lead to hangs!
h200-bar-196-199:3141523:3141523 [5] NCCL INFO Comm config graphUsageMode is set to 0 but the user is capturing graphs on the stream. Violating graphUsageMode semantics can lead to hangs!
h200-bar-196-199:3141523:3141523 [5] NCCL INFO Comm config graphUsageMode is set to 0 but the user is capturing graphs on the stream. Violating graphUsageMode semantics can lead to hangs!
h200-bar-197-045:3632205:3632205 [1] NCCL INFO Comm config graphUsageMode is set to 0 but the user is capturing graphs on the stream. Violating graphUsageMode semantics can lead to hangs!
h200-bar-197-045:3632205:3632205 [1] NCCL INFO Comm config graphUsageMode is set to 0 but the user is capturing graphs on the stream. Violating graphUsageMode semantics can lead to hangs!
h200-bar-196-199:3141523:3141523 [5] NCCL INFO Comm config graphUsageMode is set to 0 but the user is capturing graphs on the stream. Violating graphUsageMode semantics can lead to hangs!
h200-bar-197-045:3632258:3632258 [2] NCCL INFO Comm config graphUsageMode is set to 0 but the user is capturing graphs on the stream. Violating graphUsageMode semantics can lead to hangs!
h200-bar-197-045:3632258:3632258 [2] NCCL INFO Comm config graphUsageMode is set to 0 but the user is capturing graphs on the stream. Violating graphUsageMode semantics can lead to hangs!
h200-bar-196-199:3141522:3141522 [6] NCCL INFO Comm config graphUsageMode is set to 0 but the user is capturing graphs on the stream. Violating graphUsageMode semantics can lead to hangs!
h200-bar-196-199:3141522:3141522 [6] NCCL INFO Comm config graphUsageMode is set to 0 but the user is capturing graphs on the stream. Violating graphUsageMode semantics can lead to hangs!
h200-bar-197-045:3632215:3632215 [3] NCCL INFO Comm config graphUsageMode is set to 0 but the user is capturing graphs on the stream. Violating graphUsageMode semantics can lead to hangs!
h200-bar-197-045:3632215:3632215 [3] NCCL INFO Comm config graphUsageMode is set to 0 but the user is capturing graphs on the stream. Violating graphUsageMode semantics can lead to hangs!
h200-bar-196-199:3141522:3141522 [6] NCCL INFO Comm config graphUsageMode is set to 0 but the user is capturing graphs on the stream. Violating graphUsageMode semantics can lead to hangs!
h200-bar-197-045:3632257:3632257 [4] NCCL INFO Comm config graphUsageMode is set to 0 but the user is capturing graphs on the stream. Violating graphUsageMode semantics can lead to hangs!
h200-bar-196-199:3141541:3141541 [7] NCCL INFO Comm config graphUsageMode is set to 0 but the user is capturing graphs on the stream. Violating graphUsageMode semantics can lead to hangs!
h200-bar-196-199:3141541:3141541 [7] NCCL INFO Comm config graphUsageMode is set to 0 but the user is capturing graphs on the stream. Violating graphUsageMode semantics can lead to hangs!
h200-bar-197-045:3632207:3632207 [5] NCCL INFO Comm config graphUsageMode is set to 0 but the user is capturing graphs on the stream. Violating graphUsageMode semantics can lead to hangs!
h200-bar-196-199:3141541:3141541 [7] NCCL INFO Comm config graphUsageMode is set to 0 but the user is capturing graphs on the stream. Violating graphUsageMode semantics can lead to hangs!
h200-bar-197-045:3632259:3632259 [6] NCCL INFO Comm config graphUsageMode is set to 0 but the user is capturing graphs on the stream. Violating graphUsageMode semantics can lead to hangs!
h200-bar-196-199:3141487:3141487 [0] NCCL INFO Comm config graphUsageMode is set to 0 but the user is capturing graphs on the stream. Violating graphUsageMode semantics can lead to hangs!
h200-bar-196-199:3141487:3141487 [0] NCCL INFO Comm config graphUsageMode is set to 0 but the user is capturing graphs on the stream. Violating graphUsageMode semantics can lead to hangs!
h200-bar-197-045:3632226:3632226 [7] NCCL INFO Comm config graphUsageMode is set to 0 but the user is capturing graphs on the stream. Violating graphUsageMode semantics can lead to hangs!
h200-bar-196-199:3141505:3141505 [1] NCCL INFO Comm config graphUsageMode is set to 0 but the user is capturing graphs on the stream. Violating graphUsageMode semantics can lead to hangs!
h200-bar-196-199:3141531:3141531 [2] NCCL INFO Comm config graphUsageMode is set to 0 but the user is capturing graphs on the stream. Violating graphUsageMode semantics can lead to hangs!
h200-bar-196-199:3141502:3141502 [3] NCCL INFO Comm config graphUsageMode is set to 0 but the user is capturing graphs on the stream. Violating graphUsageMode semantics can lead to hangs!
h200-bar-196-199:3141479:3141479 [4] NCCL INFO Comm config graphUsageMode is set to 0 but the user is capturing graphs on the stream. Violating graphUsageMode semantics can lead to hangs!
   641.11  209.35  392.54    N/A
h200-bar-197-045:3632256:3632256 [0] NCCL INFO Comm config graphUsageMode is set to 0 but the user is capturing graphs on the stream. Violating graphUsageMode semantics can lead to hangs!
h200-bar-196-199:3141487:3141487 [0] NCCL INFO Comm config graphUsageMode is set to 0 but the user is capturing graphs on the stream. Violating graphUsageMode semantics can lead to hangs!
h200-bar-197-045:3632205:3632205 [1] NCCL INFO Comm config graphUsageMode is set to 0 but the user is capturing graphs on the stream. Violating graphUsageMode semantics can lead to hangs!
h200-bar-197-045:3632258:3632258 [2] NCCL INFO Comm config graphUsageMode is set to 0 but the user is capturing graphs on the stream. Violating graphUsageMode semantics can lead to hangs!
h200-bar-197-045:3632215:3632215 [3] NCCL INFO Comm config graphUsageMode is set to 0 but the user is capturing graphs on the stream. Violating graphUsageMode semantics can lead to hangs!
h200-bar-196-199:3141505:3141505 [1] NCCL INFO Comm config graphUsageMode is set to 0 but the user is capturing graphs on the stream. Violating graphUsageMode semantics can lead to hangs!
h200-bar-197-045:3632257:3632257 [4] NCCL INFO Comm config graphUsageMode is set to 0 but the user is capturing graphs on the stream. Violating graphUsageMode semantics can lead to hangs!
h200-bar-197-045:3632257:3632257 [4] NCCL INFO Comm config graphUsageMode is set to 0 but the user is capturing graphs on the stream. Violating graphUsageMode semantics can lead to hangs!
h200-bar-196-199:3141531:3141531 [2] NCCL INFO Comm config graphUsageMode is set to 0 but the user is capturing graphs on the stream. Violating graphUsageMode semantics can lead to hangs!
h200-bar-197-045:3632207:3632207 [5] NCCL INFO Comm config graphUsageMode is set to 0 but the user is capturing graphs on the stream. Violating graphUsageMode semantics can lead to hangs!
h200-bar-197-045:3632207:3632207 [5] NCCL INFO Comm config graphUsageMode is set to 0 but the user is capturing graphs on the stream. Violating graphUsageMode semantics can lead to hangs!
h200-bar-196-199:3141502:3141502 [3] NCCL INFO Comm config graphUsageMode is set to 0 but the user is capturing graphs on the stream. Violating graphUsageMode semantics can lead to hangs!
h200-bar-197-045:3632259:3632259 [6] NCCL INFO Comm config graphUsageMode is set to 0 but the user is capturing graphs on the stream. Violating graphUsageMode semantics can lead to hangs!
h200-bar-197-045:3632259:3632259 [6] NCCL INFO Comm config graphUsageMode is set to 0 but the user is capturing graphs on the stream. Violating graphUsageMode semantics can lead to hangs!
h200-bar-196-199:3141479:3141479 [4] NCCL INFO Comm config graphUsageMode is set to 0 but the user is capturing graphs on the stream. Violating graphUsageMode semantics can lead to hangs!
h200-bar-196-199:3141479:3141479 [4] NCCL INFO Comm config graphUsageMode is set to 0 but the user is capturing graphs on the stream. Violating graphUsageMode semantics can lead to hangs!
h200-bar-197-045:3632226:3632226 [7] NCCL INFO Comm config graphUsageMode is set to 0 but the user is capturing graphs on the stream. Violating graphUsageMode semantics can lead to hangs!
h200-bar-197-045:3632226:3632226 [7] NCCL INFO Comm config graphUsageMode is set to 0 but the user is capturing graphs on the stream. Violating graphUsageMode semantics can lead to hangs!
h200-bar-196-199:3141523:3141523 [5] NCCL INFO Comm config graphUsageMode is set to 0 but the user is capturing graphs on the stream. Violating graphUsageMode semantics can lead to hangs!
h200-bar-196-199:3141523:3141523 [5] NCCL INFO Comm config graphUsageMode is set to 0 but the user is capturing graphs on the stream. Violating graphUsageMode semantics can lead to hangs!
h200-bar-197-045:3632226:3632226 [7] NCCL INFO Comm config graphUsageMode is set to 0 but the user is capturing graphs on the stream. Violating graphUsageMode semantics can lead to hangs!
h200-bar-196-199:3141522:3141522 [6] NCCL INFO Comm config graphUsageMode is set to 0 but the user is capturing graphs on the stream. Violating graphUsageMode semantics can lead to hangs!
h200-bar-196-199:3141522:3141522 [6] NCCL INFO Comm config graphUsageMode is set to 0 but the user is capturing graphs on the stream. Violating graphUsageMode semantics can lead to hangs!
h200-bar-197-045:3632256:3632256 [0] NCCL INFO Comm config graphUsageMode is set to 0 but the user is capturing graphs on the stream. Violating graphUsageMode semantics can lead to hangs!
h200-bar-197-045:3632256:3632256 [0] NCCL INFO Comm config graphUsageMode is set to 0 but the user is capturing graphs on the stream. Violating graphUsageMode semantics can lead to hangs!
h200-bar-196-199:3141541:3141541 [7] NCCL INFO Comm config graphUsageMode is set to 0 but the user is capturing graphs on the stream. Violating graphUsageMode semantics can lead to hangs!
h200-bar-196-199:3141541:3141541 [7] NCCL INFO Comm config graphUsageMode is set to 0 but the user is capturing graphs on the stream. Violating graphUsageMode semantics can lead to hangs!
h200-bar-197-045:3632205:3632205 [1] NCCL INFO Comm config graphUsageMode is set to 0 but the user is capturing graphs on the stream. Violating graphUsageMode semantics can lead to hangs!
h200-bar-197-045:3632205:3632205 [1] NCCL INFO Comm config graphUsageMode is set to 0 but the user is capturing graphs on the stream. Violating graphUsageMode semantics can lead to hangs!
h200-bar-196-199:3141487:3141487 [0] NCCL INFO Comm config graphUsageMode is set to 0 but the user is capturing graphs on the stream. Violating graphUsageMode semantics can lead to hangs!
h200-bar-196-199:3141487:3141487 [0] NCCL INFO Comm config graphUsageMode is set to 0 but the user is capturing graphs on the stream. Violating graphUsageMode semantics can lead to hangs!
h200-bar-197-045:3632258:3632258 [2] NCCL INFO Comm config graphUsageMode is set to 0 but the user is capturing graphs on the stream. Violating graphUsageMode semantics can lead to hangs!
h200-bar-197-045:3632258:3632258 [2] NCCL INFO Comm config graphUsageMode is set to 0 but the user is capturing graphs on the stream. Violating graphUsageMode semantics can lead to hangs!
h200-bar-196-199:3141505:3141505 [1] NCCL INFO Comm config graphUsageMode is set to 0 but the user is capturing graphs on the stream. Violating graphUsageMode semantics can lead to hangs!
h200-bar-196-199:3141505:3141505 [1] NCCL INFO Comm config graphUsageMode is set to 0 but the user is capturing graphs on the stream. Violating graphUsageMode semantics can lead to hangs!
h200-bar-197-045:3632215:3632215 [3] NCCL INFO Comm config graphUsageMode is set to 0 but the user is capturing graphs on the stream. Violating graphUsageMode semantics can lead to hangs!
h200-bar-197-045:3632215:3632215 [3] NCCL INFO Comm config graphUsageMode is set to 0 but the user is capturing graphs on the stream. Violating graphUsageMode semantics can lead to hangs!
h200-bar-196-199:3141531:3141531 [2] NCCL INFO Comm config graphUsageMode is set to 0 but the user is capturing graphs on the stream. Violating graphUsageMode semantics can lead to hangs!
h200-bar-196-199:3141531:3141531 [2] NCCL INFO Comm config graphUsageMode is set to 0 but the user is capturing graphs on the stream. Violating graphUsageMode semantics can lead to hangs!
h200-bar-197-045:3632257:3632257 [4] NCCL INFO Comm config graphUsageMode is set to 0 but the user is capturing graphs on the stream. Violating graphUsageMode semantics can lead to hangs!
h200-bar-196-199:3141502:3141502 [3] NCCL INFO Comm config graphUsageMode is set to 0 but the user is capturing graphs on the stream. Violating graphUsageMode semantics can lead to hangs!
h200-bar-196-199:3141502:3141502 [3] NCCL INFO Comm config graphUsageMode is set to 0 but the user is capturing graphs on the stream. Violating graphUsageMode semantics can lead to hangs!
h200-bar-197-045:3632207:3632207 [5] NCCL INFO Comm config graphUsageMode is set to 0 but the user is capturing graphs on the stream. Violating graphUsageMode semantics can lead to hangs!
h200-bar-196-199:3141479:3141479 [4] NCCL INFO Comm config graphUsageMode is set to 0 but the user is capturing graphs on the stream. Violating graphUsageMode semantics can lead to hangs!
h200-bar-197-045:3632259:3632259 [6] NCCL INFO Comm config graphUsageMode is set to 0 but the user is capturing graphs on the stream. Violating graphUsageMode semantics can lead to hangs!
h200-bar-196-199:3141523:3141523 [5] NCCL INFO Comm config graphUsageMode is set to 0 but the user is capturing graphs on the stream. Violating graphUsageMode semantics can lead to hangs!
h200-bar-196-199:3141522:3141522 [6] NCCL INFO Comm config graphUsageMode is set to 0 but the user is capturing graphs on the stream. Violating graphUsageMode semantics can lead to hangs!
h200-bar-196-199:3141541:3141541 [7] NCCL INFO Comm config graphUsageMode is set to 0 but the user is capturing graphs on the stream. Violating graphUsageMode semantics can lead to hangs!
h200-bar-197-045:3632256:3632256 [0] NCCL INFO Comm config graphUsageMode is set to 0 but the user is capturing graphs on the stream. Violating graphUsageMode semantics can lead to hangs!
h200-bar-197-045:3632205:3632205 [1] NCCL INFO Comm config graphUsageMode is set to 0 but the user is capturing graphs on the stream. Violating graphUsageMode semantics can lead to hangs!
h200-bar-197-045:3632258:3632258 [2] NCCL INFO Comm config graphUsageMode is set to 0 but the user is capturing graphs on the stream. Violating graphUsageMode semantics can lead to hangs!
h200-bar-196-199:3141487:3141487 [0] NCCL INFO Comm config graphUsageMode is set to 0 but the user is capturing graphs on the stream. Violating graphUsageMode semantics can lead to hangs!
h200-bar-197-045:3632215:3632215 [3] NCCL INFO Comm config graphUsageMode is set to 0 but the user is capturing graphs on the stream. Violating graphUsageMode semantics can lead to hangs!
h200-bar-196-199:3141505:3141505 [1] NCCL INFO Comm config graphUsageMode is set to 0 but the user is capturing graphs on the stream. Violating graphUsageMode semantics can lead to hangs!
h200-bar-197-045:3632257:3632257 [4] NCCL INFO Comm config graphUsageMode is set to 0 but the user is capturing graphs on the stream. Violating graphUsageMode semantics can lead to hangs!
h200-bar-196-199:3141531:3141531 [2] NCCL INFO Comm config graphUsageMode is set to 0 but the user is capturing graphs on the stream. Violating graphUsageMode semantics can lead to hangs!
h200-bar-197-045:3632207:3632207 [5] NCCL INFO Comm config graphUsageMode is set to 0 but the user is capturing graphs on the stream. Violating graphUsageMode semantics can lead to hangs!
h200-bar-197-045:3632207:3632207 [5] NCCL INFO Comm config graphUsageMode is set to 0 but the user is capturing graphs on the stream. Violating graphUsageMode semantics can lead to hangs!
h200-bar-196-199:3141502:3141502 [3] NCCL INFO Comm config graphUsageMode is set to 0 but the user is capturing graphs on the stream. Violating graphUsageMode semantics can lead to hangs!
h200-bar-197-045:3632259:3632259 [6] NCCL INFO Comm config graphUsageMode is set to 0 but the user is capturing graphs on the stream. Violating graphUsageMode semantics can lead to hangs!
h200-bar-197-045:3632259:3632259 [6] NCCL INFO Comm config graphUsageMode is set to 0 but the user is capturing graphs on the stream. Violating graphUsageMode semantics can lead to hangs!
h200-bar-196-199:3141479:3141479 [4] NCCL INFO Comm config graphUsageMode is set to 0 but the user is capturing graphs on the stream. Violating graphUsageMode semantics can lead to hangs!
h200-bar-196-199:3141479:3141479 [4] NCCL INFO Comm config graphUsageMode is set to 0 but the user is capturing graphs on the stream. Violating graphUsageMode semantics can lead to hangs!
h200-bar-197-045:3632226:3632226 [7] NCCL INFO Comm config graphUsageMode is set to 0 but the user is capturing graphs on the stream. Violating graphUsageMode semantics can lead to hangs!
h200-bar-197-045:3632226:3632226 [7] NCCL INFO Comm config graphUsageMode is set to 0 but the user is capturing graphs on the stream. Violating graphUsageMode semantics can lead to hangs!
h200-bar-196-199:3141523:3141523 [5] NCCL INFO Comm config graphUsageMode is set to 0 but the user is capturing graphs on the stream. Violating graphUsageMode semantics can lead to hangs!
h200-bar-196-199:3141523:3141523 [5] NCCL INFO Comm config graphUsageMode is set to 0 but the user is capturing graphs on the stream. Violating graphUsageMode semantics can lead to hangs!
h200-bar-197-045:3632256:3632256 [0] NCCL INFO Comm config graphUsageMode is set to 0 but the user is capturing graphs on the stream. Violating graphUsageMode semantics can lead to hangs!
h200-bar-197-045:3632256:3632256 [0] NCCL INFO Comm config graphUsageMode is set to 0 but the user is capturing graphs on the stream. Violating graphUsageMode semantics can lead to hangs!
h200-bar-196-199:3141522:3141522 [6] NCCL INFO Comm config graphUsageMode is set to 0 but the user is capturing graphs on the stream. Violating graphUsageMode semantics can lead to hangs!
h200-bar-196-199:3141522:3141522 [6] NCCL INFO Comm config graphUsageMode is set to 0 but the user is capturing graphs on the stream. Violating graphUsageMode semantics can lead to hangs!
h200-bar-197-045:3632205:3632205 [1] NCCL INFO Comm config graphUsageMode is set to 0 but the user is capturing graphs on the stream. Violating graphUsageMode semantics can lead to hangs!
h200-bar-197-045:3632205:3632205 [1] NCCL INFO Comm config graphUsageMode is set to 0 but the user is capturing graphs on the stream. Violating graphUsageMode semantics can lead to hangs!
h200-bar-196-199:3141541:3141541 [7] NCCL INFO Comm config graphUsageMode is set to 0 but the user is capturing graphs on the stream. Violating graphUsageMode semantics can lead to hangs!
h200-bar-196-199:3141541:3141541 [7] NCCL INFO Comm config graphUsageMode is set to 0 but the user is capturing graphs on the stream. Violating graphUsageMode semantics can lead to hangs!
h200-bar-197-045:3632258:3632258 [2] NCCL INFO Comm config graphUsageMode is set to 0 but the user is capturing graphs on the stream. Violating graphUsageMode semantics can lead to hangs!
h200-bar-197-045:3632258:3632258 [2] NCCL INFO Comm config graphUsageMode is set to 0 but the user is capturing graphs on the stream. Violating graphUsageMode semantics can lead to hangs!
h200-bar-196-199:3141541:3141541 [7] NCCL INFO Comm config graphUsageMode is set to 0 but the user is capturing graphs on the stream. Violating graphUsageMode semantics can lead to hangs!
h200-bar-197-045:3632215:3632215 [3] NCCL INFO Comm config graphUsageMode is set to 0 but the user is capturing graphs on the stream. Violating graphUsageMode semantics can lead to hangs!
h200-bar-197-045:3632215:3632215 [3] NCCL INFO Comm config graphUsageMode is set to 0 but the user is capturing graphs on the stream. Violating graphUsageMode semantics can lead to hangs!
h200-bar-196-199:3141487:3141487 [0] NCCL INFO Comm config graphUsageMode is set to 0 but the user is capturing graphs on the stream. Violating graphUsageMode semantics can lead to hangs!
h200-bar-196-199:3141487:3141487 [0] NCCL INFO Comm config graphUsageMode is set to 0 but the user is capturing graphs on the stream. Violating graphUsageMode semantics can lead to hangs!
h200-bar-197-045:3632257:3632257 [4] NCCL INFO Comm config graphUsageMode is set to 0 but the user is capturing graphs on the stream. Violating graphUsageMode semantics can lead to hangs!
h200-bar-197-045:3632257:3632257 [4] NCCL INFO Comm config graphUsageMode is set to 0 but the user is capturing graphs on the stream. Violating graphUsageMode semantics can lead to hangs!
h200-bar-196-199:3141505:3141505 [1] NCCL INFO Comm config graphUsageMode is set to 0 but the user is capturing graphs on the stream. Violating graphUsageMode semantics can lead to hangs!
h200-bar-196-199:3141505:3141505 [1] NCCL INFO Comm config graphUsageMode is set to 0 but the user is capturing graphs on the stream. Violating graphUsageMode semantics can lead to hangs!
h200-bar-197-045:3632207:3632207 [5] NCCL INFO Comm config graphUsageMode is set to 0 but the user is capturing graphs on the stream. Violating graphUsageMode semantics can lead to hangs!
h200-bar-196-199:3141531:3141531 [2] NCCL INFO Comm config graphUsageMode is set to 0 but the user is capturing graphs on the stream. Violating graphUsageMode semantics can lead to hangs!
h200-bar-196-199:3141531:3141531 [2] NCCL INFO Comm config graphUsageMode is set to 0 but the user is capturing graphs on the stream. Violating graphUsageMode semantics can lead to hangs!
h200-bar-197-045:3632259:3632259 [6] NCCL INFO Comm config graphUsageMode is set to 0 but the user is capturing graphs on the stream. Violating graphUsageMode semantics can lead to hangs!
h200-bar-196-199:3141502:3141502 [3] NCCL INFO Comm config graphUsageMode is set to 0 but the user is capturing graphs on the stream. Violating graphUsageMode semantics can lead to hangs!
h200-bar-196-199:3141502:3141502 [3] NCCL INFO Comm config graphUsageMode is set to 0 but the user is capturing graphs on the stream. Violating graphUsageMode semantics can lead to hangs!
h200-bar-197-045:3632226:3632226 [7] NCCL INFO Comm config graphUsageMode is set to 0 but the user is capturing graphs on the stream. Violating graphUsageMode semantics can lead to hangs!
h200-bar-196-199:3141479:3141479 [4] NCCL INFO Comm config graphUsageMode is set to 0 but the user is capturing graphs on the stream. Violating graphUsageMode semantics can lead to hangs!
h200-bar-196-199:3141523:3141523 [5] NCCL INFO Comm config graphUsageMode is set to 0 but the user is capturing graphs on the stream. Violating graphUsageMode semantics can lead to hangs!
h200-bar-196-199:3141522:3141522 [6] NCCL INFO Comm config graphUsageMode is set to 0 but the user is capturing graphs on the stream. Violating graphUsageMode semantics can lead to hangs!
  2209.67  242.96  455.56    N/A
# Out of bounds values : 0 OK
# Avg bus bandwidth    : 106.957 
#
# Collective test concluded: all_reduce_perf
#

